encycolorpedia||New Bridge|#006C7F|1|
encycolorpedia||Absolute Zero|#0048BA|1|
encycolorpedia||Acajou|#4C2F27|1|
encycolorpedia||Acid green|#B0BF1A|1|
encycolorpedia||Aero|#7CB9E8|1|
encycolorpedia||Aero blue|#C9FFE5|1|
encycolorpedia||African violet|#B284BE|1|
encycolorpedia||Air Force blue|#5D8AA8|1|
encycolorpedia||Air Force blue|#00308F|1|
encycolorpedia||Air superiority blue|#72A0C1|1|
encycolorpedia||Alabama crimson|#AF002A|1|
encycolorpedia||Alabaster|#F2F0E6|1|
encycolorpedia||Alice blue|#F0F8FF|1|
encycolorpedia||Alizarin crimson|#E32636|1|
encycolorpedia||Alloy orange|#C46210|1|
encycolorpedia||Almond|#EFDECD|1|
encycolorpedia||Aloeswood brown|#5A6457|1|
encycolorpedia||Aloewood-color|#6A432D|1|
encycolorpedia||Aluminum|#D6D6D6|1|
encycolorpedia||Aluminum foil|#D2D9DB|1|
encycolorpedia||Amaranth|#E52B50|1|
encycolorpedia||Amaranth deep purple|#9F2B68|1|
encycolorpedia||Amaranth pink|#F19CBB|1|
encycolorpedia||Amaranth purple|#AB274F|1|
encycolorpedia||Amaranth red|#D3212D|1|
encycolorpedia||Amazon|#3B7A57|1|
encycolorpedia||Amber|#FFBF00|1|
encycolorpedia||Amber|#CA6924|1|
encycolorpedia||Amber|#FF7E00|1|
encycolorpedia||American blue|#3B3B6D|1|
encycolorpedia||American bronze|#391802|1|
encycolorpedia||American brown|#804040|1|
encycolorpedia||American gold|#D3AF37|1|
encycolorpedia||American green|#34B334|1|
encycolorpedia||American orange|#FF8B00|1|
encycolorpedia||American pink|#FF9899|1|
encycolorpedia||American purple|#431C53|1|
encycolorpedia||American red|#B32134|1|
encycolorpedia||American rose|#FF033E|1|
encycolorpedia||American silver|#CFCFCF|1|
encycolorpedia||American violet|#551B8C|1|
encycolorpedia||American yellow|#F2B400|1|
encycolorpedia||Amethyst|#9966CC|1|
encycolorpedia||Amur cork tree|#F3C13A|1|
encycolorpedia||Anti-flash white|#F2F3F4|1|
encycolorpedia||Antique brass|#CD9575|1|
encycolorpedia||Antique bronze|#665D1E|1|
encycolorpedia||Antique fuchsia|#915C83|1|
encycolorpedia||Antique ruby|#841B2D|1|
encycolorpedia||Antique white|#FAEBD7|1|
encycolorpedia||Ao|#008000|1|
encycolorpedia||Apple|#66B447|1|
encycolorpedia||Apple green|#8DB600|1|
encycolorpedia||Apricot|#FBCEB1|1|
encycolorpedia||Aqua|#00FFFF|1|
encycolorpedia||Aqua Blue|#86ABA5|1|
encycolorpedia||Aquamarine|#7FFFD4|1|
encycolorpedia||Arctic lime|#D0FF14|1|
encycolorpedia||Argent|#C0C0C0|1|
encycolorpedia||Army green|#4B5320|1|
encycolorpedia||Artichoke|#8F9779|1|
encycolorpedia||Arylide yellow|#E9D66B|1|
encycolorpedia||Asda Green|#7DC242|1|
encycolorpedia||Asda Green|#00DEA4|1|
encycolorpedia||Asda Green|#80C197|1|
encycolorpedia||Asda Green|#66C992|1|
encycolorpedia||Asda Green|#32AD61|1|
encycolorpedia||Asda Orange|#C86500|1|
encycolorpedia||Asda Orange|#CA7309|1|
encycolorpedia||Ash gray|#B2BEB5|1|
encycolorpedia||Asparagus|#87A96B|1|
encycolorpedia||Ateneo blue|#003A6C|1|
encycolorpedia||Atomic tangerine|#FF9966|1|
encycolorpedia||Auburn|#A52A2A|1|
encycolorpedia||Aureolin|#FDEE00|1|
encycolorpedia||AuroMetalSaurus|#6E7F80|1|
encycolorpedia||Avocado|#568203|1|
encycolorpedia||Awesome|#FF2052|1|
encycolorpedia||Axolotl|#63775B|1|
encycolorpedia||Azure|#007FFF|1|
encycolorpedia||Azure mist|#F0FFFF|1|
encycolorpedia||Azureish white|#DBE9F4|1|
encycolorpedia||Bdazzled blue|#2E5894|1|
encycolorpedia||Baby blue|#89CFF0|1|
encycolorpedia||Baby blue eyes|#A1CAF1|1|
encycolorpedia||Baby pink|#F4C2C2|1|
encycolorpedia||Baby powder|#FEFEFA|1|
encycolorpedia||Baiko brown|#857C55|1|
encycolorpedia||Baker-Miller pink|#FF91AF|1|
encycolorpedia||Ball blue|#21ABCD|1|
encycolorpedia||Banana Mania|#FAE7B5|1|
encycolorpedia||Banana yellow|#FFE135|1|
encycolorpedia||Bangladesh green|#006A4E|1|
encycolorpedia||Barbie Pink|#E94196|1|
encycolorpedia||Barbie Pink|#E85395|1|
encycolorpedia||Barbie Pink|#D3419D|1|
encycolorpedia||Barbie Pink|#F364A2|1|
encycolorpedia||Barbie Pink|#F7238A|1|
encycolorpedia||Barbie Pink|#FF3988|1|
encycolorpedia||Barbie Pink|#FC419A|1|
encycolorpedia||Barbie Pink|#E0218A|1|
encycolorpedia||Barn red|#7C0A02|1|
encycolorpedia||Battery charged blue|#1DACD6|1|
encycolorpedia||Battleship grey|#848482|1|
encycolorpedia||Bayside|#5FC9BF|1|
encycolorpedia||Bazaar|#98777B|1|
encycolorpedia||Beau blue|#BCD4E6|1|
encycolorpedia||Beaver|#9F8170|1|
encycolorpedia||Beer|#F28E1C|1|
encycolorpedia||Begonia|#FA6E79|1|
encycolorpedia||Beige|#F5F5DC|1|
encycolorpedia||Bellflower|#5D3F6A|1|
encycolorpedia||Betel nut dye|#352925|1|
encycolorpedia||Big dip oruby|#9C2542|1|
encycolorpedia||Big Foot Feet|#E88E5A|1|
encycolorpedia||Birch brown|#B14A30|1|
encycolorpedia||Bisque|#FFE4C4|1|
encycolorpedia||Bistre|#3D2B1F|1|
encycolorpedia||Bistre brown|#967117|1|
encycolorpedia||Bitter lemon|#CAE00D|1|
encycolorpedia||Bitter lime|#BFFF00|1|
encycolorpedia||Bittersweet|#FE6F5E|1|
encycolorpedia||Bittersweet shimmer|#BF4F51|1|
encycolorpedia||Black|#000000|1|
encycolorpedia||Black|#171412|1|
encycolorpedia||Black bean|#3D0C02|1|
encycolorpedia||Black chestnut oak|#252321|1|
encycolorpedia||Black chocolate|#1B1811|1|
encycolorpedia||Black coffee|#3B2F2F|1|
encycolorpedia||Black coral|#54626F|1|
encycolorpedia||Black kite|#351E1C|1|
encycolorpedia||Black leather jacket|#253529|1|
encycolorpedia||Black olive|#3B3C36|1|
encycolorpedia||Black Shadows|#BFAFB2|1|
encycolorpedia||Blanched almond|#FFEBCD|1|
encycolorpedia||Blast-off bronze|#A57164|1|
encycolorpedia||Bleu de France|#318CE7|1|
encycolorpedia||Blizzard blue|#ACE5EE|1|
encycolorpedia||Blond|#FAF0BE|1|
encycolorpedia||Blood|#8A0303|1|
encycolorpedia||Blood|#A41313|1|
encycolorpedia||Blood|#630F0F|1|
encycolorpedia||Blood orange|#D1001C|1|
encycolorpedia||Blood red|#660000|1|
encycolorpedia||Blood red|#F35336|1|
encycolorpedia||Blue|#0000FF|1|
encycolorpedia||Blue|#1F75FE|1|
encycolorpedia||Blue|#0093AF|1|
encycolorpedia||Blue|#0087BD|1|
encycolorpedia||Blue|#0018A8|1|
encycolorpedia||Blue|#333399|1|
encycolorpedia||Blue|#0247FE|1|
encycolorpedia||Blue bell|#A2A2D0|1|
encycolorpedia||Blue Black Crayfish|#52593B|1|
encycolorpedia||Blue bolt|#00B9FB|1|
encycolorpedia||Blue cola|#0088DC|1|
encycolorpedia||Blue jeans|#5DADEC|1|
encycolorpedia||Blue lagoon|#4CB7A5|1|
encycolorpedia||Blue raspberry|#0CBFE9|1|
encycolorpedia||Blue sapphire|#126180|1|
encycolorpedia||Blue violet|#2B2028|1|
encycolorpedia||Blue yonder|#5072A7|1|
encycolorpedia||Blue-gray|#6699CC|1|
encycolorpedia||Blue-green|#0D98BA|1|
encycolorpedia||Blue-green|#064E40|1|
encycolorpedia||Blue-green|#3A6960|1|
encycolorpedia||Blue-magenta violet|#553592|1|
encycolorpedia||Blue-violet|#8A2BE2|1|
encycolorpedia||Blue-violet|#4D1A7F|1|
encycolorpedia||Blue-violet|#7366BD|1|
encycolorpedia||Blueberry|#4F86F7|1|
encycolorpedia||Bluebonnet|#1C1CF0|1|
encycolorpedia||Blush|#DE5D83|1|
encycolorpedia||Boiled red bean brown|#542D24|1|
encycolorpedia||Bole|#79443B|1|
encycolorpedia||Bondi blue|#0095B6|1|
encycolorpedia||Bone|#E3DAC9|1|
encycolorpedia||Bored accent green|#DDE26A|1|
encycolorpedia||Boy red|#0E9CA5|1|
encycolorpedia||Boysenberry|#873260|1|
encycolorpedia||Brandeis blue|#0070FF|1|
encycolorpedia||Brandy|#87413F|1|
encycolorpedia||Brass|#B5A642|1|
encycolorpedia||Brave orange|#FF631C|1|
encycolorpedia||Brewed mustard-brown|#E68364|1|
encycolorpedia||Brick red|#CB4154|1|
encycolorpedia||Bright gray|#EBECF0|1|
encycolorpedia||Bright green|#66FF00|1|
encycolorpedia||Bright lavender|#BF94E4|1|
encycolorpedia||Bright lilac|#D891EF|1|
encycolorpedia||Bright maroon|#C32148|1|
encycolorpedia||Bright navy blue|#1974D2|1|
encycolorpedia||Bright pink|#FF007F|1|
encycolorpedia||Bright turquoise|#08E8DE|1|
encycolorpedia||Bright ube|#D19FE8|1|
encycolorpedia||Bright yellow|#FFAA1D|1|
encycolorpedia||Brilliant azure|#3399FF|1|
encycolorpedia||Brilliant lavender|#F4BBFF|1|
encycolorpedia||Brilliant rose|#FF55A3|1|
encycolorpedia||Brink pink|#FB607F|1|
encycolorpedia||British racing green|#004225|1|
encycolorpedia||Bronze|#CD7F32|1|
encycolorpedia||Bronze|#88540B|1|
encycolorpedia||Bronze|#B08D57|1|
encycolorpedia||Bronze yellow|#737000|1|
encycolorpedia||Brown|#993300|1|
encycolorpedia||Brown|#AF593E|1|
encycolorpedia||Brown|#964B00|1|
encycolorpedia||Brown Chocolate|#5F1933|1|
encycolorpedia||Brown Coffee|#4A2C2A|1|
encycolorpedia||Brown rat grey|#4B3C39|1|
encycolorpedia||Brown sugar|#AF6E4D|1|
encycolorpedia||Brown Yellow|#CC9966|1|
encycolorpedia||Brown-nose|#6B4423|1|
encycolorpedia||Brunswick green|#1B4D3E|1|
encycolorpedia||Brushwood-dyed|#8C5939|1|
encycolorpedia||Bubble gum|#FFC1CC|1|
encycolorpedia||Bubbles|#E7FEFF|1|
encycolorpedia||Bud green|#7BB661|1|
encycolorpedia||Buff|#F0DC82|1|
encycolorpedia||Bulgarian rose|#480607|1|
encycolorpedia||Burgundy|#800020|1|
encycolorpedia||Burlywood|#DEB887|1|
encycolorpedia||Burnished brown|#A17A74|1|
encycolorpedia||Burnt orange|#CC5500|1|
encycolorpedia||Burnt sienna|#E97451|1|
encycolorpedia||Burnt umber|#8A3324|1|
encycolorpedia||Button blue|#24A0ED|1|
encycolorpedia||Byzantine|#BD33A4|1|
encycolorpedia||Byzantium|#702963|1|
encycolorpedia||Cadet|#536872|1|
encycolorpedia||Cadet blue|#5F9EA0|1|
encycolorpedia||Cadet blue|#A9B2C3|1|
encycolorpedia||Cadet grey|#91A3B0|1|
encycolorpedia||Cadmium blue|#0A1195|1|
encycolorpedia||Cadmium green|#006B3C|1|
encycolorpedia||Cadmium orange|#ED872D|1|
encycolorpedia||Cadmium purple|#B60C26|1|
encycolorpedia||Cadmium red|#E30022|1|
encycolorpedia||Cadmium violet|#7F3E98|1|
encycolorpedia||Cadmium yellow|#FFF600|1|
encycolorpedia||Cafe au lait|#A67B5B|1|
encycolorpedia||Cafe noir|#4B3621|1|
encycolorpedia||Cal Poly Pomona green|#1E4D2B|1|
encycolorpedia||Calamansi|#FCFFA4|1|
encycolorpedia||Cambridge blue|#A3C1AD|1|
encycolorpedia||Camel|#C19A6B|1|
encycolorpedia||Cameo pink|#EFBBCC|1|
encycolorpedia||Camouflage green|#78866B|1|
encycolorpedia||Canary|#FFFF99|1|
encycolorpedia||Canary yellow|#FFEF00|1|
encycolorpedia||Candy apple red|#FF0800|1|
encycolorpedia||Candy pink|#E4717A|1|
encycolorpedia||Cape jasmine or gardenia|#FFB95A|1|
encycolorpedia||Capri|#00BFFF|1|
encycolorpedia||Caput mortuum|#592720|1|
encycolorpedia||Caramel|#FFD59A|1|
encycolorpedia||Cardinal|#C41E3A|1|
encycolorpedia||Caribbean blue|#1AC1DD|1|
encycolorpedia||Caribbean green|#00CC99|1|
encycolorpedia||Carmine|#960018|1|
encycolorpedia||Carmine|#D70040|1|
encycolorpedia||Carmine pink|#EB4C42|1|
encycolorpedia||Carmine red|#FF0038|1|
encycolorpedia||Carnation pink|#FFA6C9|1|
encycolorpedia||Carnelian|#B31B1B|1|
encycolorpedia||Carolina blue|#56A0D3|1|
encycolorpedia||Carrot orange|#ED9121|1|
encycolorpedia||Castleton green|#00563F|1|
encycolorpedia||Catalina blue|#062A78|1|
encycolorpedia||Catawba|#703642|1|
encycolorpedia||Cattail|#B64925|1|
encycolorpedia||Cedar Chest|#C95A49|1|
encycolorpedia||Ceil|#92A1CF|1|
encycolorpedia||Celadon|#ACE1AF|1|
encycolorpedia||Celadon blue|#007BA7|1|
encycolorpedia||Celadon|#819C8B|1|
encycolorpedia||Celadon green|#2F847C|1|
encycolorpedia||Celeste|#B2FFFF|1|
encycolorpedia||Celestial blue|#4997D0|1|
encycolorpedia||Celtic blue|#246BCE|1|
encycolorpedia||Cerise|#DE3163|1|
encycolorpedia||Cerise pink|#EC3B83|1|
encycolorpedia||Cerulean blue|#2A52BE|1|
encycolorpedia||Cerulean frost|#6D9BC3|1|
encycolorpedia||Cetacean blue|#001440|1|
encycolorpedia||CG blue|#007AA5|1|
encycolorpedia||CG red|#E03C31|1|
encycolorpedia||Chamoisee|#A0785A|1|
encycolorpedia||Champagne|#F7E7CE|1|
encycolorpedia||Champagne pink|#F1DDCF|1|
encycolorpedia||Charcoal|#36454F|1|
encycolorpedia||Charleston green|#232B2B|1|
encycolorpedia||Charm|#D0748B|1|
encycolorpedia||Charm pink|#E68FAC|1|
encycolorpedia||Chartreuse|#DFFF00|1|
encycolorpedia||Cheese|#FFA600|1|
encycolorpedia||Cherry blossom|#FCC9B9|1|
encycolorpedia||Cherry blossom mouse|#AC8181|1|
encycolorpedia||Cherry blossom pink|#FFB7C5|1|
encycolorpedia||Chestnut|#954535|1|
encycolorpedia||Chestnut-leather brown|#60281E|1|
encycolorpedia||Chickadee|#FFC34D|1|
encycolorpedia||China pink|#DE6FA1|1|
encycolorpedia||China rose|#A8516E|1|
encycolorpedia||Chinese black|#141414|1|
encycolorpedia||Chinese blue|#365194|1|
encycolorpedia||Chinese bronze|#CD8032|1|
encycolorpedia||Chinese brown|#AB381F|1|
encycolorpedia||Chinese gold|#CC9900|1|
encycolorpedia||Chinese green|#D0DB61|1|
encycolorpedia||Chinese orange|#F37042|1|
encycolorpedia||Chinese pink|#DE70A1|1|
encycolorpedia||Chinese purple|#720B98|1|
encycolorpedia||Chinese red|#AA381E|1|
encycolorpedia||Chinese red|#CD071E|1|
encycolorpedia||Chinese silver|#CCCCCC|1|
encycolorpedia||Chinese violet|#856088|1|
encycolorpedia||Chinese white|#E2E5DE|1|
encycolorpedia||Chinese yellow|#FFB200|1|
encycolorpedia||Chinese yellow tea-colored|#B7702D|1|
encycolorpedia||Chlorophyll green|#4AFF00|1|
encycolorpedia||Chocolate|#7B3F00|1|
encycolorpedia||Chocolate brown|#3F000F|1|
encycolorpedia||Chocolate cosmos|#58111A|1|
encycolorpedia||Chocolate Kisses|#3C1421|1|
encycolorpedia||Chrome aluminum|#A8A9AD|1|
encycolorpedia||Chrome yellow|#FFA700|1|
encycolorpedia||Cinereous|#98817B|1|
encycolorpedia||Cinnabar|#E34234|1|
encycolorpedia||Cinnamon|#D2691E|1|
encycolorpedia||Cinnamon Satin|#CD607E|1|
encycolorpedia||Citrine|#E4D00A|1|
encycolorpedia||Citrine Brown|#933709|1|
encycolorpedia||Citron|#9FA91F|1|
encycolorpedia||Claret|#7F1734|1|
encycolorpedia||Classic rose|#FBCCE7|1|
encycolorpedia||Clove-brown|#8F583C|1|
encycolorpedia||Clove-dyed|#A96232|1|
encycolorpedia||Coarse wool|#181B26|1|
encycolorpedia||Cobalt blue|#0047AB|1|
encycolorpedia||Coconut|#965A3E|1|
encycolorpedia||Coconut White|#E9EDF6|1|
encycolorpedia||Codium fragile seaweed|#524B2A|1|
encycolorpedia||Coffee|#6F4E37|1|
encycolorpedia||Cola|#3C3024|1|
encycolorpedia||Columbia Blue|#C4D8E2|1|
encycolorpedia||Conditioner|#FFFFCC|1|
encycolorpedia||Congo pink|#F88379|1|
encycolorpedia||Contemplation in a tea garden|#665343|1|
encycolorpedia||Cookies and cream|#EEE0B1|1|
encycolorpedia||Cool black|#002E63|1|
encycolorpedia||Cool grey|#8C92AC|1|
encycolorpedia||Copper|#B87333|1|
encycolorpedia||Copper|#DA8A67|1|
encycolorpedia||Copper penny|#AD6F69|1|
encycolorpedia||Copper red|#CB6D51|1|
encycolorpedia||Copper rose|#996666|1|
encycolorpedia||Coquelicot|#FF3800|1|
encycolorpedia||Coral|#FF7F50|1|
encycolorpedia||Coral|#F8674F|1|
encycolorpedia||Coral red|#FF4040|1|
encycolorpedia||Coral reef|#FD7C6E|1|
encycolorpedia||Coral Reef|#F6A494|1|
encycolorpedia||Cordovan|#893F45|1|
encycolorpedia||Corn|#FBEC5D|1|
encycolorpedia||Corn-colored|#FAA945|1|
encycolorpedia||Cornflower|#93CCEA|1|
encycolorpedia||Cornflower blue|#6495ED|1|
encycolorpedia||Cornsilk|#FFF8DC|1|
encycolorpedia||Cosmic cobalt|#2E2D88|1|
encycolorpedia||Cosmic latte|#FFF8E7|1|
encycolorpedia||Cotton candy|#FFBCD9|1|
encycolorpedia||Coyote brown|#81613C|1|
encycolorpedia||Cream|#FFFDD0|1|
encycolorpedia||Crimson|#DC143C|1|
encycolorpedia||Crimson glory|#BE0032|1|
encycolorpedia||Crimson red|#990000|1|
encycolorpedia||Crystal|#A7D8DE|1|
encycolorpedia||Crystal blue|#68A0B0|1|
encycolorpedia||Cultured|#F5F5F5|1|
encycolorpedia||Cyan|#00B7EB|1|
encycolorpedia||Cyan azure|#4E82B4|1|
encycolorpedia||Cyan cobalt blue|#28589C|1|
encycolorpedia||Cyan cornflower blue|#188BC2|1|
encycolorpedia||Cyan-blue azure|#4682BF|1|
encycolorpedia||Cyber grape|#58427C|1|
encycolorpedia||Cyber yellow|#FFD300|1|
encycolorpedia||Cyclamen|#F56FA1|1|
encycolorpedia||Cypress bark|#752E23|1|
encycolorpedia||Cypress bark red|#6F3028|1|
encycolorpedia||Daffodil|#FFFF31|1|
encycolorpedia||Dandelion|#F0E130|1|
encycolorpedia||Dandelion|#FDDB6D|1|
encycolorpedia||Dark blue|#00008B|1|
encycolorpedia||Dark blue|#192236|1|
encycolorpedia||Dark blue lapis lazuli|#1B294B|1|
encycolorpedia||Dark blue-gray|#666699|1|
encycolorpedia||Dark bronze|#804A00|1|
encycolorpedia||Dark bronze|#514100|1|
encycolorpedia||Dark brown|#654321|1|
encycolorpedia||Dark brown-tangelo|#88654E|1|
encycolorpedia||Dark byzantium|#5D3954|1|
encycolorpedia||Dark candy apple red|#A40000|1|
encycolorpedia||Dark cerulean|#08457E|1|
encycolorpedia||Dark charcoal|#333333|1|
encycolorpedia||Dark chestnut|#986960|1|
encycolorpedia||Dark chocolate|#490206|1|
encycolorpedia||Dark chocolate|#3C1321|1|
encycolorpedia||Dark coral|#CD5B45|1|
encycolorpedia||Dark cornflower blue|#26428B|1|
encycolorpedia||Dark cyan|#008B8B|1|
encycolorpedia||Dark electric blue|#536878|1|
encycolorpedia||Dark gold|#AA6C39|1|
encycolorpedia||Dark goldenrod|#B8860B|1|
encycolorpedia||Dark gray|#A9A9A9|1|
encycolorpedia||Dark green|#013220|1|
encycolorpedia||Dark green|#006400|1|
encycolorpedia||Dark gunmetal|#1F262A|1|
encycolorpedia||Dark imperial blue|#00147E|1|
encycolorpedia||Dark imperial blue|#00416A|1|
encycolorpedia||Dark indigo|#614E6E|1|
encycolorpedia||Dark jungle green|#1A2421|1|
encycolorpedia||Dark khaki|#BDB76B|1|
encycolorpedia||Dark lava|#483C32|1|
encycolorpedia||Dark lavender|#734F96|1|
encycolorpedia||Dark lemon lime|#8BBE1B|1|
encycolorpedia||Dark liver|#534B4F|1|
encycolorpedia||Dark liver|#543D37|1|
encycolorpedia||Dark magenta|#8B008B|1|
encycolorpedia||Dark midnight blue|#003366|1|
encycolorpedia||Dark moss green|#4A5D23|1|
encycolorpedia||Dark Navy|#02075D|1|
encycolorpedia||Dark olive green|#556B2F|1|
encycolorpedia||Dark orange|#FF8C00|1|
encycolorpedia||Dark orchid|#9932CC|1|
encycolorpedia||Dark pastel blue|#779ECB|1|
encycolorpedia||Dark pastel green|#03C03C|1|
encycolorpedia||Dark pastel purple|#966FD6|1|
encycolorpedia||Dark pastel red|#C23B22|1|
encycolorpedia||Dark pink|#E75480|1|
encycolorpedia||Dark powder blue|#003399|1|
encycolorpedia||Dark puce|#4F3A3C|1|
encycolorpedia||Dark purple|#301934|1|
encycolorpedia||Dark raspberry|#872657|1|
encycolorpedia||Dark red|#8B0000|1|
encycolorpedia||Dark red|#23191E|1|
encycolorpedia||Dark salmon|#E9967A|1|
encycolorpedia||Dark scarlet|#560319|1|
encycolorpedia||Dark sea green|#8FBC8F|1|
encycolorpedia||Dark sienna|#3C1414|1|
encycolorpedia||Dark silver|#71706E|1|
encycolorpedia||Dark sky blue|#8CBED6|1|
encycolorpedia||Dark slate blue|#483D8B|1|
encycolorpedia||Dark slate gray|#2F4F4F|1|
encycolorpedia||Dark spring green|#177245|1|
encycolorpedia||Dark tan|#918151|1|
encycolorpedia||Dark tangerine|#FFA812|1|
encycolorpedia||Dark terra cotta|#CC4E5C|1|
encycolorpedia||Dark turquoise|#00CED1|1|
encycolorpedia||Dark vanilla|#D1BEA8|1|
encycolorpedia||Dark violet|#9400D3|1|
encycolorpedia||Dark yellow|#9B870C|1|
encycolorpedia||Dartmouth green|#00703C|1|
encycolorpedia||Davys grey|#555555|1|
encycolorpedia||Dawn-color|#FA7B62|1|
encycolorpedia||Daylily-colored|#FF8936|1|
encycolorpedia||Debian red|#D70A53|1|
encycolorpedia||Decaying leaves|#D57835|1|
encycolorpedia||Deep amethyst|#9C8AA4|1|
encycolorpedia||Deep aquamarine|#40826D|1|
encycolorpedia||Deep carmine|#A9203E|1|
encycolorpedia||Deep carmine pink|#EF3038|1|
encycolorpedia||Deep carrot orange|#E9692C|1|
encycolorpedia||Deep cerise|#DA3287|1|
encycolorpedia||Deep champagne|#FAD6A5|1|
encycolorpedia||Deep chestnut|#B94E48|1|
encycolorpedia||Deep coffee|#704241|1|
encycolorpedia||Deep dumpling|#9B351B|1|
encycolorpedia||Deep fuchsia|#C154C1|1|
encycolorpedia||Deep green|#056608|1|
encycolorpedia||Deep green-cyan turquoise|#0E7C61|1|
encycolorpedia||Deep jungle green|#004B49|1|
encycolorpedia||Deep koamaru|#333366|1|
encycolorpedia||Deep lemon|#F5C71A|1|
encycolorpedia||Deep lilac|#9955BB|1|
encycolorpedia||Deep magenta|#CC00CC|1|
encycolorpedia||Deep maroon|#820000|1|
encycolorpedia||Deep mauve|#D473D4|1|
encycolorpedia||Deep moss green|#355E3B|1|
encycolorpedia||Deep peach|#FFCBA4|1|
encycolorpedia||Deep pink|#FF1493|1|
encycolorpedia||Deep puce|#A95C68|1|
encycolorpedia||Deep purple|#3A243B|1|
encycolorpedia||Deep red|#850101|1|
encycolorpedia||Deep ruby|#843F5B|1|
encycolorpedia||Deep saffron|#FF9933|1|
encycolorpedia||Deep scarlet|#7B3B3A|1|
encycolorpedia||Deep Space Sparkle|#4A646C|1|
encycolorpedia||Deep taupe|#7E5E60|1|
encycolorpedia||Deep Tuscan red|#66424D|1|
encycolorpedia||Deep violet|#330066|1|
encycolorpedia||Deer|#BA8759|1|
encycolorpedia||Delicate girl blue|#6AB2CA|1|
encycolorpedia||Denim|#1560BD|1|
encycolorpedia||Denim blue|#2243B6|1|
encycolorpedia||Desaturated cyan|#669999|1|
encycolorpedia||Desert sand|#EDC9AF|1|
encycolorpedia||Desire|#EA3C53|1|
encycolorpedia||Diamond|#B9F2FF|1|
encycolorpedia||Dim gray|#696969|1|
encycolorpedia||Dingy Dungeon|#C53151|1|
encycolorpedia||Dirt|#9B7653|1|
encycolorpedia||Dirty brown|#B5651E|1|
encycolorpedia||Dirty white|#E8E4C9|1|
encycolorpedia||Disappearing purple|#3F313A|1|
encycolorpedia||Dodger blue|#1E90FF|1|
encycolorpedia||Dodie yellow|#FEF65B|1|
encycolorpedia||Dogwood rose|#D71868|1|
encycolorpedia||Dollar bill|#85BB65|1|
encycolorpedia||Dolphin gray|#828E84|1|
encycolorpedia||Douban Blue|#2496CD|1|
encycolorpedia||Douban Green|#2E963D|1|
encycolorpedia||Douban Light Yellow|#F7C58E|1|
encycolorpedia||Dove feather grey|#755D5B|1|
encycolorpedia||Duke blue|#00009C|1|
encycolorpedia||Dull blue|#4F4944|1|
encycolorpedia||Durian|#B07939|1|
encycolorpedia||Durian White|#E6D0AB|1|
encycolorpedia||Durian Yellow|#E1BD27|1|
encycolorpedia||Dust storm|#E5CCC9|1|
encycolorpedia||Dutch white|#EFDFBB|1|
encycolorpedia||Dyestalk red|#913225|1|
encycolorpedia||Earth yellow|#E1A95F|1|
encycolorpedia||Earthtone|#5D3A1A|1|
encycolorpedia||Ebony|#555D50|1|
encycolorpedia||Ecru|#C2B280|1|
encycolorpedia||Eerie black|#1B1B1B|1|
encycolorpedia||Egg-colored|#FFA631|1|
encycolorpedia||Eggplant|#614051|1|
encycolorpedia||Eggshell|#F0EAD6|1|
encycolorpedia||Eggshell paper-colored|#E2BE9F|1|
encycolorpedia||Egyptian blue|#1034A6|1|
encycolorpedia||Elderberry|#17182B|1|
encycolorpedia||Electric blue|#7DF9FF|1|
encycolorpedia||Electric brown|#B56257|1|
encycolorpedia||Electric crimson|#FF003F|1|
encycolorpedia||Electric green|#00FF00|1|
encycolorpedia||Electric indigo|#6F00FF|1|
encycolorpedia||Electric lime|#CCFF00|1|
encycolorpedia||Electric orange|#FF3503|1|
encycolorpedia||Electric pink|#F62681|1|
encycolorpedia||Electric purple|#BF00FF|1|
encycolorpedia||Electric red|#E60000|1|
encycolorpedia||Electric ultramarine|#3F00FF|1|
encycolorpedia||Electric violet|#8F00FF|1|
encycolorpedia||Electric yellow|#FFFF33|1|
encycolorpedia||Emerald|#50C878|1|
encycolorpedia||Emerald green|#046307|1|
encycolorpedia||Eminence|#6C3082|1|
encycolorpedia||English lavender|#B48395|1|
encycolorpedia||English red|#AB4B52|1|
encycolorpedia||English vermillion|#CC474B|1|
encycolorpedia||English violet|#563C5C|1|
encycolorpedia||Eton blue|#96C8A2|1|
encycolorpedia||Eucalyptus|#44D7A8|1|
encycolorpedia||Facebook Blue|#39569C|1|
encycolorpedia||Faded Sen no Rikyus tea|#B0927A|1|
encycolorpedia||Faded spicy red-brown|#9B533F|1|
encycolorpedia||Fake purple|#43242A|1|
encycolorpedia||Falu red|#801818|1|
encycolorpedia||Fandango|#B53389|1|
encycolorpedia||Fandango pink|#DE5285|1|
encycolorpedia||Fashion fuchsia|#F400A1|1|
encycolorpedia||Fawn|#E5AA70|1|
encycolorpedia||Feldgrau|#4D5D53|1|
encycolorpedia||Feldspar|#FDD5B1|1|
encycolorpedia||Fern green|#4F7942|1|
encycolorpedia||Ferrari red|#FF2800|1|
encycolorpedia||Field drab|#6C541E|1|
encycolorpedia||Fiery rose|#FF5470|1|
encycolorpedia||Finch-brown|#957B38|1|
encycolorpedia||Fire engine red|#CE2029|1|
encycolorpedia||Fire opal|#E95C4B|1|
encycolorpedia||Firebrick|#B22222|1|
encycolorpedia||Flame|#E25822|1|
encycolorpedia||Flamingo pink|#FC8EAC|1|
encycolorpedia||Flavescent|#F7E98E|1|
encycolorpedia||Flax|#EEDC82|1|
encycolorpedia||Flesh|#FFE9D1|1|
encycolorpedia||Flickr Blue|#216BD6|1|
encycolorpedia||Flickr Pink|#FB0081|1|
encycolorpedia||Flirt|#A2006D|1|
encycolorpedia||Flirtatious indigo tea|#473F2D|1|
encycolorpedia||Floral leaf-colored|#FFB94E|1|
encycolorpedia||Floral white|#FFFAF0|1|
encycolorpedia||Flower girl|#F498AD|1|
encycolorpedia||Fluorescent blue|#15F4EE|1|
encycolorpedia||Folly|#FF004F|1|
encycolorpedia||Foreign crimson|#C91F37|1|
encycolorpedia||Forest Green|#228B22|1|
encycolorpedia||Forest green|#5FA777|1|
encycolorpedia||Forest green|#014421|1|
encycolorpedia||Fox-color|#985629|1|
encycolorpedia||French bistre|#856D4D|1|
encycolorpedia||French blue|#0072BB|1|
encycolorpedia||French fuchsia|#FD3F92|1|
encycolorpedia||French lilac|#86608E|1|
encycolorpedia||French lime|#9EFD38|1|
encycolorpedia||French pink|#FD6C9E|1|
encycolorpedia||French plum|#811453|1|
encycolorpedia||French puce|#4E1609|1|
encycolorpedia||French raspberry|#C72C48|1|
encycolorpedia||French rose|#F64A8A|1|
encycolorpedia||French sky blue|#77B5FE|1|
encycolorpedia||French violet|#8806CE|1|
encycolorpedia||French wine|#AC1E44|1|
encycolorpedia||Fresh Air|#A6E7FF|1|
encycolorpedia||Fresh onion|#5B8930|1|
encycolorpedia||Frostbite|#E936A7|1|
encycolorpedia||Fuchsia|#FF00FF|1|
encycolorpedia||Fuchsia pink|#FF77FF|1|
encycolorpedia||Fuchsia purple|#CC397B|1|
encycolorpedia||Fuchsia rose|#C74375|1|
encycolorpedia||Fulvous|#E48400|1|
encycolorpedia||Fuzzy Wuzzy|#CC6666|1|
encycolorpedia||Gainsboro|#DCDCDC|1|
encycolorpedia||Gamboge|#E49B0F|1|
encycolorpedia||Gamboge|#FFB61E|1|
encycolorpedia||Gamboge orange|#996600|1|
encycolorpedia||Gargoyle Gas|#FFDF46|1|
encycolorpedia||Garnet|#733635|1|
encycolorpedia||Generic viridian|#007F66|1|
encycolorpedia||Ghost white|#F8F8FF|1|
encycolorpedia||Giants Club|#B05C52|1|
encycolorpedia||Giants orange|#FE5A1D|1|
encycolorpedia||Gin|#D8E4BC|1|
encycolorpedia||Glaucous|#6082B6|1|
encycolorpedia||Glazed persimmon|#D34E36|1|
encycolorpedia||Glossy grape|#AB92B3|1|
encycolorpedia||GO green|#00AB66|1|
encycolorpedia||Gold|#A57C00|1|
encycolorpedia||Gold|#E6BE8A|1|
encycolorpedia||Gold|#D4AF37|1|
encycolorpedia||Gold foil|#BD9B16|1|
encycolorpedia||Gold Fusion|#85754E|1|
encycolorpedia||Gold-brown|#CB7E1F|1|
encycolorpedia||Golden|#FFD700|1|
encycolorpedia||Golden brown|#996515|1|
encycolorpedia||Golden brown|#C66B27|1|
encycolorpedia||Golden fallen leaves|#E29C45|1|
encycolorpedia||Golden oak|#BB8141|1|
encycolorpedia||Golden poppy|#FCC200|1|
encycolorpedia||Golden yellow|#FFDF00|1|
encycolorpedia||Golden yellow|#FFA400|1|
encycolorpedia||Golden-grey bamboo|#7D4E2D|1|
encycolorpedia||Goldenrod|#DAA520|1|
encycolorpedia||Google Chrome blue|#4C8BF5|1|
encycolorpedia||Google Chrome green|#1AA260|1|
encycolorpedia||Google Chrome red|#DE5246|1|
encycolorpedia||Google Chrome yellow|#FFCE44|1|
encycolorpedia||Goryeo storeroom|#203838|1|
encycolorpedia||Granite gray|#676767|1|
encycolorpedia||Granny Smith apple|#A8E4A0|1|
encycolorpedia||Grape|#6F2DA8|1|
encycolorpedia||Grape mouse|#63424B|1|
encycolorpedia||Gray|#BEBEBE|1|
encycolorpedia||Gray-asparagus|#465945|1|
encycolorpedia||Green|#008001|1|
encycolorpedia||Green|#1CAC78|1|
encycolorpedia||Green|#2A603B|1|
encycolorpedia||Green|#00A877|1|
encycolorpedia||Green|#009F6B|1|
encycolorpedia||Green|#00AD43|1|
encycolorpedia||Green|#00A550|1|
encycolorpedia||Green|#66B032|1|
encycolorpedia||Green bamboo|#006442|1|
encycolorpedia||Green Cola|#4C721D|1|
encycolorpedia||Green Lizard|#A7F432|1|
encycolorpedia||Green Sheen|#6EAEA1|1|
encycolorpedia||Green slime|#65FF00|1|
encycolorpedia||Green tea-colored|#824B35|1|
encycolorpedia||Green-blue|#1164B4|1|
encycolorpedia||Green-blue|#2887C8|1|
encycolorpedia||Green-cyan|#009966|1|
encycolorpedia||Green-yellow|#ADFF2F|1|
encycolorpedia||Green-yellow|#F0E891|1|
encycolorpedia||Greenfinch|#BDA928|1|
encycolorpedia||Greyed red|#BC2D29|1|
encycolorpedia||Greyish dark green|#656255|1|
encycolorpedia||Grullo|#A99A86|1|
encycolorpedia||Gunmetal|#2A3439|1|
encycolorpedia||Guppie green|#00FF7F|1|
encycolorpedia||Guyabano|#F8F8F8|1|
encycolorpedia||Halayà úbe|#663854|1|
encycolorpedia||Half|#8D608C|1|
encycolorpedia||Halloween orange|#EB6123|1|
encycolorpedia||Han blue|#446CCF|1|
encycolorpedia||Han purple|#5218FA|1|
encycolorpedia||Harbor rat|#757D75|1|
encycolorpedia||Harlequin|#3FFF00|1|
encycolorpedia||Harlequin green|#46CB18|1|
encycolorpedia||Harmonious rose|#F29CB7|1|
encycolorpedia||Harvest gold|#DA9100|1|
encycolorpedia||Hawaii blue|#00C3E3|1|
encycolorpedia||Heart gold|#808000|1|
encycolorpedia||Heat Wave|#FF7A00|1|
encycolorpedia||Heliotrope|#DF73FF|1|
encycolorpedia||Heliotrope gray|#AA98A9|1|
encycolorpedia||Heliotrope magenta|#AA00BB|1|
encycolorpedia||Honeydew|#F0FFF0|1|
encycolorpedia||Honolulu blue|#006DB0|1|
encycolorpedia||Hookers green|#49796B|1|
encycolorpedia||Horsetail|#3D5D42|1|
encycolorpedia||Hot magenta|#FF1DCE|1|
encycolorpedia||Hot pink|#FF69B4|1|
encycolorpedia||Huawei Red|#CF0A2C|1|
encycolorpedia||Huawei Red|#ED1C24|1|
encycolorpedia||Ibis wing|#F58F84|1|
encycolorpedia||Iceberg|#71A6D2|1|
encycolorpedia||Iced tea|#923C01|1|
encycolorpedia||Icterine|#FCF75E|1|
encycolorpedia||Iguana green|#71BC78|1|
encycolorpedia||Illuminating emerald|#319177|1|
encycolorpedia||Imperial|#602F6B|1|
encycolorpedia||Imperial blue|#002395|1|
encycolorpedia||Imperial purple|#66023C|1|
encycolorpedia||Imperial red|#ED2939|1|
encycolorpedia||Inchworm|#B2EC5D|1|
encycolorpedia||Independence|#4C516D|1|
encycolorpedia||India green|#138808|1|
encycolorpedia||Indian red|#CD5C5C|1|
encycolorpedia||Indian yellow|#E3A857|1|
encycolorpedia||Indigo|#4B0082|1|
encycolorpedia||Indigo|#233067|1|
encycolorpedia||Indigo Codium fragile seaweed brown|#2E372E|1|
encycolorpedia||Indigo dye|#091F92|1|
encycolorpedia||Indigo ink brown|#393432|1|
encycolorpedia||Indigo white|#EBF6F7|1|
encycolorpedia||Infra red|#FF496C|1|
encycolorpedia||Ink|#27221F|1|
encycolorpedia||Insect screen|#2D4436|1|
encycolorpedia||Inside of a bottle|#C6C2B6|1|
encycolorpedia||Interdimensional blue|#360CCC|1|
encycolorpedia||International orange|#FF4F00|1|
encycolorpedia||International orange|#BA160C|1|
encycolorpedia||International orange|#C0362C|1|
encycolorpedia||Iris|#5A4FCF|1|
encycolorpedia||Iris|#763568|1|
encycolorpedia||Iron|#A19D94|1|
encycolorpedia||Iron|#2B3733|1|
encycolorpedia||Iron head flower|#344D56|1|
encycolorpedia||Iron storage|#2B3736|1|
encycolorpedia||Irresistible|#B3446C|1|
encycolorpedia||Isabelline|#F4F0EC|1|
encycolorpedia||Islamic green|#009000|1|
encycolorpedia||Italian ice|#E9F6EF|1|
encycolorpedia||Italian leather|#635A52|1|
encycolorpedia||Italian roast|#906652|1|
encycolorpedia||Ivory|#FFFFF0|1|
encycolorpedia||Iwai brown|#5E5545|1|
encycolorpedia||Jacarta|#3D325D|1|
encycolorpedia||Jacko bean|#413628|1|
encycolorpedia||Jade|#00A86B|1|
encycolorpedia||Japanese carmine|#9D2933|1|
encycolorpedia||Japanese indigo|#264348|1|
encycolorpedia||Japanese iris and sooty bamboo|#7F5D3B|1|
encycolorpedia||Japanese laurel|#2F7532|1|
encycolorpedia||Japanese triandra grass|#E2B13C|1|
encycolorpedia||Japanese violet|#5B3256|1|
encycolorpedia||Jasmine|#F8DE7E|1|
encycolorpedia||Jasper|#D73B3E|1|
encycolorpedia||Jasper orange|#DE8F4E|1|
encycolorpedia||Jazzberry jam|#A50B5E|1|
encycolorpedia||Jelly bean|#DA614E|1|
encycolorpedia||Jelly bean blue|#44798E|1|
encycolorpedia||Jet|#343434|1|
encycolorpedia||Jet stream|#BBD0C9|1|
encycolorpedia||Jonquil|#F4CA16|1|
encycolorpedia||Jordy blue|#8AB9F1|1|
encycolorpedia||June bud|#BDDA57|1|
encycolorpedia||Jungle green|#29AB87|1|
encycolorpedia||Kelly green|#4CBB17|1|
encycolorpedia||Kenyan copper|#7C1C05|1|
encycolorpedia||Keppel|#3AB09E|1|
encycolorpedia||Key lime|#E8F48C|1|
encycolorpedia||Kimono storage|#3D4C51|1|
encycolorpedia||Kiwi|#8EE53F|1|
encycolorpedia||Kobe|#882D17|1|
encycolorpedia||Kobi|#E79FC4|1|
encycolorpedia||Kombu green|#354230|1|
encycolorpedia||KSU purple|#512888|1|
encycolorpedia||KU crimson|#E8000D|1|
encycolorpedia||Kumquat|#FB9912|1|
encycolorpedia||Languid lavender|#D6CADD|1|
encycolorpedia||Lanzones|#E0BC5B|1|
encycolorpedia||Lapis lazuli|#26619C|1|
encycolorpedia||Lapis lazuli|#1F4788|1|
encycolorpedia||Laser lemon|#FFFF66|1|
encycolorpedia||Laurel green|#A9BA9D|1|
encycolorpedia||Lava|#CF1020|1|
encycolorpedia||Lavender|#B57EDC|1|
encycolorpedia||Lavender blue|#CCCCFF|1|
encycolorpedia||Lavender blush|#FFF0F5|1|
encycolorpedia||Lavender gray|#C4C3D0|1|
encycolorpedia||Lavender indigo|#9457EB|1|
encycolorpedia||Lavender magenta|#EE82EE|1|
encycolorpedia||Lavender mist|#E6E6FA|1|
encycolorpedia||Lavender pink|#FBAED2|1|
encycolorpedia||Lavender purple|#967BB6|1|
encycolorpedia||Lavender rose|#FBA0E3|1|
encycolorpedia||Lawn green|#7CFC00|1|
encycolorpedia||Legal dye|#2E211B|1|
encycolorpedia||Lemon|#FFF700|1|
encycolorpedia||Lemon chiffon|#FFFACD|1|
encycolorpedia||Lemon curry|#CCA01D|1|
encycolorpedia||Lemon glacier|#FDFF00|1|
encycolorpedia||Lemon iced tea|#BD3000|1|
encycolorpedia||Lemon lime|#E3FF00|1|
encycolorpedia||Lemon lime|#5CFF67|1|
encycolorpedia||Lemon meringue|#F6EABE|1|
encycolorpedia||Lemon yellow|#FFF44F|1|
encycolorpedia||Lemon yellow|#FFFF9F|1|
encycolorpedia||Lenurple|#BA93D8|1|
encycolorpedia||Liberty|#545AA7|1|
encycolorpedia||Licorice|#1A1110|1|
encycolorpedia||Light blue|#ADD8E6|1|
encycolorpedia||Light blue|#48929B|1|
encycolorpedia||Light blue flower|#1D697C|1|
encycolorpedia||Light blue silk|#044F67|1|
encycolorpedia||Light brown|#B5651D|1|
encycolorpedia||Light carmine pink|#E66771|1|
encycolorpedia||Light chocolate cosmos|#551F2F|1|
encycolorpedia||Light cobalt blue|#88ACE0|1|
encycolorpedia||Light coral|#F08080|1|
encycolorpedia||Light crimson|#F56991|1|
encycolorpedia||Light cyan|#E0FFFF|1|
encycolorpedia||Light deep pink|#FF5CCD|1|
encycolorpedia||Light French beige|#C8AD7F|1|
encycolorpedia||Light fuchsia pink|#F984EF|1|
encycolorpedia||Light gold|#B29700|1|
encycolorpedia||Light goldenrod yellow|#FAFAD2|1|
encycolorpedia||Light gray|#D3D3D3|1|
encycolorpedia||Light grayish magenta|#CC99CC|1|
encycolorpedia||Light green|#90EE90|1|
encycolorpedia||Light hot pink|#FFB3DE|1|
encycolorpedia||Light khaki|#F0E68C|1|
encycolorpedia||Light magenta|#FF80FF|1|
encycolorpedia||Light medium orchid|#D39BCB|1|
encycolorpedia||Light moss green|#ADDFAD|1|
encycolorpedia||Light orange|#FED8B1|1|
encycolorpedia||Light orchid|#E6A8D7|1|
encycolorpedia||Light pastel purple|#B19CD9|1|
encycolorpedia||Light periwinkle|#C5CBE1|1|
encycolorpedia||Light pink|#FFB6C1|1|
encycolorpedia||Light red|#FFCCCB|1|
encycolorpedia||Light salmon|#FFA07A|1|
encycolorpedia||Light salmon pink|#FF9999|1|
encycolorpedia||Light sea green|#20B2AA|1|
encycolorpedia||Light silver|#D8D8D8|1|
encycolorpedia||Light sky blue|#87CEFA|1|
encycolorpedia||Light slate gray|#778899|1|
encycolorpedia||Light steel blue|#B0C4DE|1|
encycolorpedia||Light taupe|#B38B6D|1|
encycolorpedia||Light yellow|#FFFFE0|1|
encycolorpedia||Light yellow|#F7BB7D|1|
encycolorpedia||Lilac|#C8A2C8|1|
encycolorpedia||Lilac Luster|#AE98AA|1|
encycolorpedia||Lime green|#32CD32|1|
encycolorpedia||Lime pulp|#D1E189|1|
encycolorpedia||Limerick|#9DC209|1|
encycolorpedia||Lincoln green|#195905|1|
encycolorpedia||Linen|#FAF0E6|1|
encycolorpedia||Linkedin Blue|#0072B1|1|
encycolorpedia||Little boy blue|#6CA0DC|1|
encycolorpedia||Little girl pink|#F8B9D4|1|
encycolorpedia||Liver|#674C47|1|
encycolorpedia||Liver|#B86D29|1|
encycolorpedia||Liver|#6C2E1F|1|
encycolorpedia||Liver chestnut|#987456|1|
encycolorpedia||Long spring|#B95754|1|
encycolorpedia||Loquat|#AB6134|1|
encycolorpedia||Lotion|#FEFDFA|1|
encycolorpedia||Lotion blue|#15F2FD|1|
encycolorpedia||Lotion pink|#ECCFCF|1|
encycolorpedia||Lumber|#FFE4CD|1|
encycolorpedia||Lust|#E62020|1|
encycolorpedia||Lychee|#DC5349|1|
encycolorpedia||Lye-colored|#7F6B5D|1|
encycolorpedia||Macaroni and Cheese|#FFBD88|1|
encycolorpedia||Madder Lake|#CC3336|1|
encycolorpedia||Magenta|#CA1F7B|1|
encycolorpedia||Magenta|#D0417E|1|
encycolorpedia||Magenta|#FF0090|1|
encycolorpedia||Magenta haze|#9F4576|1|
encycolorpedia||Magenta-pink|#CC338B|1|
encycolorpedia||Magic mint|#AAF0D1|1|
encycolorpedia||Magic Potion|#FF4466|1|
encycolorpedia||Magnolia|#F8F4FF|1|
encycolorpedia||Mahogany|#C04000|1|
encycolorpedia||Maize|#F2C649|1|
encycolorpedia||Majorelle blue|#6050DC|1|
encycolorpedia||Malachite|#0BDA51|1|
encycolorpedia||Manatee|#979AAA|1|
encycolorpedia||Mandarin|#F37A48|1|
encycolorpedia||Mango|#FDBE02|1|
encycolorpedia||Mango green|#96FF00|1|
encycolorpedia||Mango Tango|#FF8243|1|
encycolorpedia||Manila|#E7C9A9|1|
encycolorpedia||Mantis|#74C365|1|
encycolorpedia||Maple syrup|#BB9351|1|
encycolorpedia||Mardi Gras|#880085|1|
encycolorpedia||Margarine|#F2D930|1|
encycolorpedia||Margarita|#B0C24A|1|
encycolorpedia||Marigold|#EAA221|1|
encycolorpedia||Maroon|#5E2824|1|
encycolorpedia||Maroon|#B03060|1|
encycolorpedia||Mauve|#E0B0FF|1|
encycolorpedia||Mauve taupe|#915F6D|1|
encycolorpedia||Mauvelous|#EF98AA|1|
encycolorpedia||Maximum blue|#47ABCC|1|
encycolorpedia||Maximum blue green|#30BFBF|1|
encycolorpedia||Maximum blue purple|#ACACE6|1|
encycolorpedia||Maximum green|#5E8C31|1|
encycolorpedia||Maximum green yellow|#D9E650|1|
encycolorpedia||Maximum orange|#FF5B00|1|
encycolorpedia||Maximum purple|#733380|1|
encycolorpedia||Maximum red|#D92121|1|
encycolorpedia||Maximum red purple|#A63A79|1|
encycolorpedia||Maximum yellow|#FAFA37|1|
encycolorpedia||Maximum yellow red|#F2BA49|1|
encycolorpedia||May green|#4C9141|1|
encycolorpedia||Maya blue|#73C2FB|1|
encycolorpedia||Meat brown|#E5B73B|1|
encycolorpedia||Meat-color|#F9906F|1|
encycolorpedia||Medium aquamarine|#66DDAA|1|
encycolorpedia||Medium blue|#0000CD|1|
encycolorpedia||Medium candy apple red|#E2062C|1|
encycolorpedia||Medium carmine|#AF4035|1|
encycolorpedia||Medium champagne|#F3E5AB|1|
encycolorpedia||Medium crimson|#C93756|1|
encycolorpedia||Medium electric blue|#035096|1|
encycolorpedia||Medium jungle green|#1C352D|1|
encycolorpedia||Medium lavender magenta|#DDA0DD|1|
encycolorpedia||Medium orchid|#BA55D3|1|
encycolorpedia||Medium Persian blue|#0067A5|1|
encycolorpedia||Medium purple|#9370DB|1|
encycolorpedia||Medium red-violet|#BB3385|1|
encycolorpedia||Medium ruby|#AA4069|1|
encycolorpedia||Medium sea green|#3CB371|1|
encycolorpedia||Medium sky blue|#80DAEB|1|
encycolorpedia||Medium slate blue|#7B68EE|1|
encycolorpedia||Medium spring bud|#C9DC87|1|
encycolorpedia||Medium spring green|#00FA9A|1|
encycolorpedia||Medium turquoise|#48D1CC|1|
encycolorpedia||Medium vermilion|#D9603B|1|
encycolorpedia||Medium violet-red|#C71585|1|
encycolorpedia||Melancholy|#FDBCB4|1|
encycolorpedia||Mellow apricot|#F8B878|1|
encycolorpedia||Melon|#FEBAAD|1|
encycolorpedia||Menthol|#C1F9A2|1|
encycolorpedia||Metallic blue|#32527B|1|
encycolorpedia||Metallic bronze|#A97142|1|
encycolorpedia||Metallic brown|#AC4313|1|
encycolorpedia||Metallic green|#296E01|1|
encycolorpedia||Metallic orange|#DA680F|1|
encycolorpedia||Metallic pink|#EDA6C4|1|
encycolorpedia||Metallic red|#A62C2B|1|
encycolorpedia||Metallic Seaweed|#0A7E8C|1|
encycolorpedia||Metallic Sunburst|#9C7C38|1|
encycolorpedia||Metallic violet|#5B0A91|1|
encycolorpedia||Metallic yellow|#FDCC0D|1|
encycolorpedia||Mexican pink|#E4007C|1|
encycolorpedia||Microsoft blue|#00A2ED|1|
encycolorpedia||Microsoft Edge blue|#0078D7|1|
encycolorpedia||Microsoft green|#7DB700|1|
encycolorpedia||Microsoft red|#F04E1F|1|
encycolorpedia||Microsoft yellow|#FDB900|1|
encycolorpedia||Middle blue|#7ED4E6|1|
encycolorpedia||Middle blue green|#8DD9CC|1|
encycolorpedia||Middle blue purple|#8B72BE|1|
encycolorpedia||Middle green|#4D8C57|1|
encycolorpedia||Middle green yellow|#ACBF60|1|
encycolorpedia||Middle grey|#8B8680|1|
encycolorpedia||Middle purple|#D982B5|1|
encycolorpedia||Middle red|#E58E73|1|
encycolorpedia||Middle red purple|#A55353|1|
encycolorpedia||Middle yellow|#FFEB00|1|
encycolorpedia||Middle yellow red|#ECB176|1|
encycolorpedia||Midnight|#702670|1|
encycolorpedia||Midnight blue|#191970|1|
encycolorpedia||Midnight blue|#00468C|1|
encycolorpedia||Midnight green|#004953|1|
encycolorpedia||Mikado yellow|#FFC40C|1|
encycolorpedia||Milk|#FDFFF5|1|
encycolorpedia||Milk chocolate|#84563C|1|
encycolorpedia||Mimi pink|#FFDAE9|1|
encycolorpedia||Mindaro|#E3F988|1|
encycolorpedia||Ming|#36747D|1|
encycolorpedia||Minion yellow|#F5E050|1|
encycolorpedia||Mint|#3EB489|1|
encycolorpedia||Mint cream|#F5FFFA|1|
encycolorpedia||Mint green|#98FF98|1|
encycolorpedia||Misty moss|#BBB477|1|
encycolorpedia||Misty rose|#FFE4E1|1|
encycolorpedia||Mocha|#BEA493|1|
encycolorpedia||Moonstone|#3AA8C1|1|
encycolorpedia||Moonstone blue|#73A9C2|1|
encycolorpedia||Mordant red 19|#AE0C00|1|
encycolorpedia||Morning blue|#8DA399|1|
encycolorpedia||Moss|#8B7D3A|1|
encycolorpedia||Moss green|#8A9A5B|1|
encycolorpedia||Mountain Meadow|#30BA8F|1|
encycolorpedia||Mountbatten pink|#997A8D|1|
encycolorpedia||Mousy indigo|#5C544E|1|
encycolorpedia||Mousy wisteria|#766980|1|
encycolorpedia||MSU green|#18453B|1|
encycolorpedia||Mud|#70543E|1|
encycolorpedia||Muddy brown|#CB6649|1|
encycolorpedia||Mughal green|#306030|1|
encycolorpedia||Mulberry|#C54B8C|1|
encycolorpedia||Mulberry|#C8509B|1|
encycolorpedia||Mulberry dye|#59292C|1|
encycolorpedia||Mulberry-dyed|#C57F2E|1|
encycolorpedia||Mustard|#FFDB58|1|
encycolorpedia||Mustard brown|#CD7A00|1|
encycolorpedia||Mustard green|#6E6E30|1|
encycolorpedia||Mustard yellow|#E1AD01|1|
encycolorpedia||Myrtle green|#317873|1|
encycolorpedia||Mystic|#D65282|1|
encycolorpedia||Mystic maroon|#AD4379|1|
encycolorpedia||Mystic red|#FF5500|1|
encycolorpedia||Nadeshiko pink|#F6ADC6|1|
encycolorpedia||Napier green|#2A8000|1|
encycolorpedia||Naples yellow|#FADA5E|1|
encycolorpedia||Navajo white|#FFDEAD|1|
encycolorpedia||Navy blue|#000080|1|
encycolorpedia||Navy blue bellflower|#191F45|1|
encycolorpedia||Neon blue|#1B03A3|1|
encycolorpedia||Neon Carrot|#FFA343|1|
encycolorpedia||Neon Fuchsia|#FE4164|1|
encycolorpedia||Neon green|#39FF14|1|
encycolorpedia||New Car|#214FC6|1|
encycolorpedia||New York pink|#D7837F|1|
encycolorpedia||Nickel|#727472|1|
encycolorpedia||Nightingale-brown|#5C4827|1|
encycolorpedia||Nintendo red|#E4000F|1|
encycolorpedia||Non-photo blue|#A4DDED|1|
encycolorpedia||North Texas Green|#059033|1|
encycolorpedia||Nyanza|#E9FFDB|1|
encycolorpedia||Ocean Blue|#4F42B5|1|
encycolorpedia||Ocean boat blue|#0077BE|1|
encycolorpedia||Ocean green|#48BF91|1|
encycolorpedia||Ochre|#CC7722|1|
encycolorpedia||Ochre|#FF4E20|1|
encycolorpedia||Ochre|#BE7F51|1|
encycolorpedia||Ogre Odor|#FD5240|1|
encycolorpedia||Old bamboo|#5E644F|1|
encycolorpedia||Old burgundy|#43302E|1|
encycolorpedia||Old gold|#CFB53B|1|
encycolorpedia||Old lace|#FDF5E6|1|
encycolorpedia||Old lavender|#796878|1|
encycolorpedia||Old mauve|#673147|1|
encycolorpedia||Old moss green|#867E36|1|
encycolorpedia||Old rose|#C08081|1|
encycolorpedia||Olive Drab #3|#6B8E23|1|
encycolorpedia||Olive Drab #7|#3C341F|1|
encycolorpedia||Olive green|#B5B35C|1|
encycolorpedia||Olivine|#9AB973|1|
encycolorpedia||Onando|#364141|1|
encycolorpedia||One kin|#F08F90|1|
encycolorpedia||Onyx|#353839|1|
encycolorpedia||Opal|#A8C3BC|1|
encycolorpedia||Opera mauve|#B784A7|1|
encycolorpedia||Opera Red|#FF1B2D|1|
encycolorpedia||Opposite flower|#4D646C|1|
encycolorpedia||Orange|#FF6600|1|
encycolorpedia||Orange|#FF7F00|1|
encycolorpedia||Orange|#FF7538|1|
encycolorpedia||Orange|#FF5800|1|
encycolorpedia||Orange|#FB9902|1|
encycolorpedia||Orange peel|#FF9F00|1|
encycolorpedia||Orange soda|#FA5B3D|1|
encycolorpedia||Orange soda|#EB593D|1|
encycolorpedia||Orange-red|#FF681F|1|
encycolorpedia||Orange-red|#FF5349|1|
encycolorpedia||Orange-yellow|#F5BD1F|1|
encycolorpedia||Orange-yellow|#F8D568|1|
encycolorpedia||Orchid|#DA70D6|1|
encycolorpedia||Orchid|#E29CD2|1|
encycolorpedia||Orchid pink|#F2BDCD|1|
encycolorpedia||Orioles orange|#FB4F14|1|
encycolorpedia||OU Crimson red|#841617|1|
encycolorpedia||Outer space|#414A4C|1|
encycolorpedia||Outer space|#2D383A|1|
encycolorpedia||Outrageous Orange|#FF6E4A|1|
encycolorpedia||Overdyed/refreshed red-brown|#E35C38|1|
encycolorpedia||Oxford blue|#002147|1|
encycolorpedia||Oxley|#6D9A79|1|
encycolorpedia||Pacific blue|#1CA9C9|1|
encycolorpedia||Painite|#6B4947|1|
encycolorpedia||Pakistan green|#006600|1|
encycolorpedia||Palatinate blue|#273BE2|1|
encycolorpedia||Palatinate purple|#682860|1|
encycolorpedia||Pale blue|#8C9C76|1|
encycolorpedia||Pale Blue / Pale Turquoise|#AFEEEE|1|
encycolorpedia||Pale Brown|#987654|1|
encycolorpedia||Pale cerulean|#9BC4E2|1|
encycolorpedia||Pale Chestnut|#DDADAF|1|
encycolorpedia||Pale Cornflower Blue|#ABCDEF|1|
encycolorpedia||Pale Cyan|#87D3F8|1|
encycolorpedia||Pale fallen leaves|#AA8736|1|
encycolorpedia||Pale goldenrod|#EEE8AA|1|
encycolorpedia||Pale Green|#98FB98|1|
encycolorpedia||Pale green onion|#749F8D|1|
encycolorpedia||Pale incense|#FFA565|1|
encycolorpedia||Pale lavender|#DCD0FF|1|
encycolorpedia||Pale Magenta|#F984E5|1|
encycolorpedia||Pale Magenta-Pink|#FF99CC|1|
encycolorpedia||Pale oak|#BBA46D|1|
encycolorpedia||Pale persimmon|#FCA474|1|
encycolorpedia||Pale pink|#FADADD|1|
encycolorpedia||Pale purple|#FAE6FA|1|
encycolorpedia||Pale red-violet|#DB7093|1|
encycolorpedia||Pale robin egg blue|#96DED1|1|
encycolorpedia||Pale silver|#C9C0BB|1|
encycolorpedia||Pale spring bud|#ECEBBD|1|
encycolorpedia||Pale taupe|#BC987E|1|
encycolorpedia||Pale Violet|#CC99FF|1|
encycolorpedia||Pale young green onion|#8DB255|1|
encycolorpedia||Palm Leaf|#6F9940|1|
encycolorpedia||Panasonic blue|#0040BE|1|
encycolorpedia||Pansy purple|#78184A|1|
encycolorpedia||Paolo Veronese green|#009B7D|1|
encycolorpedia||Papaya whip|#FFEFD5|1|
encycolorpedia||Paradise pink|#E63E62|1|
encycolorpedia||Parakeet Blue|#7EB6FF|1|
encycolorpedia||Parrot Pink|#D998A0|1|
encycolorpedia||Pastel blue|#AEC6CF|1|
encycolorpedia||Pastel brown|#836953|1|
encycolorpedia||Pastel gray|#CFCFC4|1|
encycolorpedia||Pastel green|#77DD77|1|
encycolorpedia||Pastel magenta|#F49AC2|1|
encycolorpedia||Pastel orange|#FFB347|1|
encycolorpedia||Pastel pink|#DEA5A4|1|
encycolorpedia||Pastel purple|#B39EB5|1|
encycolorpedia||Pastel red|#FF6961|1|
encycolorpedia||Pastel violet|#CB99C9|1|
encycolorpedia||Pastel yellow|#FDFD96|1|
encycolorpedia||Patina|#407A52|1|
encycolorpedia||Patriarch|#800080|1|
encycolorpedia||Patrinia flowers|#D9B611|1|
encycolorpedia||Peach|#FFE5B4|1|
encycolorpedia||Peach Burst|#F39998|1|
encycolorpedia||Peach puff|#FFDAB9|1|
encycolorpedia||Peach-colored|#F47983|1|
encycolorpedia||Peach-orange|#FFCC99|1|
encycolorpedia||Peach-yellow|#FADFAD|1|
encycolorpedia||Pear|#D1E231|1|
encycolorpedia||Pearl|#EAE0C8|1|
encycolorpedia||Pearl Aqua|#88D8C0|1|
encycolorpedia||Pearly purple|#B768A2|1|
encycolorpedia||Penguin White|#F5F3EF|1|
encycolorpedia||Peridot|#E6E200|1|
encycolorpedia||Periwinkle|#C3CDE6|1|
encycolorpedia||Permanent Geranium Lake|#E12C2C|1|
encycolorpedia||Persian blue|#1C39BB|1|
encycolorpedia||Persian green|#00A693|1|
encycolorpedia||Persian indigo|#32127A|1|
encycolorpedia||Persian orange|#D99058|1|
encycolorpedia||Persian pink|#F77FBE|1|
encycolorpedia||Persian plum|#701C1C|1|
encycolorpedia||Persian red|#CC3333|1|
encycolorpedia||Persian rose|#FE28A2|1|
encycolorpedia||Persimmon|#EC5800|1|
encycolorpedia||Persimmon-juice|#934337|1|
encycolorpedia||Peru|#CD853F|1|
encycolorpedia||Pewter Blue|#8BA8B7|1|
encycolorpedia||Philippine blue|#0038A7|1|
encycolorpedia||Philippine bronze|#6E3A07|1|
encycolorpedia||Philippine brown|#5D1916|1|
encycolorpedia||Philippine gold|#B17304|1|
encycolorpedia||Philippine gray|#8C8C8C|1|
encycolorpedia||Philippine green|#008543|1|
encycolorpedia||Philippine orange|#FF7300|1|
encycolorpedia||Philippine pink|#FA1A8E|1|
encycolorpedia||Philippine red|#CE1127|1|
encycolorpedia||Philippine silver|#B3B3B3|1|
encycolorpedia||Philippine violet|#81007F|1|
encycolorpedia||Philippine yellow|#FECB00|1|
encycolorpedia||Phlox|#DF00FF|1|
encycolorpedia||Phthalo blue|#000F89|1|
encycolorpedia||Phthalo green|#123524|1|
encycolorpedia||Picton blue|#45B1E8|1|
encycolorpedia||Pictorial carmine|#C30B4E|1|
encycolorpedia||Piggy pink|#FDDDE6|1|
encycolorpedia||Pine green|#01796F|1|
encycolorpedia||Pine needle|#454D32|1|
encycolorpedia||Pine tree|#2A2F23|1|
encycolorpedia||Pineapple|#563C0D|1|
encycolorpedia||Pink|#FFC0CB|1|
encycolorpedia||Pink|#D74894|1|
encycolorpedia||Pink flamingo|#FC74FD|1|
encycolorpedia||Pink lace|#FFDDF4|1|
encycolorpedia||Pink lavender|#D8B2D1|1|
encycolorpedia||Pink pearl|#E7ACCF|1|
encycolorpedia||Pink raspberry|#980036|1|
encycolorpedia||Pink Sherbet|#F78FA7|1|
encycolorpedia||Pistachio|#93C572|1|
encycolorpedia||Pixie Powder|#391285|1|
encycolorpedia||Plain mouse|#6E5F57|1|
encycolorpedia||Platinum|#E5E4E2|1|
encycolorpedia||Plum|#8E4585|1|
encycolorpedia||Plum purple|#8F4155|1|
encycolorpedia||Plum-blossom mouse|#97645A|1|
encycolorpedia||Plum-dyed|#FA9258|1|
encycolorpedia||Plump Purple|#5946B2|1|
encycolorpedia||Poker Green|#35654D|1|
encycolorpedia||Polished brown|#985538|1|
encycolorpedia||Polished Pine|#5DA493|1|
encycolorpedia||Pomegranate|#660C21|1|
encycolorpedia||Pomelo|#96A53C|1|
encycolorpedia||Pomelo Olive|#BFBD70|1|
encycolorpedia||Pomelo White|#F9FFE3|1|
encycolorpedia||Poppy Petal|#F6A08C|1|
encycolorpedia||Popstar|#BE4F62|1|
encycolorpedia||Porcupine|#936900|1|
encycolorpedia||Portland Orange|#FF5A36|1|
encycolorpedia||Powder blue|#B0E0E6|1|
encycolorpedia||Princess Perfume|#FF85CF|1|
encycolorpedia||Princeton orange|#F58025|1|
encycolorpedia||Prussian blue|#003153|1|
encycolorpedia||Prussian blue|#003171|1|
encycolorpedia||Puce|#CC8899|1|
encycolorpedia||Puce red|#722F37|1|
encycolorpedia||Pullman Brown|#644117|1|
encycolorpedia||Pullman Green|#3B331C|1|
encycolorpedia||Pumpkin|#FF7518|1|
encycolorpedia||Pure crimson|#C3272B|1|
encycolorpedia||Purple|#6A0DAD|1|
encycolorpedia||Purple|#9F00C5|1|
encycolorpedia||Purple|#4F284B|1|
encycolorpedia||Purple|#A020F0|1|
encycolorpedia||Purple Heart|#69359C|1|
encycolorpedia||Purple kite|#512C31|1|
encycolorpedia||Purple mountain majesty|#9678B6|1|
encycolorpedia||Purple navy|#4E5180|1|
encycolorpedia||Purple pizzazz|#FE4EDA|1|
encycolorpedia||Purple Plum|#9C51B6|1|
encycolorpedia||Purple taupe|#50404D|1|
encycolorpedia||Purpureus|#9A4EAE|1|
encycolorpedia||Quartz|#51484F|1|
encycolorpedia||Queen blue|#436B95|1|
encycolorpedia||Queen pink|#E8CCD7|1|
encycolorpedia||Quick Silver|#A6A6A6|1|
encycolorpedia||Quinacridone magenta|#8E3A59|1|
encycolorpedia||Quincy|#6A5445|1|
encycolorpedia||Rabbit-ear iris|#491E3C|1|
encycolorpedia||Radical Red|#FF355E|1|
encycolorpedia||Raisin black|#242124|1|
encycolorpedia||Rajah|#FBAB60|1|
encycolorpedia||Rambutan|#C71232|1|
encycolorpedia||Rambutan Red|#A72127|1|
encycolorpedia||Rape-blossom brown|#E3B130|1|
encycolorpedia||Rapeseed oil-colored|#A17917|1|
encycolorpedia||Raspberry|#E30B5D|1|
encycolorpedia||Raspberry pink|#E25098|1|
encycolorpedia||Raw Sienna|#D68A59|1|
encycolorpedia||Raw umber|#826644|1|
encycolorpedia||Razzle dazzle rose|#FF33CC|1|
encycolorpedia||Razzmatazz|#E3256B|1|
encycolorpedia||Razzmic Berry|#8D4E85|1|
encycolorpedia||Rebecca Purple|#663399|1|
encycolorpedia||Red|#FF0000|1|
encycolorpedia||Red|#EE204D|1|
encycolorpedia||Red|#F2003C|1|
encycolorpedia||Red|#C40233|1|
encycolorpedia||Red|#FE2712|1|
encycolorpedia||Red bean|#672422|1|
encycolorpedia||Red birch|#9D2B22|1|
encycolorpedia||Red cola|#B62020|1|
encycolorpedia||Red devil|#860111|1|
encycolorpedia||Red incense-colored|#F07F5E|1|
encycolorpedia||Red kite|#913228|1|
encycolorpedia||Red ochre|#9F5233|1|
encycolorpedia||Red plum|#DB5A6B|1|
encycolorpedia||Red Salsa|#FD3A4A|1|
encycolorpedia||Red wisteria|#BB7796|1|
encycolorpedia||Red-bronze|#FB8136|1|
encycolorpedia||Red-brown|#A13D2D|1|
encycolorpedia||Red-brown|#8B352D|1|
encycolorpedia||Red-orange|#FF4500|1|
encycolorpedia||Red-orange|#DC3023|1|
encycolorpedia||Red-purple|#E40078|1|
encycolorpedia||Red-violet|#922B3E|1|
encycolorpedia||Red-violet|#C0448F|1|
encycolorpedia||Redwood|#A45A52|1|
encycolorpedia||Regalia|#522D80|1|
encycolorpedia||Resolution blue|#002387|1|
encycolorpedia||Rhythm|#777696|1|
encycolorpedia||Rich black|#004040|1|
encycolorpedia||Rich black|#010B13|1|
encycolorpedia||Rich black|#010203|1|
encycolorpedia||Rich brilliant lavender|#F1A7FE|1|
encycolorpedia||Rich electric blue|#0892D0|1|
encycolorpedia||Rich gardenia|#F57F4F|1|
encycolorpedia||Rich lavender|#A76BCF|1|
encycolorpedia||Rich lilac|#B666D2|1|
encycolorpedia||Rifle green|#444C38|1|
encycolorpedia||Rikan brown|#534A32|1|
encycolorpedia||Rinsed-out red|#FF7952|1|
encycolorpedia||Ripe mango|#FFC324|1|
encycolorpedia||Robin egg blue|#00CCCC|1|
encycolorpedia||Rocket metallic|#8A7F80|1|
encycolorpedia||Roman silver|#838996|1|
encycolorpedia||Root beer|#290E05|1|
encycolorpedia||Rose bonbon|#F9429E|1|
encycolorpedia||Rose Dust|#9E5E6F|1|
encycolorpedia||Rose ebony|#674846|1|
encycolorpedia||Rose garnet|#960145|1|
encycolorpedia||Rose gold|#B76E79|1|
encycolorpedia||Rose pink|#FF66CC|1|
encycolorpedia||Rose quartz pink|#BD559C|1|
encycolorpedia||Rose red|#C21E56|1|
encycolorpedia||Rose taupe|#905D5D|1|
encycolorpedia||Rose vale|#AB4E52|1|
encycolorpedia||Rosewood|#65000B|1|
encycolorpedia||Rosso corsa|#D40000|1|
encycolorpedia||Rosy brown|#BC8F8F|1|
encycolorpedia||Royal azure|#0038A8|1|
encycolorpedia||Royal blue|#002366|1|
encycolorpedia||Royal blue|#4169E1|1|
encycolorpedia||Royal brown|#523B35|1|
encycolorpedia||Royal fuchsia|#CA2C92|1|
encycolorpedia||Royal green|#136207|1|
encycolorpedia||Royal orange|#F99245|1|
encycolorpedia||Royal pink|#E73895|1|
encycolorpedia||Royal purple|#7851A9|1|
encycolorpedia||Royal red|#D00060|1|
encycolorpedia||Royal red|#9B1C31|1|
encycolorpedia||Ruber|#CE4676|1|
encycolorpedia||Rubine red|#D10056|1|
encycolorpedia||Ruby|#E0115F|1|
encycolorpedia||Ruby red|#9B111E|1|
encycolorpedia||Ruddy|#FF0028|1|
encycolorpedia||Ruddy brown|#BB6528|1|
encycolorpedia||Ruddy pink|#E18E96|1|
encycolorpedia||Rufous|#A81C07|1|
encycolorpedia||Rum|#716675|1|
encycolorpedia||Russet|#80461B|1|
encycolorpedia||Russian green|#679267|1|
encycolorpedia||Russian violet|#32174D|1|
encycolorpedia||Rust|#B7410E|1|
encycolorpedia||Rusted light-blue|#6A7F7A|1|
encycolorpedia||Rusty celadon|#898A74|1|
encycolorpedia||Rusty red|#DA2C43|1|
encycolorpedia||Rusty storage|#455859|1|
encycolorpedia||Rusty storeroom|#3A403B|1|
encycolorpedia||Sacramento State green|#043927|1|
encycolorpedia||Saddle brown|#8B4513|1|
encycolorpedia||Safety orange|#FF7800|1|
encycolorpedia||Safety orange|#FF6700|1|
encycolorpedia||Safety yellow|#EED202|1|
encycolorpedia||Safflower|#5A4F74|1|
encycolorpedia||Saffron|#F4C430|1|
encycolorpedia||Sage|#BCB88A|1|
encycolorpedia||Salmon|#FA8072|1|
encycolorpedia||Salmon pink|#FF91A4|1|
encycolorpedia||Salmon Rose|#E7968B|1|
encycolorpedia||Samsung blue|#12279E|1|
encycolorpedia||Sandstorm|#ECD540|1|
encycolorpedia||Sandy brown|#F4A460|1|
encycolorpedia||Sandy Tan|#FDD9B5|1|
encycolorpedia||Sangria|#92000A|1|
encycolorpedia||Sap green|#507D2A|1|
encycolorpedia||Sappanwood|#7E2639|1|
encycolorpedia||Sappanwood incense|#A24F46|1|
encycolorpedia||Sapphire|#0F52BA|1|
encycolorpedia||Sasquatch Socks|#FF4681|1|
encycolorpedia||Satin sheen gold|#CBA135|1|
encycolorpedia||Sawtooth oak|#EC956C|1|
encycolorpedia||Scarlet|#FF2400|1|
encycolorpedia||Scarlet|#CF3A24|1|
encycolorpedia||School bus yellow|#FFD800|1|
encycolorpedia||Scorched brown|#351F19|1|
encycolorpedia||Screamin Green|#66FF66|1|
encycolorpedia||Sea blue|#006994|1|
encycolorpedia||Sea Foam Green|#9FE2BF|1|
encycolorpedia||Sea green|#2E8B57|1|
encycolorpedia||Sea green|#00FFCD|1|
encycolorpedia||Sea Serpent|#4BC7CF|1|
encycolorpedia||Seal brown|#59260B|1|
encycolorpedia||Seashell|#FFF5EE|1|
encycolorpedia||Selective yellow|#FFBA00|1|
encycolorpedia||Sen no Rikyus tea|#826B58|1|
encycolorpedia||Sepia|#704214|1|
encycolorpedia||Sesame Street Green|#00A870|1|
encycolorpedia||Shadow|#8A795D|1|
encycolorpedia||Shadow blue|#778BA5|1|
encycolorpedia||Shampoo|#FFCFF1|1|
encycolorpedia||Shamrock green|#009E60|1|
encycolorpedia||Shandy|#FFE670|1|
encycolorpedia||Sheen green|#8FD400|1|
encycolorpedia||Shimmering Blush|#D98695|1|
encycolorpedia||Shiny Shamrock|#5FA778|1|
encycolorpedia||Shocking pink|#FC0FC0|1|
encycolorpedia||Shocking pink|#FF6FFF|1|
encycolorpedia||Silk crepe brown|#354E4B|1|
encycolorpedia||Silver|#AAA9AD|1|
encycolorpedia||Silver chalice|#ACACAC|1|
encycolorpedia||Silver foil|#AFB1AE|1|
encycolorpedia||Silver Lake blue|#5D89BA|1|
encycolorpedia||Silver pink|#C4AEAD|1|
encycolorpedia||Silver sand|#BFC1C2|1|
encycolorpedia||Silver-grey|#97867C|1|
encycolorpedia||Simmered seaweed|#4C3D30|1|
encycolorpedia||Sinopia|#CB410B|1|
encycolorpedia||Siskin sprout yellow|#7A942E|1|
encycolorpedia||Sizzling Red|#FF3855|1|
encycolorpedia||Sizzling Sunrise|#FFDB00|1|
encycolorpedia||Skobeloff|#007474|1|
encycolorpedia||Sky blue|#87CEEB|1|
encycolorpedia||Sky blue|#76D7EA|1|
encycolorpedia||Sky Blue|#4D8FAC|1|
encycolorpedia||Sky magenta|#CF71AF|1|
encycolorpedia||Slate blue|#6A5ACD|1|
encycolorpedia||Slate gray|#708090|1|
encycolorpedia||Slimy green|#299617|1|
encycolorpedia||Smashed Pumpkin|#FF6D3A|1|
encycolorpedia||Smitten|#C84186|1|
encycolorpedia||Smoke|#738276|1|
encycolorpedia||Smokey Topaz|#832A0D|1|
encycolorpedia||Smoky black|#100C08|1|
encycolorpedia||Smoky Topaz|#933D41|1|
encycolorpedia||Snow|#FFFAFA|1|
encycolorpedia||Soap|#CEC8EF|1|
encycolorpedia||Soldier Green|#545A2C|1|
encycolorpedia||Solid pink|#893843|1|
encycolorpedia||Sonic silver|#757575|1|
encycolorpedia||Sooty willow bamboo|#4D4B3A|1|
encycolorpedia||Space cadet|#1D2951|1|
encycolorpedia||Spanish bistre|#807532|1|
encycolorpedia||Spanish blue|#0070B8|1|
encycolorpedia||Spanish carmine|#D10047|1|
encycolorpedia||Spanish crimson|#E51A4C|1|
encycolorpedia||Spanish gray|#989898|1|
encycolorpedia||Spanish green|#009150|1|
encycolorpedia||Spanish orange|#E86100|1|
encycolorpedia||Spanish pink|#F7BFBE|1|
encycolorpedia||Spanish purple|#66033C|1|
encycolorpedia||Spanish red|#E60026|1|
encycolorpedia||Spanish violet|#4C2882|1|
encycolorpedia||Spanish viridian|#007F5C|1|
encycolorpedia||Spanish yellow|#F6B511|1|
encycolorpedia||Sparrow-brown|#8C4736|1|
encycolorpedia||Spartan Crimson|#9E1316|1|
encycolorpedia||Spicy mix|#8B5F4D|1|
encycolorpedia||Spicy red-brown|#B35C44|1|
encycolorpedia||Spiro Disco Ball|#0FC0FC|1|
encycolorpedia||Sponge|#FDFE03|1|
encycolorpedia||Spring bud|#A7FC00|1|
encycolorpedia||Spring Frost|#87FF2A|1|
encycolorpedia||Sprint Red|#EC2131|1|
encycolorpedia||Sprint Yellow|#FFDD05|1|
encycolorpedia||St. Patricks blue|#23297A|1|
encycolorpedia||Stained red|#78779B|1|
encycolorpedia||Star command blue|#007BB8|1|
encycolorpedia||Steamed chestnut|#D3B17D|1|
encycolorpedia||Steel blue|#4682B4|1|
encycolorpedia||Steel pink|#CC33CC|1|
encycolorpedia||Steel Teal|#5F8A8B|1|
encycolorpedia||Stone Terrace|#A09484|1|
encycolorpedia||Stop red|#CF142B|1|
encycolorpedia||Storeroom brown|#3D4035|1|
encycolorpedia||Stormcloud|#4F666A|1|
encycolorpedia||Straw|#E4D96F|1|
encycolorpedia||Strawberry|#FC5A8D|1|
encycolorpedia||Strawberry Daiquiri|#D9463E|1|
encycolorpedia||Strawberry Jam|#8B171A|1|
encycolorpedia||Strawberry red|#C83F49|1|
encycolorpedia||Strong boy pink|#E9399E|1|
encycolorpedia||Stylish persimmon|#FFA26B|1|
encycolorpedia||Sugar Plum|#914E75|1|
encycolorpedia||Sumac-dyed|#E08A1E|1|
encycolorpedia||Sumac-dyed|#592B1F|1|
encycolorpedia||Sunburnt Cyclops|#FF404C|1|
encycolorpedia||Sunglow|#FFCC33|1|
encycolorpedia||Sunny|#F2F27A|1|
encycolorpedia||Sunray|#E3AB57|1|
encycolorpedia||Sunset Orange|#FD5E53|1|
encycolorpedia||Sunset Yellow|#FFC922|1|
encycolorpedia||Super pink|#CF6BA9|1|
encycolorpedia||Sweet Brown|#A83731|1|
encycolorpedia||Sweet Sixteen|#F29EAB|1|
encycolorpedia||Tan|#D2B48C|1|
encycolorpedia||Tan|#D99A6C|1|
encycolorpedia||Tangelo|#F94D00|1|
encycolorpedia||Tangerine|#F28500|1|
encycolorpedia||Tangerine yellow|#FFCC00|1|
encycolorpedia||Taobao Orange|#FF4200|1|
encycolorpedia||Tardis blue|#003B6F|1|
encycolorpedia||Tart Orange|#FB4D46|1|
encycolorpedia||Tatarian aster|#976E9A|1|
encycolorpedia||Taupe gray|#8B8589|1|
encycolorpedia||Tea green|#D0F0C0|1|
encycolorpedia||Teal|#008080|1|
encycolorpedia||Teal blue|#367588|1|
encycolorpedia||Teal deer|#99E6B3|1|
encycolorpedia||Teal green|#00827F|1|
encycolorpedia||Telemagenta|#CF3476|1|
encycolorpedia||Temptress|#3C2126|1|
encycolorpedia||Tenne|#CD5700|1|
encycolorpedia||Terra cotta|#E2725B|1|
encycolorpedia||Undried wall|#785E49|1|
encycolorpedia||Thin|#A87CA0|1|
encycolorpedia||Thistle|#D8BFD8|1|
encycolorpedia||Thistle|#EBB0D7|1|
encycolorpedia||Thousand herb|#317589|1|
encycolorpedia||Thousand year old brown|#3B3429|1|
encycolorpedia||Thousand year old green|#374231|1|
encycolorpedia||Thrice-dyed crimson|#F7665A|1|
encycolorpedia||Tickle Me Pink|#FC89AC|1|
encycolorpedia||Tiffany Blue|#0ABAB5|1|
encycolorpedia||Tigers Eye|#E08D3C|1|
encycolorpedia||Timberwolf|#DBD7D2|1|
encycolorpedia||Titanium|#878681|1|
encycolorpedia||Titanium yellow|#EEE600|1|
encycolorpedia||Tomato|#FF6347|1|
encycolorpedia||Tomato sauce|#B21807|1|
encycolorpedia||Toolbox|#746CC0|1|
encycolorpedia||Topaz|#FFC87C|1|
encycolorpedia||Tractor red|#FD0E35|1|
encycolorpedia||Tree peony|#A4345D|1|
encycolorpedia||Trolley grey|#808080|1|
encycolorpedia||Tropical rain forest|#00755E|1|
encycolorpedia||Tropical violet|#CDA4DE|1|
encycolorpedia||True Blue|#0073CF|1|
encycolorpedia||True Blue|#2D68C4|1|
encycolorpedia||True red|#8F1D21|1|
encycolorpedia||Tufts blue|#3E8EDE|1|
encycolorpedia||Tulip|#FF878D|1|
encycolorpedia||Tumbleweed|#DEAA88|1|
encycolorpedia||Turkish rose|#B57281|1|
encycolorpedia||Turmeric-colored|#E69B3A|1|
encycolorpedia||Turquoise|#40E0D0|1|
encycolorpedia||Turquoise blue|#00FFEF|1|
encycolorpedia||Turquoise green|#A0D6B4|1|
encycolorpedia||Turquoise Surf|#00C5CD|1|
encycolorpedia||Tuscan red|#7C4848|1|
encycolorpedia||Tuscany|#C09999|1|
encycolorpedia||Twilight lavender|#8A496B|1|
encycolorpedia||Twitter blue|#26A7DE|1|
encycolorpedia||UA blue|#0033AA|1|
encycolorpedia||UA red|#D9004C|1|
encycolorpedia||Ube|#8878C3|1|
encycolorpedia||Ucla Blue|#536895|1|
encycolorpedia||Ucla Gold|#FFB300|1|
encycolorpedia||UE red|#BA0001|1|
encycolorpedia||UFO Green|#3CD070|1|
encycolorpedia||Ultra red|#FC6C85|1|
encycolorpedia||Ultramarine blue|#4166F5|1|
encycolorpedia||Ultramarine|#5D8CAE|1|
encycolorpedia||Umber|#635147|1|
encycolorpedia||Unbleached silk|#FFDDCA|1|
encycolorpedia||Underside of willow leaves|#BCB58C|1|
encycolorpedia||United Nations blue|#5B92E5|1|
encycolorpedia||University Of California Gold|#B78727|1|
encycolorpedia||University Of Tennessee Orange|#F77F00|1|
encycolorpedia||UP maroon|#7B1113|1|
encycolorpedia||Upsdell red|#AE2029|1|
encycolorpedia||Urobilin|#E1AD21|1|
encycolorpedia||USAFA blue|#004F98|1|
encycolorpedia||Utah Crimson|#D3003F|1|
encycolorpedia||Vampire black|#080808|1|
encycolorpedia||Van Dyke brown|#664228|1|
encycolorpedia||Vanilla ice|#F38FA9|1|
encycolorpedia||Vegas gold|#C5B358|1|
encycolorpedia||Velvet|#224634|1|
encycolorpedia||Venetian red|#C80815|1|
encycolorpedia||Verdigris|#43B3AE|1|
encycolorpedia||Verizon Red|#CD040B|1|
encycolorpedia||Verizon Red|#EC1C24|1|
encycolorpedia||Vermilion|#D9381E|1|
encycolorpedia||Verse green|#18880D|1|
encycolorpedia||Very light azure|#74BBFB|1|
encycolorpedia||Very light blue|#6666FF|1|
encycolorpedia||Very light malachite green|#64E986|1|
encycolorpedia||Very light tangelo|#FFB077|1|
encycolorpedia||Very pale orange|#FFDFBF|1|
encycolorpedia||Very pale yellow|#FFFFBF|1|
encycolorpedia||Vine grape|#6D2B50|1|
encycolorpedia||Vine Green|#38A32A|1|
encycolorpedia||Violet|#7F00FF|1|
encycolorpedia||Violet|#963D7F|1|
encycolorpedia||Violet|#8601AF|1|
encycolorpedia||Violet-blue|#324AB2|1|
encycolorpedia||Violet-blue|#766EC8|1|
encycolorpedia||Violet-red|#F75394|1|
encycolorpedia||Violet-red|#891446|1|
encycolorpedia||Violets Are Blue|#8366F4|1|
encycolorpedia||Violin Brown|#674403|1|
encycolorpedia||Viridian green|#009698|1|
encycolorpedia||Vista blue|#7C9ED9|1|
encycolorpedia||Vivaldi Red|#EF3939|1|
encycolorpedia||Vivid auburn|#922724|1|
encycolorpedia||Vivid burgundy|#9F1D35|1|
encycolorpedia||Vivid cerise|#DA1D81|1|
encycolorpedia||Vivid cerulean|#00AAEE|1|
encycolorpedia||Vivid crimson|#CC0033|1|
encycolorpedia||Vivid gamboge|#FF9900|1|
encycolorpedia||Vivid lime green|#A6D608|1|
encycolorpedia||Vivid malachite|#00CC33|1|
encycolorpedia||Vivid mulberry|#B80CE3|1|
encycolorpedia||Vivid orange|#FF5F00|1|
encycolorpedia||Vivid orange peel|#FFA000|1|
encycolorpedia||Vivid orchid|#CC00FF|1|
encycolorpedia||Vivid raspberry|#FF006C|1|
encycolorpedia||Vivid red|#F70D1A|1|
encycolorpedia||Vivid red-tangelo|#DF6124|1|
encycolorpedia||Vivid sky blue|#00CCFF|1|
encycolorpedia||Vivid tangelo|#F07427|1|
encycolorpedia||Vivid tangerine|#FFA089|1|
encycolorpedia||Vivid vermilion|#E56024|1|
encycolorpedia||Vivid violet|#9F00FF|1|
encycolorpedia||Vivid yellow|#FFE302|1|
encycolorpedia||Vodka|#BFC0EE|1|
encycolorpedia||Volt|#CEFF00|1|
encycolorpedia||Wageningen Green|#34B233|1|
encycolorpedia||Walnut-dyed|#9F7462|1|
encycolorpedia||Warm black|#004242|1|
encycolorpedia||Washed-out crimson|#FFB3A7|1|
encycolorpedia||Washed-out persimmon|#EC8254|1|
encycolorpedia||Water|#D4F1F9|1|
encycolorpedia||Water persimmon|#B56C60|1|
encycolorpedia||Watermelon Yellow|#EEFF1B|1|
encycolorpedia||Waterspout|#A4F4F9|1|
encycolorpedia||Weathered bamboo|#593A27|1|
encycolorpedia||Weebly Blue|#1F8EED|1|
encycolorpedia||Weebly Orange|#FF9A00|1|
encycolorpedia||Weldon Blue|#7C98AB|1|
encycolorpedia||Wenge|#645452|1|
encycolorpedia||Wheat|#F5DEB3|1|
encycolorpedia||White|#FFFFFF|1|
encycolorpedia||White chocolate|#EDE6D6|1|
encycolorpedia||White coffee|#E6E0D4|1|
encycolorpedia||White mouse|#B9A193|1|
encycolorpedia||White oak|#CE9F6F|1|
encycolorpedia||White tea-colored|#C48E69|1|
encycolorpedia||Whitish green|#A5BA93|1|
encycolorpedia||Wild blue yonder|#A2ADD0|1|
encycolorpedia||Wild orchid|#D470A2|1|
encycolorpedia||Wild Strawberry|#FF43A4|1|
encycolorpedia||Willow dye|#8C9E5E|1|
encycolorpedia||Willow grey|#817B69|1|
encycolorpedia||Willow tea|#9C8A4D|1|
encycolorpedia||Willpower orange|#FD5800|1|
encycolorpedia||Wilted brown|#AB4C3D|1|
encycolorpedia||Windsor tan|#A75502|1|
encycolorpedia||Wine red|#B11226|1|
encycolorpedia||Winter Sky|#FF007C|1|
encycolorpedia||Winter Wizard|#A0E6FF|1|
encycolorpedia||Wintergreen Dream|#56887D|1|
encycolorpedia||Wisteria|#C9A0DC|1|
encycolorpedia||Wisteria and burnt-bamboo|#4D3B3C|1|
encycolorpedia||Wisteria|#89729E|1|
encycolorpedia||Wisteria purple|#875F9A|1|
encycolorpedia||Xanadu|#738678|1|
encycolorpedia||Xbox Green|#0E7A0D|1|
encycolorpedia||Xiaomi Orange|#FD4900|1|
encycolorpedia||Yale Blue|#0F4D92|1|
encycolorpedia||Yankees blue|#1C2841|1|
encycolorpedia||Yellow|#FFFF00|1|
encycolorpedia||Yellow|#FCE883|1|
encycolorpedia||Yellow|#EFCC00|1|
encycolorpedia||Yellow|#FEDF00|1|
encycolorpedia||Yellow|#FEFE33|1|
encycolorpedia||Yellow Orange|#FFAE42|1|
encycolorpedia||Yellow Orange|#FF9505|1|
encycolorpedia||Yellow rose|#FFF000|1|
encycolorpedia||Yellow Sea pine-brown|#896C39|1|
encycolorpedia||Yellow-green|#9ACD32|1|
encycolorpedia||Yellow-green|#30B21A|1|
encycolorpedia||Yellow-green|#C5E384|1|
encycolorpedia||YInMn Blue|#2E5090|1|
encycolorpedia||Young bamboo|#6B9362|1|
encycolorpedia||Youtube red|#B2071D|1|
encycolorpedia||Zaffre|#0014A8|1|
encycolorpedia||Zinnwaldite|#EBC2AF|1|
encycolorpedia||Zinnwaldite brown|#2C1608|1|
encycolorpedia||Zomp|#39A78E|1|
