FS595C|||#2a1610|1|10032
FS595C|||#523f3e|1|10045
FS595C||Maroon 81352, ANA 510|#421814|1|10049
FS595C||DoT Highway Brown|#633517|1|10055
FS595C|||#592e29|1|10075
FS595C||Coast Guard Deck Red, Metallic Red-Brown|#712617|1|10076
FS595C||Seal Brown, NASA Safety Brown|#553a28|1|10080
FS595C||Dark Oak|#773517|1|10091
FS595C|||#9e5d38|1|10115
FS595C|||#926f5d|1|10219
FS595C||Cocoa Brown, National Parks Service 1|#a46d63|1|10233
FS595C|||#cba46a|1|10260
FS595C||Middlestone|#aa824e|1|10266
FS595C|||#af8d81|1|10324
FS595C||Buff, TT-E-489|#c78d59|1|10371
FS595C||DoT Highway Red|#a6001a|1|11086
FS595C||OSHA Safety Red, DoT Red|#a60117|1|11105
FS595C||OSHA Safety Red|#bd1e24|1|11120
FS595C||Insignia Red, Carmine Red |#9b0a18|1|11136
FS595C||OSHA Safety Red|#a7071c|1|11140
FS595C|||#c8372e|1|11302
FS595C||Post Office Red|#b44441|1|11310
FS595C|||#b83347|1|11328
FS595C||Coast Guard Buoy Red|#a93d43|1|11350
FS595C|||#d33723|1|11400
FS595C|||#e5b6b9|1|11630
FS595C||Peach|#f7cab9|1|11670
FS595C||Orange-Brown|#ac543b|1|12160
FS595C||International Orange, ANA 508|#ce3500|1|12197
FS595C||Coast Guard Red #40|#e62200|1|12199
FS595C|||#d34b0c|1|12215
FS595C||DoT Highway Orange|#e06000|1|12243
FS595C||OSHA Safety Orange|#dc4a00|1|12246
FS595C||Coast Guard Orange|#db4e3b|1|12250
FS595C||OSHA Safety Orange|#e97600|1|12300
FS595C|||#eb6602|1|12473
FS595C|||#ecbf9e|1|12648
FS595C||Post Office Yellow|#b4823a|1|13275
FS595C||School Bus Yellow|#ee9600|1|13415
FS595C|||#f49600|1|13432
FS595C||DoT Highway Yellow|#ffab00|1|13507
FS595C|||#ceb6a0|1|13522
FS595C|||#dbb883|1|13523
FS595C||Beige|#d3b6a4|1|13531
FS595C||DoT Highway Yellow, ANA 506|#f8a300|1|13538
FS595C||Warm Gray|#dcc2a4|1|13578
FS595C||OSHA Safety Yellow|#f6c700|1|13591
FS595C||Aircraft Cream, ANA 507|#f0c282|1|13594
FS595C|||#e5bc7f|1|13596
FS595C||Buff|#f0c8a6|1|13613
FS595C||Postal Service Cream|#f5c964|1|13618
FS595C|||#e0a816|1|13637
FS595C||OSHA Safety Yellow, ANA 505|#ffbb00|1|13655
FS595C||Yellow-Green|#ded560|1|13670
FS595C||Park Service Cream|#ead1b5|1|13690
FS595C||Ivory, Forest Service|#f6cb82|1|13695
FS595C|||#eecdae|1|13711
FS595C|||#172e29|1|14036
FS595C||Army Green, NATO Green|#343730|1|14050
FS595C||Marine Green #23|#35352b|1|14052
FS595C|||#29332f|1|14056
FS595C||Deep Green|#0f482e|1|14062
FS595C|||#3f3b2f|1|14064
FS595C||DoT Highway Green|#004d33|1|14066
FS595C|||#383e37|1|14077
FS595C|||#434333|1|14079
FS595C||Sikorsky Green|#525347|1|14081
FS595C|||#2d271a|1|14084
FS595C|||#2e271a|1|14087
FS595C|||#006539|1|14090
FS595C|||#53593e|1|14097
FS595C||DoT Highway Green|#005139|1|14109
FS595C||NASA Safety Medium Green|#18622d|1|14110
FS595C|||#006d4e|1|14115
FS595C||OSHA Safety Green|#007256|1|14120
FS595C|||#5f6c6d|1|14158
FS595C|||#686d64|1|14159
FS595C||Oxygen Tank Green, ANA 503|#457725|1|14187
FS595C||Coast Guard Green|#2f9254|1|14193
FS595C|||#528060|1|14223
FS595C|||#7d9792|1|14241
FS595C|||#8f8156|1|14255
FS595C|||#8b845c|1|14257
FS595C||OSHA Safety Green|#569376|1|14260
FS595C|||#6f947a|1|14272
FS595C|||#819290|1|14277
FS595C|||#79a196|1|14325
FS595C|||#a2b398|1|14449
FS595C|||#a7b8aa|1|14491
FS595C|||#b1beb5|1|14516
FS595C|||#abb593|1|14533
FS595C||Army Admin Vehicles|#d1d2bf|1|14672
FS595C||Sea Blue, Teal Blue, ANA 623|#002d30|1|15042
FS595C||Dark Blue, Insignia Blue, ANA 502|#172035|1|15044
FS595C||Strata Blue, Air Force Blue, ANA 516|#122b3e|1|15045
FS595C||Post Office Dark Blue|#3c485c|1|15048
FS595C||Post Office Box|#123057|1|15050
FS595C||Post Office Medium Blue|#3a5174|1|15052
FS595C|||#3e476a|1|15055
FS595C|||#16216a|1|15056
FS595C||DoT Highway Blue|#00477e|1|15065
FS595C||Handicap Blue|#0f4267|1|15080
FS595C||DoT Highway Blue|#004472|1|15090
FS595C||OSHA Safety Blue|#0067a7|1|15092
FS595C||Post Office Light Blue|#3b6ba5|1|15095
FS595C||OSHA Safety Blue, ANA 501|#09568d|1|15102
FS595C|||#557792|1|15107
FS595C||Bright Blue|#2c5da3|1|15123
FS595C|||#006088|1|15125
FS595C||Clear Blue|#547495|1|15177
FS595C||Blue, 85285|#0065b1|1|15180
FS595C||Coast Guard Blue|#0073ad|1|15182
FS595C|||#0090c7|1|15187
FS595C||Light Blue|#4a808f|1|15193
FS595C|||#47add5|1|15200
FS595C|||#8eb1d6|1|15450
FS595C|||#adbbcc|1|15526
FS595C||Coast Guard Deck Gray|#5b606a|1|16076
FS595C||Dark Gray, ANA 513|#47484a|1|16081
FS595C||Coast Guard Blue Gray|#494f58|1|16099
FS595C|||#806947|1|16160
FS595C|||#706a5d|1|16165
FS595C||Mechanic Gray Navy Standard|#647489|1|16187
FS595C|||#848288|1|16251
FS595C||Machinery Gray|#95928f|1|16307
FS595C|||#929396|1|16314
FS595C|||#908472|1|16350
FS595C|||#a79e92|1|16357
FS595C|||#afa396|1|16360
FS595C|||#a19d99|1|16376
FS595C||Parchment|#c3b4a4|1|16405
FS595C||Light Gray 85285, 81352|#b5afaf|1|16440
FS595C||Aircraft Gray, NASA, ANA 512|#a2a7ad|1|16473
FS595C||Canada 501-109|#adbab5|1|16480
FS595C||Dawn Gray|#bfb9bb|1|16492
FS595C||Boeing Gray 707|#c2bfc6|1|16515
FS595C|||#cebca6|1|16555
FS595C||OSHA Black, ANA 515, 622|#0b0b0d|1|17038
FS595C|||#8e763e|1|17043
FS595C|||#683c72|1|17100
FS595C||OSHA Safety Purple|#994680|1|17142
FS595C||OSHA Safety Purple|#964f8e|1|17155
FS595C||Silver/ International Aluminum|#92909a|1|17178
FS595C||Blue White|#e3e3e4|1|17773
FS595C|||#f0e1d3|1|17778
FS595C|||#f4dfc5|1|17855
FS595C||Coast Guard White|#ece6ea|1|17860
FS595C||Hawker Beechcraft White|#e2e5e3|1|17865
FS595C||Insignia White, ANA 511|#f0e9ee|1|17875
FS595C||Coast Guard White|#e5efe9|1|17877
FS595C||Bone White|#f6eae6|1|17886
FS595C||Untinted White|#faeff5|1|17925
FS595C|||#42332a|1|20040
FS595C|||#544040|1|20045
FS595C||Forest Service Sign Standard|#503832|1|20059
FS595C|||#603335|1|20061
FS595C|||#493937|1|20062
FS595C||Brown 356|#594f47|1|20065
FS595C||Madeira 1957|#5d5343|1|20068
FS595C||Highland 480|#685240|1|20090
FS595C|||#705b4b|1|20095
FS595C|||#85482b|1|20100
FS595C||F.S. Seminal Brown|#833e33|1|20109
FS595C|||#7c503a|1|20117
FS595C|||#6b462f|1|20122
FS595C|||#7c5e50|1|20140
FS595C||Coyote 476/498|#776550|1|20150
FS595C|||#8c372e|1|20152
FS595C||Light Brown 493|#7d5947|1|20155
FS595C||Olive Mohave|#7e6c5b|1|20170
FS595C||Tan 499|#7f7260|1|20180
FS595C|||#967070|1|20206
FS595C|||#92705c|1|20219
FS595C||Light Coyote 481|#8e7c6c|1|20220
FS595C|||#9b7d6f|1|20227
FS595C|||#a56f68|1|20233
FS595C||Rose|#b47160|1|20252
FS595C|||#cda367|1|20260
FS595C|||#a8844c|1|20266
FS595C||Urban Tan 478|#9d8c85|1|20270
FS595C|||#ad8d84|1|20313
FS595C|||#a8937e|1|20318
FS595C||Tan|#b19b8b|1|20372
FS595C|||#cd9a71|1|20400
FS595C|||#c7a595|1|20450
FS595C||Mushroom|#c0b6a2|1|20460
FS595C||Saudi Color #11, (SANG)|#cdb090|1|20475
FS595C|||#b20013|1|21105
FS595C|||#9a141d|1|21136
FS595C|||#bc465a|1|21158
FS595C|||#c53633|1|21302
FS595C|||#d3341f|1|21400
FS595C|||#cd9284|1|21433
FS595C|||#e6b4a7|1|21575
FS595C|||#eeccba|1|21643
FS595C|||#efcbb1|1|21667
FS595C|||#efc9ca|1|21668
FS595C|||#f3c8b8|1|21670
FS595C|||#a7452e|1|22144
FS595C|||#d82907|1|22190
FS595C|||#bd5232|1|22203
FS595C|||#de511c|1|22246
FS595C|||#c96c55|1|22276
FS595C|||#db7868|1|22356
FS595C|||#ff6600|1|22510
FS595C||Light Orange Brown|#df9471|1|22516
FS595C||Rosewood|#dcaf9a|1|22519
FS595C|||#f89243|1|22544
FS595C||Beachwood|#ddb79e|1|22563
FS595C||Buff|#eabfa7|1|22630
FS595C||Buff|#f1c3a8|1|22648
FS595C|||#ba843d|1|23275
FS595C||Khaki 475|#7d776a|1|23420
FS595C||Khaki P1|#9a8e79|1|23430
FS595C||Light Khaki 494|#9c917d|1|23435
FS595C|||#bb9e7a|1|23448
FS595C|||#ceb5a0|1|23522
FS595C||Desert Sand 500/503|#bfb4ac|1|23525
FS595C||Light Tan 479|#b4a6a0|1|23530
FS595C||Light Mushroom Navy|#d3b8a5|1|23531
FS595C|||#fda800|1|23538
FS595C|||#dec5a0|1|23564
FS595C|||#dac3a7|1|23578
FS595C|||#f1c386|1|23594
FS595C||Buff|#edc6a3|1|23613
FS595C|||#ddc3b0|1|23617
FS595C|||#e7c6a3|1|23619
FS595C||Yellow 13655|#f7b800|1|23640
FS595C|||#ffc000|1|23655
FS595C|||#eadba7|1|23685
FS595C|||#e8cfb4|1|23690
FS595C||Forest Service Sign Standard|#f7cb85|1|23695
FS595C||Sunglow|#f4ce88|1|23697
FS595C|||#f2d2b1|1|23711
FS595C|||#eed4b8|1|23717
FS595C|||#ecd2ac|1|23722
FS595C|||#f1d8ab|1|23727
FS595C|||#f3cd46|1|23785
FS595C|||#f8e28f|1|23793
FS595C|||#e5dfa0|1|23814
FS595C||Marine Green #23|#3b3b33|1|24052
FS595C|||#423e33|1|24064
FS595C||Army Green 491|#3c4541|1|24070
FS595C|||#4a493d|1|24079
FS595C|||#383125|1|24084
FS595C|||#373024|1|24087
FS595C|||#574f4f|1|24091
FS595C|||#545a42|1|24097
FS595C|||#5c5734|1|24098
FS595C|||#345b47|1|24108
FS595C||Dark Green 355|#4c594a|1|24111
FS595C||Green 474|#536158|1|24112
FS595C||Marine OD Green|#685a3a|1|24120
FS595C|||#546a6e|1|24148
FS595C|||#606b6e|1|24158
FS595C|||#6c7067|1|24159
FS595C||Foliage Green 502/504|#686b69|1|24165
FS595C|||#61705e|1|24172
FS595C|||#847761|1|24201
FS595C||Light Green 354|#7e755e|1|24210
FS595C|||#7a8377|1|24226
FS595C|||#748669|1|24227
FS595C|||#798a8d|1|24233
FS595C|||#7f9894|1|24241
FS595C|||#61947c|1|24260
FS595C||MIL-P-24441 Primer|#6a9076|1|24272
FS595C|||#819190|1|24277
FS595C|||#82988f|1|24300
FS595C|||#77a095|1|24325
FS595C|||#99a590|1|24373
FS595C|||#a0ada4|1|24410
FS595C|||#a9aea0|1|24417
FS595C|||#acab99|1|24424
FS595C|||#abada2|1|24432
FS595C|||#aab29c|1|24441
FS595C|||#a0b195|1|24449
FS595C|||#9fb39f|1|24466
FS595C|||#a6b9ad|1|24491
FS595C|||#abb7a4|1|24504
FS595C||Clipper Blue|#b1bcb2|1|24516
FS595C|||#abb7ac|1|24518
FS595C|||#b2bca8|1|24525
FS595C||Seafoam Green, Navy|#acb693|1|24533
FS595C|||#cdc486|1|24552
FS595C|||#d3ceb9|1|24554
FS595C|||#bcc8b0|1|24558
FS595C|||#c6d4b6|1|24583
FS595C||Postal Green|#c9dac7|1|24585
FS595C|||#c0d1bf|1|24664
FS595C|||#cfd5cc|1|24670
FS595C|||#d3d5c0|1|24672
FS595C||Blue Sea, ANA 606|#262f39|1|25042
FS595C|||#1d3044|1|25045
FS595C|||#3c3b40|1|25049
FS595C||Army Blue 450|#383e58|1|25051
FS595C||Royal Blue|#253b5a|1|25053
FS595C|||#16226c|1|25056
FS595C||Army Blue 451|#3a435d|1|25060
FS595C|||#205485|1|25102
FS595C|||#436480|1|25109
FS595C|||#576f94|1|25177
FS595C|||#1c70ae|1|25183
FS595C|||#447998|1|25184
FS595C|||#687d8d|1|25189
FS595C|||#5883a3|1|25190
FS595C|||#508190|1|25193
FS595C||Electrical Blue|#5490c4|1|25230
FS595C|||#79838f|1|25237
FS595C|||#748cb9|1|25240
FS595C|||#6f9c9d|1|25299
FS595C|||#889ba0|1|25352
FS595C|||#8fa7ad|1|25414
FS595C||Admiral Blue|#85afc7|1|25440
FS595C|||#99b4da|1|25488
FS595C||Pastel Blue|#b1bcce|1|25526
FS595C|||#cdd6e9|1|25550
FS595C|||#d0d2d3|1|25622
FS595C||Carl Vinson Blue|#dad3d8|1|25630
FS595C||Exterior Deck Gray|#464850|1|26008
FS595C|||#2f353f|1|26044
FS595C||Sea Plane Gray, ANA 625|#4b4c50|1|26081
FS595C|||#54433e|1|26120
FS595C|||#615b5f|1|26122
FS595C||Slate Gray|#636269|1|26132
FS595C||Gray, Filing Cabinet|#686566|1|26134
FS595C|||#666971|1|26152
FS595C||Ocean Gray, NAVSEA|#757684|1|26173
FS595C||Ocean Gray|#6b7283|1|26176
FS595C|||#70757d|1|26187
FS595C|||#7f8089|1|26231
FS595C|||#82858a|1|26250
FS595C|||#88868c|1|26251
FS595C||Dark Gray 509|#80838d|1|26255
FS595C||Urban Gray 501/505|#848584|1|26260
FS595C||Interior Haze Gray|#878892|1|26270
FS595C|||#8d8c90|1|26280
FS595C||Gray 26270|#8c8f98|1|26290
FS595C|||#908f97|1|26293
FS595C||Gray 510|#9d9fae|1|26295
FS595C||Sand Gray|#9c8d88|1|26306
FS595C||Bulkhead Machinery Gray #30|#94918d|1|26307
FS595C|||#919397|1|26314
FS595C|||#8e9aa3|1|26329
FS595C|||#a49d96|1|26357
FS595C|||#aea396|1|26360
FS595C||Light Gray #37|#a4a3ad|1|26373
FS595C||Medium Gray 508|#9fa5b3|1|26380
FS595C||Yellow Gray|#d0c0ad|1|26400
FS595C|||#bdafa1|1|26405
FS595C|||#beb7b1|1|26408
FS595C||DLA|#b3afac|1|26420
FS595C|||#c1b2b0|1|26424
FS595C|||#b2acae|1|26440
FS595C||Canada 501-109|#aebbb5|1|26480
FS595C|||#bfbabd|1|26492
FS595C||Pearl Gray|#bcb8c0|1|26493
FS595C||Green Gray|#b4b0ac|1|26496
FS595C|||#cab6af|1|26521
FS595C|||#d1bfa9|1|26555
FS595C||Parchment|#c7beb7|1|26559
FS595C|||#d1c2b0|1|26586
FS595C|||#c6c0bb|1|26595
FS595C|||#cbc2c1|1|26622
FS595C||Light Gray 507|#cbcfd9|1|26630
FS595C||ANA 514|#1c1d22|1|27038
FS595C||Filing Cabinet Black|#222227|1|27040
FS595C||Black|#39383a|1|27041
FS595C||Gold|#967d46|1|27043
FS595C|||#9a477d|1|27142
FS595C|||#515fc1|1|27144
FS595C|||#e5d9d5|1|27722
FS595C||Parchment|#e6d3c4|1|27769
FS595C||Candlelight|#efe1d5|1|27778
FS595C|||#f2e5df|1|27780
FS595C|||#e8ddba|1|27855
FS595C||ANA 626|#f2ebf0|1|27875
FS595C|||#fbeeec|1|27880
FS595C||White 506|#f3f2e7|1|27885
FS595C|||#f9ece7|1|27886
FS595C|||#f9f0f7|1|27925
FS595C|||#ff0900|1|28913
FS595C|||#ff4b00|1|28915
FS595C|||#524641|1|30040
FS595C|||#584645|1|30045
FS595C||Brown 383 Camo|#594d45|1|30051
FS595C||Earth Brown Camo|#5e4d43|1|30097
FS595C||Earth Brown|#685347|1|30099
FS595C||Walnut Brown|#60443b|1|30108
FS595C||Dull Red, ANA 618|#874840|1|30109
FS595C||Maroon Olympic Russet, Park Service Brown|#724a46|1|30111
FS595C||International Brown|#7f5745|1|30117
FS595C||Field Drab Camo, ANA 617|#705a43|1|30118
FS595C||International Brown|#7e5d4d|1|30140
FS595C||Butternut Stain|#81634e|1|30145
FS595C|||#7c424f|1|30160
FS595C|||#864b45|1|30166
FS595C|||#976f6f|1|30206
FS595C|||#96674a|1|30215
FS595C||Sierra Tan, ANA 628|#987563|1|30219
FS595C|||#9b7d72|1|30227
FS595C|||#a46f67|1|30233
FS595C||Rust Red|#b47360|1|30252
FS595C||Earth Yellow|#bd8e60|1|30257
FS595C||Tan, ANA 615|#a98652|1|30266
FS595C||Sand|#9e8a75|1|30277
FS595C||Desert Sand, ANA 616|#b19083|1|30279
FS595C||Desert Sand|#b08e84|1|30313
FS595C||Desert Sand CAMO|#ae8e83|1|30315
FS595C|||#ab957f|1|30318
FS595C||Desert Sand|#b09185|1|30324
FS595C|||#af9a8a|1|30372
FS595C||Beige|#caa898|1|30450
FS595C||Earth Red CAMO|#79533d|1|31090
FS595C||International Red, CARC Aircraft Red, ANA 619|#a0333a|1|31136
FS595C||International Light Red|#bd4255|1|31158
FS595C|||#d04032|1|31400
FS595C|||#d28586|1|31433
FS595C|||#e4b2a3|1|31575
FS595C|||#f0acb7|1|31638
FS595C|||#ebc9b9|1|31643
FS595C||Tan|#f0cbb2|1|31667
FS595C|||#ebc8c9|1|31668
FS595C|||#f5c9d1|1|31669
FS595C|||#f2c9bb|1|31670
FS595C|||#af5438|1|32169
FS595C||Navy Torpedo|#e85e31|1|32246
FS595C|||#ce705a|1|32276
FS595C|||#db7868|1|32356
FS595C|||#e77543|1|32473
FS595C|||#dc946f|1|32516
FS595C||Navair Flat Orange #1|#e28563|1|32540
FS595C|||#fb9756|1|32544
FS595C|||#fda85e|1|32555
FS595C|||#e8bda4|1|32630
FS595C|||#f1c4a5|1|32648
FS595C||Olive Drab CAMO|#595142|1|33070
FS595C||Field Drab Camo|#745d46|1|33105
FS595C||Earth Yellow Camo|#ac7e54|1|33245
FS595C||Sand Camo|#a9947b|1|33303
FS595C|||#d69c50|1|33434
FS595C||Green Gold Stain|#9f825b|1|33440
FS595C||Tan 686A Camo|#b49d80|1|33446
FS595C|||#bea07d|1|33448
FS595C|||#d1af4d|1|33481
FS595C||Dark Sandstone Camo|#bcab90|1|33510
FS595C||Tan|#cfb69f|1|33522
FS595C||Sand|#d2b7a7|1|33531
FS595C||International Yellow, Traffic Yellow, ANA 614|#ffaa07|1|33538
FS595C|||#dac39c|1|33564
FS595C|||#d9c2a7|1|33578
FS595C|||#eec6a5|1|33613
FS595C||Sand, TT-P-47|#e1c7b7|1|33617
FS595C|||#edb750|1|33637
FS595C|||#ffbf00|1|33655
FS595C|||#e8d8a6|1|33685
FS595C||Very Light Sand|#eed2b5|1|33690
FS595C|||#fad08d|1|33695
FS595C|||#ffcf6b|1|33696
FS595C|||#efcfae|1|33711
FS595C||Tan|#edd3ba|1|33717
FS595C|||#ecd1af|1|33722
FS595C|||#f1d7ac|1|33727
FS595C|||#f9e58c|1|33793
FS595C|||#fadea4|1|33798
FS595C|||#e6e3a0|1|33814
FS595C||Aircraft Green Camo|#4a4444|1|34031
FS595C||Marine Green #23|#484743|1|34052
FS595C||Dark Blue Green|#2f4f52|1|34058
FS595C||Olive Drab 85285|#514d4b|1|34064
FS595C||Army Forest Green, ANA 631|#4c4d43|1|34079
FS595C||Dark green Camo|#535640|1|34082
FS595C||Air Force Forest Green|#504e44|1|34083
FS595C||Dark green Camo|#49433c|1|34084
FS595C||Army Forest Green Camo|#54504b|1|34086
FS595C||Olive Drab CARC|#473f37|1|34088
FS595C||Light Green CAMO|#63613e|1|34089
FS595C|||#14764e|1|34090
FS595C||Gunship Green, ANA 612|#46554f|1|34092
FS595C||Green 383 Camo|#4a5444|1|34094
FS595C||Field Green|#4c5037|1|34095
FS595C|||#545447|1|34096
FS595C||Field Green ANA 627|#575c45|1|34097
FS595C|||#635d41|1|34098
FS595C||Dark Green|#565845|1|34102
FS595C||International Dark Green, Navy Torpedo|#39604b|1|34108
FS595C||Light Green CAMO|#645f40|1|34127
FS595C|||#586553|1|34128
FS595C||Navair Flat Green #2|#4c4e43|1|34129
FS595C||Munsell Color 10Y3/3|#5d583c|1|34130
FS595C|||#517845|1|34138
FS595C|||#586c6e|1|34148
FS595C||Interior Green TT-P-1757, ANA 611|#65623c|1|34151
FS595C||Blue Drab|#5f6b6e|1|34158
FS595C|||#676c63|1|34159
FS595C||Foliage Green|#686664|1|34160
FS595C||Navair Flat Green #1|#4f5149|1|34170
FS595C|||#827660|1|34201
FS595C||NASA Primer|#798175|1|34226
FS595C|||#748567|1|34227
FS595C|||#4c934f|1|34230
FS595C|||#788a8f|1|34233
FS595C|||#809993|1|34241
FS595C|||#87885e|1|34258
FS595C|||#847536|1|34259
FS595C|||#6c9178|1|34272
FS595C||Sea Mist Green|#7e918f|1|34277
FS595C|||#81978f|1|34300
FS595C|||#769e92|1|34325
FS595C||Forest Service Green|#6fc7b0|1|34350
FS595C||Sagebrush|#98a48d|1|34373
FS595C|||#99a9a1|1|34410
FS595C|||#b1baaa|1|34414
FS595C||ANA 610|#acac9a|1|34424
FS595C|||#a9aca0|1|34432
FS595C|||#a8b09a|1|34441
FS595C||International Light Green|#9fb396|1|34449
FS595C|||#aabaab|1|34491
FS595C|||#afbaa8|1|34504
FS595C|||#afbcb1|1|34516
FS595C|||#abb8b0|1|34518
FS595C|||#b5bc98|1|34524
FS595C|||#aeba99|1|34533
FS595C|||#99ca85|1|34540
FS595C|||#d0c58a|1|34552
FS595C||Public Building Standard|#ceccb7|1|34554
FS595C||International Light Green|#bac7ad|1|34558
FS595C|||#bcb9a0|1|34583
FS595C|||#d7e0a8|1|34666
FS595C|||#ccd2c9|1|34670
FS595C||Pastel Blue|#d1d3be|1|34672
FS595C||Sea Blue, ANA 607|#373a42|1|35042
FS595C||Aircraft Insignia Blue, ANA 605|#363848|1|35044
FS595C|||#324052|1|35045
FS595C|||#24357d|1|35056
FS595C||International Light Blue|#37647e|1|35109
FS595C||Navy Blue 212, ANA 608|#646e83|1|35164
FS595C|||#587594|1|35177
FS595C|||#056cb9|1|35180
FS595C|||#1373af|1|35183
FS595C|||#637d8b|1|35189
FS595C|||#5683a5|1|35190
FS595C|||#4c8392|1|35193
FS595C||ANA 609|#7284b7|1|35231
FS595C||Blue Gray|#7c8592|1|35237
FS595C|||#748fbd|1|35240
FS595C||UN Flag Blue|#4e9bd7|1|35250
FS595C||Forest Service Blue|#45abc9|1|35260
FS595C|||#2699a9|1|35275
FS595C|||#6b9a99|1|35299
FS595C|||#899da4|1|35352
FS595C||Blue Green|#94a8ab|1|35414
FS595C|||#88acd1|1|35450
FS595C|||#7bc2e7|1|35466
FS595C|||#98b0d2|1|35488
FS595C|||#afbacc|1|35526
FS595C|||#c9d2e4|1|35550
FS595C|||#c8cfce|1|35622
FS595C|||#d8d2d6|1|35630
FS595C||Navy Gray #2, Dark Gray|#4a4c57|1|36076
FS595C||Deep Gray, F-4 Aircraft|#4e4f54|1|36081
FS595C||Dark Blue Gray|#525660|1|36099
FS595C||Gunship Gray, ANA 603|#5b5e6a|1|36118
FS595C|||#686b73|1|36152
FS595C||Camouflage Gray|#5c5c5b|1|36170
FS595C||Ocean Gray, NAVSEA|#747683|1|36173
FS595C||Ocean Gray|#6b7282|1|36176
FS595C||International Gray, Aircraft Gray #23, ANA 621|#7e7e87|1|36231
FS595C|||#848388|1|36251
FS595C||Haze Gray|#858691|1|36270
FS595C|||#8c8b90|1|36280
FS595C|||#8f8d96|1|36293
FS595C||Aircraft Gray Camo|#9495a5|1|36300
FS595C|||#a2928d|1|36306
FS595C||Bulkhead Gray|#979392|1|36307
FS595C|||#929396|1|36314
FS595C|||#8f94a6|1|36320
FS595C|||#a59d97|1|36357
FS595C|||#a6a6af|1|36373
FS595C||Medium Gray|#9fa1b2|1|36375
FS595C|||#c1b3a4|1|36405
FS595C||Beige Gray Stain|#c1aa97|1|36415
FS595C|||#beafac|1|36424
FS595C||Light Gray 81352, ANA 602, 620|#b0aaad|1|36440
FS595C|||#aaa8af|1|36463
FS595C|||#a6aab1|1|36473
FS595C||Canada 501-109|#aab7b2|1|36480
FS595C|||#bcb6be|1|36492
FS595C|||#cac8d2|1|36495
FS595C|||#cebab2|1|36521
FS595C||Beige|#d0bca4|1|36555
FS595C|||#c4bab1|1|36559
FS595C|||#cfc2b5|1|36586
FS595C|||#c8c0bd|1|36595
FS595C|||#d0c6c7|1|36622
FS595C|||#d4cfd5|1|36628
FS595C|||#e7cec2|1|36642
FS595C||Black Camo|#373538|1|37030
FS595C||Interior Aircraft Black|#343337|1|37031
FS595C||International Black, Navy #3 Black, ANA 604|#343236|1|37038
FS595C|||#493f3e|1|37056
FS595C|||#6e4177|1|37100
FS595C|||#974a80|1|37142
FS595C|||#815c89|1|37144
FS595C|||#dacac3|1|37150
FS595C|||#97939a|1|37200
FS595C|||#e9dbd5|1|37722
FS595C|||#dfccbf|1|37769
FS595C|||#f0dfd0|1|37778
FS595C||Eggshell, Ivory|#f5e4c8|1|37855
FS595C||International White, Aircraft White, Insignia White, ANA 601|#f1eaee|1|37875
FS595C|||#f7eae4|1|37886
FS595C|||#fbf1fb|1|37925
FS595C|||#00a43b|1|38901
FS595C|||#ff5400|1|38903
FS595C|||#ff0d21|1|38905
FS595C|||#ffbf00|1|38907
