NCS||0300-N|#F7F7F7|1|
NCS||0500-N|#F2F2F2|1|
NCS||0502-B|#F5FBFF|1|
NCS||0502-B50G|#F7FFFE|1|
NCS||0502-G|#F4FFF8|1|
NCS||0502-G50Y|#FDFFF6|1|
NCS||0502-R|#FFF1F2|1|
NCS||0502-R50B|#FEF6FD|1|
NCS||0502-Y|#FFFDF6|1|
NCS||0502-Y50R|#FEF8F4|1|
NCS||0505-B|#E8F6FE|1|
NCS||0505-B20G|#EAFBFF|1|
NCS||0505-B50G|#ECFFFE|1|
NCS||0505-B80G|#EAFFFA|1|
NCS||0505-G|#E4FFEF|1|
NCS||0505-G10Y|#ECFFEC|1|
NCS||0505-G20Y|#F1FFEB|1|
NCS||0505-G30Y|#F4FFEA|1|
NCS||0505-G40Y|#F7FFE9|1|
NCS||0505-G50Y|#FAFFEA|1|
NCS||0505-G60Y|#FCFFEB|1|
NCS||0505-G70Y|#FEFFEB|1|
NCS||0505-G80Y|#FFFEEC|1|
NCS||0505-G90Y|#FEFDEB|1|
NCS||0505-R|#FFDEE0|1|
NCS||0505-R10B|#FFDFE3|1|
NCS||0505-R20B|#FFE1E7|1|
NCS||0505-R30B|#FFE3EC|1|
NCS||0505-R40B|#FEE6F2|1|
NCS||0505-R50B|#FFEAFB|1|
NCS||0505-R60B|#F8E9FE|1|
NCS||0505-R70B|#F0E8FF|1|
NCS||0505-R80B|#E1E6FF|1|
NCS||0505-R90B|#E3ECFE|1|
NCS||0505-Y|#FFFBEA|1|
NCS||0505-Y10R|#FFFAEA|1|
NCS||0505-Y20R|#FFF7E9|1|
NCS||0505-Y30R|#FFF5E8|1|
NCS||0505-Y40R|#FFF3E6|1|
NCS||0505-Y50R|#FFF0E5|1|
NCS||0505-Y60R|#FEEDE4|1|
NCS||0505-Y70R|#FFE9E2|1|
NCS||0505-Y80R|#FEE5E0|1|
NCS||0505-Y90R|#FFE2E0|1|
NCS||0507-B|#DFF3FF|1|
NCS||0507-B20G|#E3FAFF|1|
NCS||0507-B80G|#E2FFF8|1|
NCS||0507-G|#DBFFE9|1|
NCS||0507-G40Y|#F4FFE0|1|
NCS||0507-G80Y|#FFFEE4|1|
NCS||0507-R|#FFD2D5|1|
NCS||0507-R20B|#FFD6DE|1|
NCS||0507-R40B|#FFDDEE|1|
NCS||0507-R60B|#F5E0FF|1|
NCS||0507-R80B|#D6DDFF|1|
NCS||0507-Y|#FFFAE3|1|
NCS||0507-Y20R|#FFF5E0|1|
NCS||0507-Y40R|#FFEEDD|1|
NCS||0507-Y60R|#FFE6DA|1|
NCS||0507-Y80R|#FEDCD5|1|
NCS||0510-B|#D3EEFF|1|
NCS||0510-B10G|#D6F4FF|1|
NCS||0510-B30G|#D9FBFF|1|
NCS||0510-B50G|#DAFFFD|1|
NCS||0510-B70G|#D8FEF9|1|
NCS||0510-B90G|#D1FFEA|1|
NCS||0510-G|#CDFFE0|1|
NCS||0510-G10Y|#DBFFDC|1|
NCS||0510-G20Y|#E4FFD9|1|
NCS||0510-G30Y|#EBFFD6|1|
NCS||0510-G40Y|#F0FFD4|1|
NCS||0510-G50Y|#F5FFD6|1|
NCS||0510-G60Y|#F9FFD8|1|
NCS||0510-G70Y|#FDFFD9|1|
NCS||0510-G80Y|#FFFDDA|1|
NCS||0510-G90Y|#FEFBD8|1|
NCS||0510-R|#FFC2C6|1|
NCS||0510-R10B|#FFC4CB|1|
NCS||0510-R20B|#FFC7D2|1|
NCS||0510-R30B|#FFCBDB|1|
NCS||0510-R40B|#FFD0E7|1|
NCS||0510-R50B|#FFD7F7|1|
NCS||0510-R60B|#F1D4FF|1|
NCS||0510-R70B|#E3D4FF|1|
NCS||0510-R80B|#C6D1FF|1|
NCS||0510-R90B|#CBDCFF|1|
NCS||0510-Y|#FFF9D8|1|
NCS||0510-Y10R|#FFF5D6|1|
NCS||0510-Y20R|#FFF1D4|1|
NCS||0510-Y30R|#FFEDD2|1|
NCS||0510-Y40R|#FFE8D0|1|
NCS||0510-Y50R|#FFE3CE|1|
NCS||0510-Y60R|#FFDDCC|1|
NCS||0510-Y70R|#FED7C9|1|
NCS||0510-Y80R|#FFD0C6|1|
NCS||0510-Y90R|#FFC9C5|1|
NCS||0515-B|#C0E7FF|1|
NCS||0515-B20G|#C5F5FE|1|
NCS||0515-B50G|#C8FFFD|1|
NCS||0515-B80G|#C4FFF1|1|
NCS||0515-G|#B8FFD4|1|
NCS||0515-G20Y|#D8FFC8|1|
NCS||0515-G40Y|#EAFFC1|1|
NCS||0515-G60Y|#F7FEC6|1|
NCS||0515-G80Y|#FFFDC8|1|
NCS||0515-G90Y|#FFF9C7|1|
NCS||0515-R|#FEAAAF|1|
NCS||0515-R10B|#FEADB7|1|
NCS||0515-R20B|#FEB1C0|1|
NCS||0515-R40B|#FFBCDD|1|
NCS||0515-R60B|#EBC1FF|1|
NCS||0515-R80B|#B0BEFE|1|
NCS||0515-R90B|#B6CEFF|1|
NCS||0515-Y|#FFF6C6|1|
NCS||0515-Y10R|#FFF1C4|1|
NCS||0515-Y20R|#FFEBC1|1|
NCS||0515-Y30R|#FFE5BF|1|
NCS||0515-Y40R|#FFDEBC|1|
NCS||0515-Y50R|#FFD7B9|1|
NCS||0515-Y60R|#FFCFB6|1|
NCS||0515-Y70R|#FFC6B3|1|
NCS||0515-Y80R|#FFBDAF|1|
NCS||0515-Y90R|#FFB4AE|1|
NCS||0520-B|#AEE0FF|1|
NCS||0520-B10G|#B2EBFF|1|
NCS||0520-B30G|#B6F8FF|1|
NCS||0520-B40G|#B8FCFF|1|
NCS||0520-B50G|#B8FFFC|1|
NCS||0520-B60G|#B7FFF8|1|
NCS||0520-B70G|#B5FFF4|1|
NCS||0520-B90G|#ABFFD9|1|
NCS||0520-G|#A5FFC8|1|
NCS||0520-G10Y|#BDFFC0|1|
NCS||0520-G20Y|#CDFFB9|1|
NCS||0520-G30Y|#DAFFB4|1|
NCS||0520-G40Y|#E4FFB0|1|
NCS||0520-G50Y|#EDFFB3|1|
NCS||0520-G60Y|#F4FEB5|1|
NCS||0520-G70Y|#FBFFB8|1|
NCS||0520-G80Y|#FFFCB8|1|
NCS||0520-G90Y|#FFF7B6|1|
NCS||0520-R|#FF959C|1|
NCS||0520-R10B|#FF98A5|1|
NCS||0520-R20B|#FF9CB0|1|
NCS||0520-R30B|#FFA2C0|1|
NCS||0520-R40B|#FFA9D4|1|
NCS||0520-R50B|#FFB4F0|1|
NCS||0520-R60B|#E5B0FF|1|
NCS||0520-R70B|#CBB0FF|1|
NCS||0520-R80B|#9CAEFF|1|
NCS||0520-R90B|#A3C1FF|1|
NCS||0520-Y|#FFF3B5|1|
NCS||0520-Y10R|#FEEDB2|1|
NCS||0520-Y20R|#FFE5B0|1|
NCS||0520-Y30R|#FFDDAD|1|
NCS||0520-Y40R|#FFD5AA|1|
NCS||0520-Y50R|#FFCCA7|1|
NCS||0520-Y60R|#FFC2A3|1|
NCS||0520-Y70R|#FFB89F|1|
NCS||0520-Y80R|#FFAC9B|1|
NCS||0520-Y90R|#FFA19B|1|
NCS||0525-R60B|#E09FFE|1|
NCS||0525-R70B|#C1A0FF|1|
NCS||0530-B|#8ED4FF|1|
NCS||0530-B10G|#92E3FF|1|
NCS||0530-B30G|#98F5FF|1|
NCS||0530-B40G|#9AFCFF|1|
NCS||0530-B50G|#9AFFFB|1|
NCS||0530-B60G|#98FFF5|1|
NCS||0530-B70G|#96FFEF|1|
NCS||0530-B90G|#8BFFCB|1|
NCS||0530-G|#84FFB4|1|
NCS||0530-G10Y|#A3FFA7|1|
NCS||0530-G20Y|#BAFF9E|1|
NCS||0530-G30Y|#CBFF96|1|
NCS||0530-G40Y|#DAFE90|1|
NCS||0530-G50Y|#E6FF93|1|
NCS||0530-G60Y|#F0FE96|1|
NCS||0530-G70Y|#F9FE99|1|
NCS||0530-G80Y|#FEFB9A|1|
NCS||0530-G90Y|#FEF598|1|
NCS||0530-R|#FF737C|1|
NCS||0530-R10B|#FF7687|1|
NCS||0530-R20B|#FE7B95|1|
NCS||0530-R30B|#FF81A9|1|
NCS||0530-R40B|#FE89C4|1|
NCS||0530-R50B|#FF95EA|1|
NCS||0530-R80B|#7A92FF|1|
NCS||0530-R90B|#81AAFF|1|
NCS||0530-Y|#FFEF96|1|
NCS||0530-Y10R|#FEE593|1|
NCS||0530-Y20R|#FFDB90|1|
NCS||0530-Y30R|#FFD08D|1|
NCS||0530-Y40R|#FEC589|1|
NCS||0530-Y50R|#FEB986|1|
NCS||0530-Y60R|#FEAC82|1|
NCS||0530-Y70R|#FF9F7E|1|
NCS||0530-Y80R|#FF9079|1|
NCS||0530-Y90R|#FF8279|1|
NCS||0540-B|#72CAFF|1|
NCS||0540-B10G|#76DCFF|1|
NCS||0540-B30G|#7CF2FF|1|
NCS||0540-G|#68FFA3|1|
NCS||0540-G10Y|#8EFF93|1|
NCS||0540-G20Y|#A9FF86|1|
NCS||0540-G30Y|#BFFF7C|1|
NCS||0540-G40Y|#D0FF74|1|
NCS||0540-G50Y|#DFFF77|1|
NCS||0540-G60Y|#ECFF7A|1|
NCS||0540-G70Y|#F8FE7D|1|
NCS||0540-G80Y|#FFFA7E|1|
NCS||0540-G90Y|#FFF27C|1|
NCS||0540-R|#FF5863|1|
NCS||0540-R10B|#FF5B6F|1|
NCS||0540-R20B|#FF5F7F|1|
NCS||0540-R30B|#FF6596|1|
NCS||0540-R90B|#6598FF|1|
NCS||0540-Y|#FFEB7A|1|
NCS||0540-Y10R|#FFDF77|1|
NCS||0540-Y20R|#FFD274|1|
NCS||0540-Y30R|#FFC571|1|
NCS||0540-Y40R|#FFB76D|1|
NCS||0540-Y50R|#FFA96A|1|
NCS||0540-Y60R|#FE9A66|1|
NCS||0540-Y70R|#FF8A62|1|
NCS||0540-Y80R|#FF7A5E|1|
NCS||0540-Y90R|#FF695F|1|
NCS||0550-G10Y|#7BFF81|1|
NCS||0550-G20Y|#9AFF71|1|
NCS||0550-G30Y|#B3FF65|1|
NCS||0550-G40Y|#C8FF5B|1|
NCS||0550-G50Y|#DAFF5E|1|
NCS||0550-G60Y|#E8FF61|1|
NCS||0550-G70Y|#F7FF64|1|
NCS||0550-G80Y|#FFFA65|1|
NCS||0550-G90Y|#FFEF62|1|
NCS||0550-R|#FF424E|1|
NCS||0550-R10B|#FF455B|1|
NCS||0550-Y|#FFE761|1|
NCS||0550-Y10R|#FFD95E|1|
NCS||0550-Y20R|#FFCA5B|1|
NCS||0550-Y30R|#FFBB58|1|
NCS||0550-Y40R|#FFAB55|1|
NCS||0550-Y50R|#FF9B52|1|
NCS||0550-Y60R|#FF8A4E|1|
NCS||0550-Y70R|#FE794B|1|
NCS||0550-Y80R|#FF6747|1|
NCS||0550-Y90R|#FF5549|1|
NCS||0560-G10Y|#6BFF71|1|
NCS||0560-G20Y|#8EFF5F|1|
NCS||0560-G30Y|#A9FF51|1|
NCS||0560-G40Y|#C0FF45|1|
NCS||0560-G50Y|#D4FF47|1|
NCS||0560-G60Y|#E5FF4A|1|
NCS||0560-G70Y|#F6FF4D|1|
NCS||0560-G80Y|#FFF94D|1|
NCS||0560-G90Y|#FFED4B|1|
NCS||0560-R|#FF303E|1|
NCS||0560-Y|#FEE34A|1|
NCS||0560-Y10R|#FFD347|1|
NCS||0560-Y20R|#FFC345|1|
NCS||0560-Y30R|#FFB242|1|
NCS||0560-Y40R|#FFA140|1|
NCS||0560-Y50R|#FE8F3D|1|
NCS||0560-Y60R|#FF7D3A|1|
NCS||0560-Y70R|#FF6A37|1|
NCS||0560-Y80R|#FF5734|1|
NCS||0560-Y90R|#FF4437|1|
NCS||0565-G10Y|#63FF6A|1|
NCS||0565-G50Y|#D2FF3D|1|
NCS||0565-R|#FF2836|1|
NCS||0570-G20Y|#82FF4F|1|
NCS||0570-G30Y|#A1FF3F|1|
NCS||0570-G40Y|#BAFF31|1|
NCS||0570-G60Y|#E2FF35|1|
NCS||0570-G70Y|#F4FF37|1|
NCS||0570-G80Y|#FFF837|1|
NCS||0570-G90Y|#FFEB36|1|
NCS||0570-Y|#FFE035|1|
NCS||0570-Y10R|#FFCF33|1|
NCS||0570-Y20R|#FFBD31|1|
NCS||0570-Y30R|#FEAA2F|1|
NCS||0570-Y40R|#FE982D|1|
NCS||0570-Y50R|#FF852B|1|
NCS||0570-Y60R|#FF7128|1|
NCS||0570-Y70R|#FF5E26|1|
NCS||0570-Y80R|#FE4A24|1|
NCS||0570-Y90R|#FE3628|1|
NCS||0575-G20Y|#7DFF48|1|
NCS||0575-G40Y|#B7FF28|1|
NCS||0575-G60Y|#E1FF2B|1|
NCS||0575-G70Y|#F4FF2D|1|
NCS||0575-G90Y|#FFEA2C|1|
NCS||0580-G30Y|#99FF2E|1|
NCS||0580-Y|#FFDD22|1|
NCS||0580-Y10R|#FFCA20|1|
NCS||0580-Y10R|#FFCA20|1|
NCS||0580-Y20R|#FEB71F|1|
NCS||0580-Y20R|#FEB71F|1|
NCS||0580-Y30R|#FFA31D|1|
NCS||0580-Y40R|#FF901C|1|
NCS||0580-Y50R|#FF7B1B|1|
NCS||0580-Y60R|#FF6719|1|
NCS||0580-Y70R|#FF5318|1|
NCS||0580-Y80R|#FF3E16|1|
NCS||0580-Y90R|#FF2A1B|1|
NCS||0585-Y20R|#FFB416|1|
NCS||0585-Y30R|#FFA015|1|
NCS||0585-Y40R|#FE8C14|1|
NCS||0585-Y50R|#FF7713|1|
NCS||0585-Y60R|#FF6212|1|
NCS||0585-Y70R|#FF4E11|1|
NCS||0585-Y80R|#FF3910|1|
NCS||0603-G40Y|#F7FCEF|1|
NCS||0603-G80Y|#FCFBF0|1|
NCS||0603-R20B|#FCEAED|1|
NCS||0603-R40B|#FCEDF4|1|
NCS||0603-R60B|#F8EFFC|1|
NCS||0603-R80B|#E9EDFC|1|
NCS||0603-Y20R|#FCF8EF|1|
NCS||0603-Y40R|#FCF5ED|1|
NCS||0603-Y60R|#FCF1EB|1|
NCS||0603-Y80R|#FCEDE9|1|
NCS||0804-B50G|#E8F6F6|1|
NCS||0804-G20Y|#ECF6E7|1|
NCS||0804-G60Y|#F4F6E7|1|
NCS||0804-G90Y|#F6F5E7|1|
NCS||0804-R10B|#F6DEE1|1|
NCS||0804-R30B|#F6E1E8|1|
NCS||0804-R50B|#F6E7F3|1|
NCS||0804-R70B|#EBE5F6|1|
NCS||0804-R90B|#E1E8F6|1|
NCS||0804-Y10R|#F6F3E6|1|
NCS||0804-Y30R|#F6EFE5|1|
NCS||0804-Y50R|#F6EBE3|1|
NCS||0804-Y70R|#F6E6E0|1|
NCS||0804-Y90R|#F6E0DE|1|
NCS||0907-B20G|#D9EFF4|1|
NCS||0907-B80G|#D8F4EE|1|
NCS||0907-G20Y|#E1F4DA|1|
NCS||0907-G60Y|#F0F4D9|1|
NCS||0907-G90Y|#F4F1DA|1|
NCS||0907-R10B|#F4CBD0|1|
NCS||0907-R30B|#F4D0DB|1|
NCS||0907-R50B|#F4D9EF|1|
NCS||0907-R70B|#E0D6F4|1|
NCS||0907-R90B|#D0DCF4|1|
NCS||0907-Y10R|#F4EDD8|1|
NCS||0907-Y30R|#F4E8D5|1|
NCS||0907-Y50R|#F4E1D2|1|
NCS||0907-Y70R|#F4D8CF|1|
NCS||0907-Y90R|#F4CECC|1|
NCS||1000-N|#E5E5E5|1|
NCS||1002-B|#E8EEF1|1|
NCS||1002-B|#E8EEF1|1|
NCS||1002-B50G|#EAF1F1|1|
NCS||1002-G|#E7F1EB|1|
NCS||1002-G|#E7F1EB|1|
NCS||1002-G50Y|#EFF1E9|1|
NCS||1002-R|#F1E4E5|1|
NCS||1002-R|#F1E4E5|1|
NCS||1002-R50B|#F1E9F0|1|
NCS||1002-Y|#F1F0E9|1|
NCS||1002-Y50R|#F1EBE7|1|
NCS||1005-B|#DCE9F1|1|
NCS||1005-B20G|#DEEEF1|1|
NCS||1005-B50G|#DFF1F1|1|
NCS||1005-B80G|#DDF1ED|1|
NCS||1005-B80G|#DDF1ED|1|
NCS||1005-G|#D8F1E2|1|
NCS||1005-G10Y|#DFF1E0|1|
NCS||1005-G20Y|#E4F1DE|1|
NCS||1005-G20Y|#E4F1DE|1|
NCS||1005-G30Y|#E7F1DD|1|
NCS||1005-G40Y|#EAF1DC|1|
NCS||1005-G50Y|#EDF1DD|1|
NCS||1005-G60Y|#EEF1DE|1|
NCS||1005-G70Y|#F0F1DF|1|
NCS||1005-G80Y|#F1F1DF|1|
NCS||1005-G80Y|#F1F1DF|1|
NCS||1005-G90Y|#F1EFDF|1|
NCS||1005-R|#F1D2D4|1|
NCS||1005-R10B|#F1D3D7|1|
NCS||1005-R20B|#F1D5DB|1|
NCS||1005-R20B|#F1D5DB|1|
NCS||1005-R30B|#F1D7E0|1|
NCS||1005-R40B|#F1DAE6|1|
NCS||1005-R50B|#F1DEED|1|
NCS||1005-R60B|#EADCF1|1|
NCS||1005-R70B|#E3DCF1|1|
NCS||1005-R80B|#D5DAF1|1|
NCS||1005-R90B|#D7E0F1|1|
NCS||1005-Y|#F1EEDE|1|
NCS||1005-Y10R|#F1ECDD|1|
NCS||1005-Y20R|#F1EADC|1|
NCS||1005-Y20R|#F1EADC|1|
NCS||1005-Y30R|#F1E8DB|1|
NCS||1005-Y40R|#F1E6DA|1|
NCS||1005-Y50R|#F1E3D9|1|
NCS||1005-Y60R|#F1E0D8|1|
NCS||1005-Y70R|#F1DDD6|1|
NCS||1005-Y80R|#F1D9D4|1|
NCS||1005-Y90R|#F1D6D4|1|
NCS||1010-B|#C8E2F1|1|
NCS||1010-B10G|#CAE7F1|1|
NCS||1010-B30G|#CDEEF1|1|
NCS||1010-B50G|#CEF1F0|1|
NCS||1010-B70G|#CCF1EC|1|
NCS||1010-B90G|#C6F1DE|1|
NCS||1010-G|#C2F1D5|1|
NCS||1010-G10Y|#CFF1D1|1|
NCS||1010-G20Y|#D8F1CD|1|
NCS||1010-G30Y|#DEF1CB|1|
NCS||1010-G40Y|#E4F1C9|1|
NCS||1010-G50Y|#E8F1CB|1|
NCS||1010-G60Y|#ECF1CC|1|
NCS||1010-G70Y|#EFF1CE|1|
NCS||1010-G80Y|#F1F0CE|1|
NCS||1010-G90Y|#F1EECD|1|
NCS||1010-R|#F1B8BB|1|
NCS||1010-R10B|#F1BAC0|1|
NCS||1010-R20B|#F1BDC7|1|
NCS||1010-R30B|#F1C0D0|1|
NCS||1010-R40B|#F1C5DB|1|
NCS||1010-R50B|#F1CCEA|1|
NCS||1010-R60B|#E4C9F1|1|
NCS||1010-R70B|#D7C8F1|1|
NCS||1010-R80B|#BCC6F1|1|
NCS||1010-R90B|#C1D1F1|1|
NCS||1010-Y|#F1ECCC|1|
NCS||1010-Y10R|#F1E8CB|1|
NCS||1010-Y20R|#F1E4C9|1|
NCS||1010-Y30R|#F1E0C7|1|
NCS||1010-Y40R|#F1DCC5|1|
NCS||1010-Y50R|#F1D7C3|1|
NCS||1010-Y60R|#F1D1C1|1|
NCS||1010-Y70R|#F1CBBE|1|
NCS||1010-Y80R|#F1C5BC|1|
NCS||1010-Y90R|#F1BEBB|1|
NCS||1015-B|#B6DBF1|1|
NCS||1015-B20G|#BBE8F1|1|
NCS||1015-B50G|#BEF1EF|1|
NCS||1015-B80G|#BAF1E5|1|
NCS||1015-G|#AEF1C8|1|
NCS||1015-G20Y|#CDF1BE|1|
NCS||1015-G40Y|#DEF1B7|1|
NCS||1015-G60Y|#EAF1BC|1|
NCS||1015-G80Y|#F1F0BE|1|
NCS||1015-G90Y|#F1ECBD|1|
NCS||1015-R|#F1A1A6|1|
NCS||1015-R10B|#F1A4AD|1|
NCS||1015-R20B|#F1A7B6|1|
NCS||1015-R40B|#F1B2D2|1|
NCS||1015-R60B|#DFB7F1|1|
NCS||1015-R80B|#A6B4F1|1|
NCS||1015-R90B|#ACC3F1|1|
NCS||1015-Y|#F1E9BB|1|
NCS||1015-Y10R|#F1E4B9|1|
NCS||1015-Y20R|#F1DFB7|1|
NCS||1015-Y30R|#F1D9B5|1|
NCS||1015-Y40R|#F1D2B2|1|
NCS||1015-Y50R|#F1CBB0|1|
NCS||1015-Y60R|#F1C4AD|1|
NCS||1015-Y70R|#F1BCA9|1|
NCS||1015-Y80R|#F1B3A6|1|
NCS||1015-Y90R|#F1AAA5|1|
NCS||1020-B|#A5D5F1|1|
NCS||1020-B10G|#A8DFF1|1|
NCS||1020-B30G|#ADEBF1|1|
NCS||1020-B40G|#AFEFF1|1|
NCS||1020-B50G|#AEF1EF|1|
NCS||1020-B60G|#ADF1EB|1|
NCS||1020-B70G|#ABF1E7|1|
NCS||1020-B90G|#A2F1CE|1|
NCS||1020-G|#9CF1BD|1|
NCS||1020-G10Y|#B3F1B5|1|
NCS||1020-G20Y|#C2F1AF|1|
NCS||1020-G30Y|#CEF1AA|1|
NCS||1020-G40Y|#D8F1A6|1|
NCS||1020-G50Y|#E1F1A9|1|
NCS||1020-G60Y|#E7F1AC|1|
NCS||1020-G70Y|#EEF1AE|1|
NCS||1020-G80Y|#F1EFAE|1|
NCS||1020-G90Y|#F1EAAD|1|
NCS||1020-R|#F18D94|1|
NCS||1020-R10B|#F1909C|1|
NCS||1020-R20B|#F194A7|1|
NCS||1020-R30B|#F19AB5|1|
NCS||1020-R40B|#F1A1C9|1|
NCS||1020-R50B|#F1AAE4|1|
NCS||1020-R60B|#D9A7F1|1|
NCS||1020-R70B|#C1A7F1|1|
NCS||1020-R80B|#93A5F1|1|
NCS||1020-R90B|#9AB7F1|1|
NCS||1020-Y|#F1E7AB|1|
NCS||1020-Y10R|#F1E0A9|1|
NCS||1020-Y20R|#F1D9A7|1|
NCS||1020-Y30R|#F1D2A4|1|
NCS||1020-Y40R|#F1CAA1|1|
NCS||1020-Y50R|#F1C19E|1|
NCS||1020-Y60R|#F1B89A|1|
NCS||1020-Y70R|#F1AE97|1|
NCS||1020-Y80R|#F1A393|1|
NCS||1020-Y90R|#F19892|1|
NCS||1030-B|#86C9F1|1|
NCS||1030-B10G|#8BD7F1|1|
NCS||1030-B30G|#90E8F1|1|
NCS||1030-B40G|#92EEF1|1|
NCS||1030-B50G|#92F1EE|1|
NCS||1030-B60G|#90F1E8|1|
NCS||1030-B70G|#8EF1E2|1|
NCS||1030-B90G|#84F1C0|1|
NCS||1030-G|#7DF1AA|1|
NCS||1030-G10Y|#9BF19F|1|
NCS||1030-G20Y|#B0F195|1|
NCS||1030-G30Y|#C1F18E|1|
NCS||1030-G40Y|#CEF188|1|
NCS||1030-G50Y|#DAF18B|1|
NCS||1030-G60Y|#E3F18E|1|
NCS||1030-G70Y|#ECF191|1|
NCS||1030-G80Y|#F1EE92|1|
NCS||1030-G90Y|#F1E890|1|
NCS||1030-R|#F16D76|1|
NCS||1030-R10B|#F17080|1|
NCS||1030-R20B|#F1748D|1|
NCS||1030-R30B|#F17AA0|1|
NCS||1030-R40B|#F182B9|1|
NCS||1030-R50B|#F18DDE|1|
NCS||1030-R60B|#D088F1|1|
NCS||1030-R70B|#AE8AF1|1|
NCS||1030-R80B|#738BF1|1|
NCS||1030-R90B|#7AA1F1|1|
NCS||1030-Y|#F1E28E|1|
NCS||1030-Y10R|#F1D98B|1|
NCS||1030-Y20R|#F1D088|1|
NCS||1030-Y30R|#F1C585|1|
NCS||1030-Y40R|#F1BB82|1|
NCS||1030-Y50R|#F1AF7F|1|
NCS||1030-Y60R|#F1A37B|1|
NCS||1030-Y70R|#F19677|1|
NCS||1030-Y80R|#F18973|1|
NCS||1030-Y90R|#F17B73|1|
NCS||1040-B|#6CBFF1|1|
NCS||1040-B10G|#70D0F1|1|
NCS||1040-B20G|#73DCF1|1|
NCS||1040-B30G|#75E5F1|1|
NCS||1040-B40G|#77EEF1|1|
NCS||1040-B50G|#77F1ED|1|
NCS||1040-B60G|#75F1E6|1|
NCS||1040-B70G|#74F1DE|1|
NCS||1040-B80G|#71F1D5|1|
NCS||1040-B90G|#69F1B4|1|
NCS||1040-G|#63F19A|1|
NCS||1040-G10Y|#86F18B|1|
NCS||1040-G20Y|#A0F17F|1|
NCS||1040-G30Y|#B5F175|1|
NCS||1040-G40Y|#C5F16E|1|
NCS||1040-G50Y|#D4F171|1|
NCS||1040-G60Y|#DFF174|1|
NCS||1040-G70Y|#EBF177|1|
NCS||1040-G80Y|#F1ED77|1|
NCS||1040-G90Y|#F1E575|1|
NCS||1040-R|#F1535E|1|
NCS||1040-R10B|#F15669|1|
NCS||1040-R20B|#F15A79|1|
NCS||1040-R30B|#F1608E|1|
NCS||1040-R40B|#F167AC|1|
NCS||1040-R50B|#F172D9|1|
NCS||1040-R60B|#C76EF1|1|
NCS||1040-R70B|#9E72F1|1|
NCS||1040-R80B|#5975F1|1|
NCS||1040-R90B|#6090F1|1|
NCS||1040-Y|#F1DE74|1|
NCS||1040-Y10R|#F1D371|1|
NCS||1040-Y20R|#F1C76E|1|
NCS||1040-Y30R|#F1BB6B|1|
NCS||1040-Y40R|#F1AE67|1|
NCS||1040-Y50R|#F1A064|1|
NCS||1040-Y60R|#F19260|1|
NCS||1040-Y70R|#F1835D|1|
NCS||1040-Y80R|#F17359|1|
NCS||1040-Y90R|#F1645A|1|
NCS||1050-B|#54B6F1|1|
NCS||1050-B10G|#58CAF1|1|
NCS||1050-B20G|#5BD8F1|1|
NCS||1050-B30G|#5DE3F1|1|
NCS||1050-B40G|#5FEDF1|1|
NCS||1050-B50G|#5FF1EC|1|
NCS||1050-B60G|#5DF1E3|1|
NCS||1050-B70G|#5CF1DB|1|
NCS||1050-B80G|#59F1CF|1|
NCS||1050-B90G|#52F1AA|1|
NCS||1050-G|#4CF18C|1|
NCS||1050-G10Y|#75F17A|1|
NCS||1050-G10Y|#75F17A|1|
NCS||1050-G20Y|#92F16B|1|
NCS||1050-G20Y|#92F16B|1|
NCS||1050-G30Y|#AAF160|1|
NCS||1050-G40Y|#BDF156|1|
NCS||1050-G50Y|#CEF159|1|
NCS||1050-G60Y|#DCF15C|1|
NCS||1050-G70Y|#EAF15F|1|
NCS||1050-G80Y|#F1ED5F|1|
NCS||1050-G90Y|#F1E35D|1|
NCS||1050-R|#F13F4A|1|
NCS||1050-R10B|#F14157|1|
NCS||1050-R20B|#F14567|1|
NCS||1050-R30B|#F1497F|1|
NCS||1050-R40B|#F150A1|1|
NCS||1050-R90B|#4A81F1|1|
NCS||1050-Y|#F1DB5C|1|
NCS||1050-Y10R|#F1CD59|1|
NCS||1050-Y20R|#F1C056|1|
NCS||1050-Y30R|#F1B153|1|
NCS||1050-Y40R|#F1A250|1|
NCS||1050-Y50R|#F1934D|1|
NCS||1050-Y60R|#F1834A|1|
NCS||1050-Y70R|#F17247|1|
NCS||1050-Y80R|#F16143|1|
NCS||1050-Y90R|#F15045|1|
NCS||1055-B90G|#47F1A5|1|
NCS||1060-B|#40AFF1|1|
NCS||1060-G|#39F180|1|
NCS||1060-G10Y|#65F16B|1|
NCS||1060-G20Y|#86F15A|1|
NCS||1060-G30Y|#A0F14C|1|
NCS||1060-G40Y|#B6F141|1|
NCS||1060-G50Y|#C9F144|1|
NCS||1060-G60Y|#D9F146|1|
NCS||1060-G70Y|#E9F149|1|
NCS||1060-G80Y|#F1EC49|1|
NCS||1060-G90Y|#F1E147|1|
NCS||1060-R|#F12E3A|1|
NCS||1060-R10B|#F13047|1|
NCS||1060-R20B|#F13259|1|
NCS||1060-R30B|#F13672|1|
NCS||1060-Y|#F1D746|1|
NCS||1060-Y10R|#F1C844|1|
NCS||1060-Y20R|#F1B941|1|
NCS||1060-Y30R|#F1A93F|1|
NCS||1060-Y40R|#F1983C|1|
NCS||1060-Y50R|#F1883A|1|
NCS||1060-Y60R|#F17637|1|
NCS||1060-Y70R|#F16534|1|
NCS||1060-Y80R|#F15331|1|
NCS||1060-Y90R|#F14134|1|
NCS||1070-G10Y|#57F15E|1|
NCS||1070-G20Y|#7BF14B|1|
NCS||1070-G30Y|#98F13B|1|
NCS||1070-G40Y|#B0F12E|1|
NCS||1070-G50Y|#C5F130|1|
NCS||1070-G60Y|#D6F132|1|
NCS||1070-G70Y|#E8F134|1|
NCS||1070-G80Y|#F1EB35|1|
NCS||1070-G90Y|#F1DF33|1|
NCS||1070-R|#F11F2D|1|
NCS||1070-R10B|#F1213A|1|
NCS||1070-R20B|#F1234C|1|
NCS||1070-Y|#F1D432|1|
NCS||1070-Y10R|#F1C430|1|
NCS||1070-Y20R|#F1B32E|1|
NCS||1070-Y30R|#F1A12C|1|
NCS||1070-Y40R|#F1902A|1|
NCS||1070-Y50R|#F17E28|1|
NCS||1070-Y60R|#F16B26|1|
NCS||1070-Y70R|#F15924|1|
NCS||1070-Y80R|#F14622|1|
NCS||1070-Y90R|#F13326|1|
NCS||1075-G20Y|#76F144|1|
NCS||1075-G40Y|#ADF126|1|
NCS||1075-G50Y|#C3F127|1|
NCS||1075-G60Y|#D5F129|1|
NCS||1075-G70Y|#E7F12B|1|
NCS||1075-G80Y|#F1EB2B|1|
NCS||1075-G90Y|#F1DE2A|1|
NCS||1080-G30Y|#91F12C|1|
NCS||1080-R|#F11322|1|
NCS||1080-Y|#F1D220|1|
NCS||1080-Y10R|#F1C01E|1|
NCS||1080-Y20R|#F1AD1D|1|
NCS||1080-Y30R|#F19B1C|1|
NCS||1080-Y40R|#F1881B|1|
NCS||1080-Y50R|#F17519|1|
NCS||1080-Y60R|#F16218|1|
NCS||1080-Y70R|#F14E16|1|
NCS||1080-Y80R|#F13B15|1|
NCS||1080-Y90R|#F1281A|1|
NCS||1085-Y80R|#F1360F|1|
NCS||1085-Y90R|#F12214|1|
NCS||1500-N|#D8D8D8|1|
NCS||1502-B|#DBE1E4|1|
NCS||1502-B50G|#DDE4E3|1|
NCS||1502-G|#DAE4DE|1|
NCS||1502-G50Y|#E2E4DC|1|
NCS||1502-R|#E4D7D8|1|
NCS||1502-R50B|#E4DCE2|1|
NCS||1502-Y|#E4E3DC|1|
NCS||1502-Y50R|#E4DEDA|1|
NCS||1505-G80Y|#E4E3D3|1|
NCS||1505-G90Y|#E4E2D2|1|
NCS||1505-Y|#E4E1D2|1|
NCS||1505-Y10R|#E4DFD1|1|
NCS||1505-Y20R|#E4DDD0|1|
NCS||1505-Y30R|#E4DBCF|1|
NCS||1505-Y40R|#E4D9CE|1|
NCS||1505-Y50R|#E4D7CD|1|
NCS||1505-Y60R|#E4D4CC|1|
NCS||1505-Y70R|#E4D1CA|1|
NCS||1505-Y80R|#E4CDC9|1|
NCS||1505-Y90R|#E4CAC8|1|
NCS||1510-B|#BDD5E4|1|
NCS||1510-B20G|#C1DEE4|1|
NCS||1510-B50G|#C3E4E3|1|
NCS||1510-B80G|#C0E4DC|1|
NCS||1510-G|#B8E4C9|1|
NCS||1510-G20Y|#CCE4C2|1|
NCS||1510-G40Y|#D7E4BE|1|
NCS||1510-G60Y|#DFE4C1|1|
NCS||1510-G80Y|#E4E3C3|1|
NCS||1510-G90Y|#E4E0C2|1|
NCS||1510-R|#E4ADB1|1|
NCS||1510-R10B|#E4AFB6|1|
NCS||1510-R20B|#E4B2BC|1|
NCS||1510-R40B|#E4BACF|1|
NCS||1510-R60B|#D8BEE4|1|
NCS||1510-R80B|#B2BBE4|1|
NCS||1510-R90B|#B6C5E4|1|
NCS||1510-Y|#E4DEC1|1|
NCS||1510-Y10R|#E4DBBF|1|
NCS||1510-Y20R|#E4D8BE|1|
NCS||1510-Y30R|#E4D4BC|1|
NCS||1510-Y40R|#E4D0BA|1|
NCS||1510-Y50R|#E4CBB8|1|
NCS||1510-Y60R|#E4C6B6|1|
NCS||1510-Y70R|#E4C0B4|1|
NCS||1510-Y80R|#E4BAB1|1|
NCS||1510-Y90R|#E4B4B1|1|
NCS||1515-B|#ACCFE4|1|
NCS||1515-B20G|#B1DBE4|1|
NCS||1515-B50G|#B3E4E2|1|
NCS||1515-B80G|#AFE4D8|1|
NCS||1515-G|#A5E4BD|1|
NCS||1515-G20Y|#C1E4B3|1|
NCS||1515-G40Y|#D1E4AD|1|
NCS||1515-G60Y|#DDE4B1|1|
NCS||1515-G80Y|#E4E2B3|1|
NCS||1515-G90Y|#E4DFB2|1|
NCS||1515-R|#E4989D|1|
NCS||1515-R10B|#E49BA3|1|
NCS||1515-R20B|#E49EAC|1|
NCS||1515-R40B|#E4A8C6|1|
NCS||1515-R60B|#D2ADE4|1|
NCS||1515-R80B|#9DAAE4|1|
NCS||1515-R90B|#A3B8E4|1|
NCS||1515-Y|#E4DCB1|1|
NCS||1515-Y10R|#E4D7AF|1|
NCS||1515-Y20R|#E4D2AD|1|
NCS||1515-Y30R|#E4CDAB|1|
NCS||1515-Y40R|#E4C7A8|1|
NCS||1515-Y50R|#E4C0A6|1|
NCS||1515-Y60R|#E4B9A3|1|
NCS||1515-Y70R|#E4B1A0|1|
NCS||1515-Y80R|#E4A99D|1|
NCS||1515-Y90R|#E4A19C|1|
NCS||1550-R70B|#8857E4|1|
NCS||1550-R80B|#405EE4|1|
NCS||1555-B10G|#49BCE4|1|
NCS||1555-R70B|#824EE4|1|
NCS||1555-R80B|#3757E4|1|
NCS||1560-R90B|#346EE4|1|
NCS||1565-B|#33A1E4|1|
NCS||1565-G|#2DE474|1|
NCS||1575-R10B|#E41931|1|
NCS||1580-R|#E41220|1|
NCS||1580-Y80R|#E43814|1|
NCS||1580-Y90R|#E42518|1|
NCS||2000-N|#CCCCCC|1|
NCS||2002-B|#CFD3D6|1|
NCS||2002-B50G|#D0D6D6|1|
NCS||2002-G|#CDD6D1|1|
NCS||2002-G50Y|#D5D6CF|1|
NCS||2002-R|#D6CBCB|1|
NCS||2002-R50B|#D6CFD5|1|
NCS||2002-Y|#D6D5CF|1|
NCS||2002-Y50R|#D6D1CD|1|
NCS||2005-B|#C3CFD6|1|
NCS||2005-B20G|#C5D3D6|1|
NCS||2005-B20G|#C5D3D6|1|
NCS||2005-B50G|#C6D6D6|1|
NCS||2005-B80G|#C5D6D2|1|
NCS||2005-B80G|#C5D6D2|1|
NCS||2005-G|#C0D6C9|1|
NCS||2005-G10Y|#C6D6C7|1|
NCS||2005-G20Y|#CBD6C6|1|
NCS||2005-G20Y|#CBD6C6|1|
NCS||2005-G30Y|#CED6C5|1|
NCS||2005-G40Y|#D0D6C4|1|
NCS||2005-G50Y|#D2D6C5|1|
NCS||2005-G60Y|#D4D6C6|1|
NCS||2005-G70Y|#D6D6C6|1|
NCS||2005-G80Y|#D6D6C6|1|
NCS||2005-G90Y|#D6D5C6|1|
NCS||2005-R|#D6BBBC|1|
NCS||2005-R10B|#D6BCBF|1|
NCS||2005-R20B|#D6BDC2|1|
NCS||2005-R20B|#D6BDC2|1|
NCS||2005-R30B|#D6BFC7|1|
NCS||2005-R40B|#D6C2CC|1|
NCS||2005-R50B|#D6C5D3|1|
NCS||2005-R50B|#D6C5D3|1|
NCS||2005-R60B|#D0C4D6|1|
NCS||2005-R70B|#CAC3D6|1|
NCS||2005-R80B|#BDC2D6|1|
NCS||2005-R90B|#C0C7D6|1|
NCS||2005-Y|#D6D4C5|1|
NCS||2005-Y10R|#D6D2C5|1|
NCS||2005-Y20R|#D6D0C4|1|
NCS||2005-Y30R|#D6CFC3|1|
NCS||2005-Y40R|#D6CCC2|1|
NCS||2005-Y50R|#D6CAC1|1|
NCS||2005-Y50R|#D6CAC1|1|
NCS||2005-Y60R|#D6C7C0|1|
NCS||2005-Y70R|#D6C4BE|1|
NCS||2005-Y80R|#D6C1BD|1|
NCS||2005-Y90R|#D6BEBC|1|
NCS||2010-B|#B2C9D6|1|
NCS||2010-B10G|#B4CED6|1|
NCS||2010-B30G|#B6D3D6|1|
NCS||2010-B50G|#B7D6D5|1|
NCS||2010-B70G|#B6D6D1|1|
NCS||2010-B90G|#B0D6C5|1|
NCS||2010-G|#ADD6BD|1|
NCS||2010-G10Y|#B8D6B9|1|
NCS||2010-G20Y|#C0D6B7|1|
NCS||2010-G30Y|#C6D6B4|1|
NCS||2010-G40Y|#CAD6B3|1|
NCS||2010-G50Y|#CED6B4|1|
NCS||2010-G60Y|#D2D6B6|1|
NCS||2010-G70Y|#D5D6B7|1|
NCS||2010-G80Y|#D6D5B7|1|
NCS||2010-G90Y|#D6D3B6|1|
NCS||2010-R|#D6A3A6|1|
NCS||2010-R10B|#D6A5AB|1|
NCS||2010-R20B|#D6A8B1|1|
NCS||2010-R30B|#D6ABB9|1|
NCS||2010-R40B|#D6AFC3|1|
NCS||2010-R50B|#D6B5D0|1|
NCS||2010-R60B|#CBB3D6|1|
NCS||2010-R70B|#BFB2D6|1|
NCS||2010-R80B|#A7B0D6|1|
NCS||2010-R90B|#ABB9D6|1|
NCS||2010-Y|#D6D1B6|1|
NCS||2010-Y10R|#D6CEB4|1|
NCS||2010-Y20R|#D6CBB3|1|
NCS||2010-Y30R|#D6C7B1|1|
NCS||2010-Y40R|#D6C3AF|1|
NCS||2010-Y50R|#D6BFAE|1|
NCS||2010-Y60R|#D6BAAC|1|
NCS||2010-Y70R|#D6B5A9|1|
NCS||2010-Y80R|#D6AFA7|1|
NCS||2010-Y90R|#D6A9A6|1|
NCS||2020-B|#92BDD6|1|
NCS||2020-B10G|#96C6D6|1|
NCS||2020-B30G|#9AD1D6|1|
NCS||2020-B40G|#9BD5D6|1|
NCS||2020-B50G|#9BD6D4|1|
NCS||2020-B60G|#9AD6D1|1|
NCS||2020-B70G|#98D6CD|1|
NCS||2020-B90G|#90D6B7|1|
NCS||2020-G|#8BD6A8|1|
NCS||2020-G10Y|#9FD6A1|1|
NCS||2020-G20Y|#ADD69C|1|
NCS||2020-G30Y|#B7D697|1|
NCS||2020-G40Y|#C0D694|1|
NCS||2020-G50Y|#C8D696|1|
NCS||2020-G60Y|#CED699|1|
NCS||2020-G70Y|#D3D69B|1|
NCS||2020-G80Y|#D6D49B|1|
NCS||2020-G90Y|#D6D09A|1|
NCS||2020-R|#D67E83|1|
NCS||2020-R10B|#D6808B|1|
NCS||2020-R20B|#D68494|1|
NCS||2020-R30B|#D688A1|1|
NCS||2020-R40B|#D68FB3|1|
NCS||2020-R50B|#D697CA|1|
NCS||2020-R60B|#C194D6|1|
NCS||2020-R70B|#AB94D6|1|
NCS||2020-R80B|#8392D6|1|
NCS||2020-R90B|#89A2D6|1|
NCS||2020-Y|#D6CD98|1|
NCS||2020-Y10R|#D6C796|1|
NCS||2020-Y20R|#D6C194|1|
NCS||2020-Y30R|#D6BB92|1|
NCS||2020-Y40R|#D6B38F|1|
NCS||2020-Y50R|#D6AC8C|1|
NCS||2020-Y60R|#D6A389|1|
NCS||2020-Y70R|#D69B86|1|
NCS||2020-Y80R|#D69183|1|
NCS||2020-Y90R|#D68882|1|
NCS||2030-B|#77B3D6|1|
NCS||2030-B10G|#7BBFD6|1|
NCS||2030-B30G|#80CED6|1|
NCS||2030-B40G|#82D4D6|1|
NCS||2030-B50G|#81D6D3|1|
NCS||2030-B60G|#80D6CE|1|
NCS||2030-B70G|#7ED6C9|1|
NCS||2030-B90G|#75D6AB|1|
NCS||2030-G|#6FD697|1|
NCS||2030-G10Y|#8AD68D|1|
NCS||2030-G20Y|#9CD685|1|
NCS||2030-G30Y|#ABD67E|1|
NCS||2030-G40Y|#B7D679|1|
NCS||2030-G50Y|#C2D67C|1|
NCS||2030-G60Y|#CAD67F|1|
NCS||2030-G70Y|#D2D681|1|
NCS||2030-G80Y|#D6D481|1|
NCS||2030-G90Y|#D6CE80|1|
NCS||2030-R|#D66168|1|
NCS||2030-R10B|#D66471|1|
NCS||2030-R20B|#D6677E|1|
NCS||2030-R30B|#D66C8E|1|
NCS||2030-R40B|#D673A5|1|
NCS||2030-R50B|#D67DC5|1|
NCS||2030-R60B|#B979D6|1|
NCS||2030-R70B|#9B7BD6|1|
NCS||2030-R80B|#677BD6|1|
NCS||2030-R90B|#6D8FD6|1|
NCS||2030-Y|#D6C97E|1|
NCS||2030-Y10R|#D6C17C|1|
NCS||2030-Y20R|#D6B979|1|
NCS||2030-Y30R|#D6B076|1|
NCS||2030-Y40R|#D6A674|1|
NCS||2030-Y50R|#D69C70|1|
NCS||2030-Y60R|#D6916D|1|
NCS||2030-Y70R|#D6856A|1|
NCS||2030-Y80R|#D67966|1|
NCS||2030-Y90R|#D66D66|1|
NCS||2040-B|#60AAD6|1|
NCS||2040-B10G|#64B9D6|1|
NCS||2040-B20G|#66C4D6|1|
NCS||2040-B30G|#68CCD6|1|
NCS||2040-B40G|#6AD3D6|1|
NCS||2040-B50G|#6AD6D3|1|
NCS||2040-B60G|#68D6CC|1|
NCS||2040-B70G|#67D6C6|1|
NCS||2040-B80G|#65D6BD|1|
NCS||2040-B90G|#5DD6A0|1|
NCS||2040-G|#58D689|1|
NCS||2040-G10Y|#77D67C|1|
NCS||2040-G20Y|#8ED671|1|
NCS||2040-G30Y|#A0D668|1|
NCS||2040-G40Y|#AFD661|1|
NCS||2040-G50Y|#BCD664|1|
NCS||2040-G60Y|#C7D667|1|
NCS||2040-G70Y|#D1D66A|1|
NCS||2040-G80Y|#D6D36A|1|
NCS||2040-G90Y|#D6CC68|1|
NCS||2040-R|#D64A53|1|
NCS||2040-R10B|#D64D5D|1|
NCS||2040-R20B|#D6506B|1|
NCS||2040-R30B|#D6557E|1|
NCS||2040-R40B|#D65C99|1|
NCS||2040-R50B|#D666C1|1|
NCS||2040-R60B|#B162D6|1|
NCS||2040-R70B|#8D65D6|1|
NCS||2040-R80B|#4F68D6|1|
NCS||2040-R90B|#5580D6|1|
NCS||2040-Y|#D6C667|1|
NCS||2040-Y10R|#D6BC64|1|
NCS||2040-Y20R|#D6B162|1|
NCS||2040-Y30R|#D6A65F|1|
NCS||2040-Y40R|#D69A5C|1|
NCS||2040-Y50R|#D68E59|1|
NCS||2040-Y60R|#D68156|1|
NCS||2040-Y70R|#D67452|1|
NCS||2040-Y80R|#D6664F|1|
NCS||2040-Y90R|#D65950|1|
NCS||2050-B|#4BA2D6|1|
NCS||2050-B10G|#4FB4D6|1|
NCS||2050-B20G|#51C0D6|1|
NCS||2050-B30G|#53CAD6|1|
NCS||2050-B40G|#55D3D6|1|
NCS||2050-B50G|#55D6D2|1|
NCS||2050-B60G|#53D6CA|1|
NCS||2050-B70G|#51D6C3|1|
NCS||2050-B80G|#4FD6B8|1|
NCS||2050-B90G|#49D697|1|
NCS||2050-G|#44D67D|1|
NCS||2050-G10Y|#68D66C|1|
NCS||2050-G20Y|#82D660|1|
NCS||2050-G30Y|#97D655|1|
NCS||2050-G40Y|#A8D64D|1|
NCS||2050-G50Y|#B7D64F|1|
NCS||2050-G60Y|#C4D652|1|
NCS||2050-G70Y|#D0D654|1|
NCS||2050-G80Y|#D6D255|1|
NCS||2050-G90Y|#D6CA53|1|
NCS||2050-R|#D63842|1|
NCS||2050-R10B|#D63A4D|1|
NCS||2050-R20B|#D63D5C|1|
NCS||2050-R30B|#D64171|1|
NCS||2050-R40B|#D6478F|1|
NCS||2050-R50B|#D650BD|1|
NCS||2050-R60B|#AA4DD6|1|
NCS||2050-R70B|#8052D6|1|
NCS||2050-R80B|#3C59D6|1|
NCS||2050-R90B|#4172D6|1|
NCS||2050-Y|#D6C251|1|
NCS||2050-Y10R|#D6B74F|1|
NCS||2050-Y20R|#D6AA4D|1|
NCS||2050-Y30R|#D69E4A|1|
NCS||2050-Y40R|#D69047|1|
NCS||2050-Y50R|#D68345|1|
NCS||2050-Y60R|#D67442|1|
NCS||2050-Y70R|#D6663F|1|
NCS||2050-Y80R|#D6573C|1|
NCS||2050-Y90R|#D6483E|1|
NCS||2055-B10G|#45B1D6|1|
NCS||2060-B|#399BD6|1|
NCS||2060-B50G|#41D6D1|1|
NCS||2060-B70G|#3ED6C0|1|
NCS||2060-B90G|#37D68F|1|
NCS||2060-G|#32D672|1|
NCS||2060-G10Y|#5AD65F|1|
NCS||2060-G20Y|#77D650|1|
NCS||2060-G30Y|#8FD644|1|
NCS||2060-G40Y|#A2D63A|1|
NCS||2060-G50Y|#B3D63C|1|
NCS||2060-G60Y|#C1D63E|1|
NCS||2060-G70Y|#CFD640|1|
NCS||2060-G80Y|#D6D241|1|
NCS||2060-G90Y|#D6C83F|1|
NCS||2060-R|#D62934|1|
NCS||2060-R10B|#D62A3F|1|
NCS||2060-R20B|#D62D4F|1|
NCS||2060-R30B|#D63065|1|
NCS||2060-R40B|#D63586|1|
NCS||2060-R70B|#7642D6|1|
NCS||2060-R80B|#2C4CD6|1|
NCS||2060-R90B|#3067D6|1|
NCS||2060-Y|#D6C03E|1|
NCS||2060-Y10R|#D6B23C|1|
NCS||2060-Y20R|#D6A43A|1|
NCS||2060-Y30R|#D69638|1|
NCS||2060-Y40R|#D68835|1|
NCS||2060-Y50R|#D67933|1|
NCS||2060-Y60R|#D66931|1|
NCS||2060-Y70R|#D6592E|1|
NCS||2060-Y80R|#D6492C|1|
NCS||2060-Y90R|#D6392F|1|
NCS||2065-B|#3098D6|1|
NCS||2065-R20B|#D62649|1|
NCS||2065-R90B|#2962D6|1|
NCS||2070-G10Y|#4ED654|1|
NCS||2070-G20Y|#6ED643|1|
NCS||2070-G30Y|#87D635|1|
NCS||2070-G40Y|#9DD629|1|
NCS||2070-G50Y|#AFD62B|1|
NCS||2070-G60Y|#BED62D|1|
NCS||2070-G70Y|#CED62E|1|
NCS||2070-G80Y|#D6D12F|1|
NCS||2070-G90Y|#D6C62D|1|
NCS||2070-R|#D61C28|1|
NCS||2070-R10B|#D61D34|1|
NCS||2070-Y|#D6BD2C|1|
NCS||2070-Y10R|#D6AE2B|1|
NCS||2070-Y20R|#D69F29|1|
NCS||2070-Y30R|#D68F27|1|
NCS||2070-Y40R|#D68026|1|
NCS||2070-Y50R|#D67024|1|
NCS||2070-Y60R|#D65F22|1|
NCS||2070-Y70R|#D64F20|1|
NCS||2070-Y80R|#D63E1E|1|
NCS||2070-Y90R|#D62D22|1|
NCS||2075-G20Y|#69D63C|1|
NCS||2075-G30Y|#84D62E|1|
NCS||2075-Y60R|#D65B1B|1|
NCS||2075-Y70R|#D64A1A|1|
NCS||2500-N|#BFBFBF|1|
NCS||2502-B|#C2C6C9|1|
NCS||2502-G|#C0C9C4|1|
NCS||2502-R|#C9BEBF|1|
NCS||2502-Y|#C9C8C2|1|
NCS||2555-B20G|#43B3C9|1|
NCS||2555-B30G|#44BCC9|1|
NCS||2555-B40G|#46C5C9|1|
NCS||2555-B60G|#44C9BD|1|
NCS||2555-B80G|#41C9AB|1|
NCS||2565-G|#28C967|1|
NCS||2565-R80B|#2341C9|1|
NCS||2570-G20Y|#67C93E|1|
NCS||2570-G30Y|#7FC931|1|
NCS||2570-R|#C91A25|1|
NCS||2570-Y30R|#C98725|1|
NCS||2570-Y40R|#C97823|1|
NCS||2570-Y50R|#C96922|1|
NCS||2570-Y60R|#C95920|1|
NCS||2570-Y70R|#C94A1E|1|
NCS||2570-Y80R|#C93A1C|1|
NCS||2570-Y90R|#C92B20|1|
NCS||3000-N|#B2B2B2|1|
NCS||3005-B20G|#ADB9BC|1|
NCS||3005-B80G|#ACBCB8|1|
NCS||3005-G20Y|#B1BCAD|1|
NCS||3005-G50Y|#B8BCAC|1|
NCS||3005-G80Y|#BCBBAE|1|
NCS||3005-R20B|#BCA6AA|1|
NCS||3005-R50B|#BCACB9|1|
NCS||3005-R80B|#A5AABC|1|
NCS||3005-Y20R|#BCB6AB|1|
NCS||3005-Y50R|#BCB1A9|1|
NCS||3005-Y80R|#BCA9A5|1|
NCS||3010-B|#9CB0BC|1|
NCS||3010-B10G|#9DB4BC|1|
NCS||3010-B30G|#A0B9BC|1|
NCS||3010-B50G|#A0BCBB|1|
NCS||3010-B70G|#9FBCB7|1|
NCS||3010-B90G|#9ABCAD|1|
NCS||3010-G|#97BCA5|1|
NCS||3010-G10Y|#A1BCA2|1|
NCS||3010-G20Y|#A8BCA0|1|
NCS||3010-G30Y|#ADBC9E|1|
NCS||3010-G40Y|#B1BC9C|1|
NCS||3010-G50Y|#B5BC9E|1|
NCS||3010-G60Y|#B8BC9F|1|
NCS||3010-G70Y|#BABCA0|1|
NCS||3010-G80Y|#BCBBA0|1|
NCS||3010-G90Y|#BCB9A0|1|
NCS||3010-R|#BC8F92|1|
NCS||3010-R10B|#BC9096|1|
NCS||3010-R20B|#BC939B|1|
NCS||3010-R30B|#BC96A2|1|
NCS||3010-R40B|#BC99AA|1|
NCS||3010-R50B|#BC9EB6|1|
NCS||3010-R60B|#B29CBC|1|
NCS||3010-R70B|#A79CBC|1|
NCS||3010-R80B|#929ABC|1|
NCS||3010-R90B|#96A2BC|1|
NCS||3010-Y|#BCB79F|1|
NCS||3010-Y10R|#BCB59E|1|
NCS||3010-Y20R|#BCB29C|1|
NCS||3010-Y30R|#BCAE9B|1|
NCS||3010-Y40R|#BCAB9A|1|
NCS||3010-Y50R|#BCA798|1|
NCS||3010-Y60R|#BCA396|1|
NCS||3010-Y70R|#BC9E94|1|
NCS||3010-Y80R|#BC9992|1|
NCS||3010-Y90R|#BC9491|1|
NCS||3020-B|#80A5BC|1|
NCS||3020-B10G|#83ADBC|1|
NCS||3020-B30G|#86B7BC|1|
NCS||3020-B40G|#88BABC|1|
NCS||3020-B50G|#88BCBA|1|
NCS||3020-B60G|#86BCB7|1|
NCS||3020-B70G|#85BCB3|1|
NCS||3020-B90G|#7EBCA0|1|
NCS||3020-G|#7ABC93|1|
NCS||3020-G10Y|#8BBC8D|1|
NCS||3020-G20Y|#97BC88|1|
NCS||3020-G30Y|#A1BC84|1|
NCS||3020-G40Y|#A8BC81|1|
NCS||3020-G50Y|#AFBC84|1|
NCS||3020-G60Y|#B4BC86|1|
NCS||3020-G70Y|#B9BC87|1|
NCS||3020-G80Y|#BCBA88|1|
NCS||3020-G90Y|#BCB686|1|
NCS||3020-R|#BC6E73|1|
NCS||3020-R10B|#BC7079|1|
NCS||3020-R20B|#BC7382|1|
NCS||3020-R30B|#BC778D|1|
NCS||3020-R40B|#BC7D9C|1|
NCS||3020-R50B|#BC84B1|1|
NCS||3020-R60B|#A982BC|1|
NCS||3020-R70B|#9682BC|1|
NCS||3020-R80B|#7380BC|1|
NCS||3020-R90B|#788EBC|1|
NCS||3020-Y|#BCB385|1|
NCS||3020-Y10R|#BCAE83|1|
NCS||3020-Y20R|#BCA982|1|
NCS||3020-Y30R|#BCA37F|1|
NCS||3020-Y40R|#BC9D7D|1|
NCS||3020-Y50R|#BC967B|1|
NCS||3020-Y60R|#BC8F78|1|
NCS||3020-Y70R|#BC8775|1|
NCS||3020-Y80R|#BC7F72|1|
NCS||3020-Y90R|#BC7772|1|
NCS||3030-B|#689CBC|1|
NCS||3030-B10G|#6CA7BC|1|
NCS||3030-B30G|#70B4BC|1|
NCS||3030-B40G|#71B9BC|1|
NCS||3030-B50G|#71BCB9|1|
NCS||3030-B60G|#70BCB5|1|
NCS||3030-B70G|#6EBCB0|1|
NCS||3030-B90G|#66BC95|1|
NCS||3030-G|#61BC84|1|
NCS||3030-G10Y|#78BC7B|1|
NCS||3030-G20Y|#89BC74|1|
NCS||3030-G30Y|#96BC6E|1|
NCS||3030-G40Y|#A0BC6A|1|
NCS||3030-G50Y|#A9BC6C|1|
NCS||3030-G60Y|#B1BC6F|1|
NCS||3030-G70Y|#B8BC71|1|
NCS||3030-G80Y|#BCB971|1|
NCS||3030-G90Y|#BCB470|1|
NCS||3030-R|#BC555B|1|
NCS||3030-R10B|#BC5763|1|
NCS||3030-R20B|#BC5A6E|1|
NCS||3030-R30B|#BC5F7C|1|
NCS||3030-R40B|#BC6590|1|
NCS||3030-R50B|#BC6DAD|1|
NCS||3030-R60B|#A26ABC|1|
NCS||3030-R70B|#876BBC|1|
NCS||3030-R80B|#5A6CBC|1|
NCS||3030-R90B|#5F7EBC|1|
NCS||3030-Y|#BCB06E|1|
NCS||3030-Y10R|#BCA96C|1|
NCS||3030-Y20R|#BCA16A|1|
NCS||3030-Y30R|#BC9A68|1|
NCS||3030-Y40R|#BC9165|1|
NCS||3030-Y50R|#BC8862|1|
NCS||3030-Y60R|#BC7F5F|1|
NCS||3030-Y70R|#BC755C|1|
NCS||3030-Y80R|#BC6A59|1|
NCS||3030-Y90R|#BC6059|1|
NCS||3040-B|#5495BC|1|
NCS||3040-B10G|#57A2BC|1|
NCS||3040-B20G|#59ABBC|1|
NCS||3040-B30G|#5BB3BC|1|
NCS||3040-B40G|#5DB9BC|1|
NCS||3040-B50G|#5DBCB8|1|
NCS||3040-B60G|#5BBCB3|1|
NCS||3040-B70G|#5ABCAD|1|
NCS||3040-B80G|#58BCA5|1|
NCS||3040-B90G|#52BC8C|1|
NCS||3040-G|#4DBC78|1|
NCS||3040-G10Y|#68BC6C|1|
NCS||3040-G20Y|#7DBC63|1|
NCS||3040-G30Y|#8CBC5B|1|
NCS||3040-G40Y|#99BC55|1|
NCS||3040-G50Y|#A5BC58|1|
NCS||3040-G60Y|#AEBC5A|1|
NCS||3040-G70Y|#B7BC5C|1|
NCS||3040-G80Y|#BCB95D|1|
NCS||3040-G90Y|#BCB25B|1|
NCS||3040-R|#BC4149|1|
NCS||3040-R10B|#BC4352|1|
NCS||3040-R20B|#BC465E|1|
NCS||3040-R30B|#BC4A6E|1|
NCS||3040-R40B|#BC5086|1|
NCS||3040-R50B|#BC59A9|1|
NCS||3040-R60B|#9B55BC|1|
NCS||3040-R70B|#7B58BC|1|
NCS||3040-R80B|#455BBC|1|
NCS||3040-R90B|#4B70BC|1|
NCS||3040-Y|#BCAD5A|1|
NCS||3040-Y10R|#BCA458|1|
NCS||3040-Y20R|#BC9B55|1|
NCS||3040-Y30R|#BC9153|1|
NCS||3040-Y40R|#BC8750|1|
NCS||3040-Y50R|#BC7C4E|1|
NCS||3040-Y60R|#BC714B|1|
NCS||3040-Y70R|#BC6648|1|
NCS||3040-Y80R|#BC5A45|1|
NCS||3040-Y90R|#BC4D46|1|
NCS||3050-B|#428EBC|1|
NCS||3050-B10G|#459DBC|1|
NCS||3050-B20G|#47A8BC|1|
NCS||3050-B30G|#49B1BC|1|
NCS||3050-B40G|#4AB8BC|1|
NCS||3050-B50G|#4ABCB8|1|
NCS||3050-B60G|#49BCB1|1|
NCS||3050-B70G|#47BCAA|1|
NCS||3050-B80G|#45BCA1|1|
NCS||3050-B90G|#40BC84|1|
NCS||3050-G|#3BBC6D|1|
NCS||3050-G10Y|#5BBC5F|1|
NCS||3050-G20Y|#72BC54|1|
NCS||3050-G30Y|#84BC4A|1|
NCS||3050-G40Y|#93BC43|1|
NCS||3050-G50Y|#A0BC45|1|
NCS||3050-G60Y|#ABBC47|1|
NCS||3050-G70Y|#B6BC4A|1|
NCS||3050-G80Y|#BCB84A|1|
NCS||3050-G90Y|#BCB048|1|
NCS||3050-R|#BC313A|1|
NCS||3050-R10B|#BC3343|1|
NCS||3050-R20B|#BC3550|1|
NCS||3050-R30B|#BC3963|1|
NCS||3050-R40B|#BC3E7D|1|
NCS||3050-R50B|#BC46A5|1|
NCS||3050-R60B|#9543BC|1|
NCS||3050-R70B|#7048BC|1|
NCS||3050-R80B|#354EBC|1|
NCS||3050-R90B|#3964BC|1|
NCS||3050-Y|#BCAA47|1|
NCS||3050-Y10R|#BCA045|1|
NCS||3050-Y20R|#BC9543|1|
NCS||3050-Y30R|#BC8A41|1|
NCS||3050-Y40R|#BC7E3E|1|
NCS||3050-Y50R|#BC723C|1|
NCS||3050-Y60R|#BC663A|1|
NCS||3050-Y70R|#BC5937|1|
NCS||3050-Y80R|#BC4C34|1|
NCS||3050-Y90R|#BC3F36|1|
NCS||3055-B50G|#41BCB7|1|
NCS||3055-R30B|#BC315D|1|
NCS||3055-R40B|#BC3679|1|
NCS||3055-R50B|#BC3EA3|1|
NCS||3060-B|#3188BC|1|
NCS||3060-B10G|#3499BC|1|
NCS||3060-B20G|#36A5BC|1|
NCS||3060-B30G|#37AFBC|1|
NCS||3060-B40G|#39B8BC|1|
NCS||3060-B70G|#36BCA8|1|
NCS||3060-B90G|#30BC7D|1|
NCS||3060-G|#2CBC64|1|
NCS||3060-G10Y|#4FBC53|1|
NCS||3060-G20Y|#68BC46|1|
NCS||3060-G30Y|#7DBC3B|1|
NCS||3060-G40Y|#8EBC33|1|
NCS||3060-G50Y|#9CBC35|1|
NCS||3060-G60Y|#A9BC36|1|
NCS||3060-G70Y|#B5BC38|1|
NCS||3060-G80Y|#BCB739|1|
NCS||3060-G90Y|#BCAF37|1|
NCS||3060-R|#BC232D|1|
NCS||3060-R10B|#BC2537|1|
NCS||3060-R20B|#BC2745|1|
NCS||3060-R70B|#673ABC|1|
NCS||3060-R80B|#2742BC|1|
NCS||3060-R90B|#2A5ABC|1|
NCS||3060-Y|#BCA836|1|
NCS||3060-Y10R|#BC9C34|1|
NCS||3060-Y20R|#BC9033|1|
NCS||3060-Y30R|#BC8331|1|
NCS||3060-Y40R|#BC772F|1|
NCS||3060-Y50R|#BC692D|1|
NCS||3060-Y60R|#BC5C2B|1|
NCS||3060-Y70R|#BC4E29|1|
NCS||3060-Y80R|#BC4026|1|
NCS||3060-Y90R|#BC3229|1|
NCS||3065-G10Y|#49BC4E|1|
NCS||3065-G40Y|#8BBC2B|1|
NCS||3065-G50Y|#9BBC2D|1|
NCS||3065-G60Y|#A8BC2F|1|
NCS||3065-R90B|#2456BC|1|
NCS||3065-Y20R|#BC8D2B|1|
NCS||3500-N|#A5A5A5|1|
NCS||3502-B|#A8ACAE|1|
NCS||3502-G|#A7AEAA|1|
NCS||3502-R|#AEA5A5|1|
NCS||3502-Y|#AEADA9|1|
NCS||3555-B60G|#3BAEA4|1|
NCS||3555-B80G|#39AE94|1|
NCS||3555-R60B|#8836AE|1|
NCS||3560-G|#29AE5D|1|
NCS||3560-G10Y|#49AE4D|1|
NCS||3560-G20Y|#61AE41|1|
NCS||3560-G30Y|#74AE37|1|
NCS||3560-G40Y|#84AE2F|1|
NCS||3560-G50Y|#91AE31|1|
NCS||3560-G60Y|#9DAE33|1|
NCS||3560-G70Y|#A8AE34|1|
NCS||3560-R|#AE212A|1|
NCS||3560-R80B|#243DAE|1|
NCS||3560-R90B|#2754AE|1|
NCS||3560-Y|#AE9C32|1|
NCS||3560-Y20R|#AE852F|1|
NCS||3560-Y30R|#AE7A2D|1|
NCS||3560-Y40R|#AE6E2B|1|
NCS||3560-Y50R|#AE622A|1|
NCS||3560-Y60R|#AE5528|1|
NCS||3560-Y70R|#AE4926|1|
NCS||3560-Y80R|#AE3C24|1|
NCS||3560-Y90R|#AE2F26|1|
NCS||4000-N|#999999|1|
NCS||4005-B20G|#949FA1|1|
NCS||4005-B80G|#94A19E|1|
NCS||4005-G20Y|#98A194|1|
NCS||4005-G50Y|#9EA194|1|
NCS||4005-G80Y|#A1A095|1|
NCS||4005-R20B|#A18E92|1|
NCS||4005-R50B|#A1949E|1|
NCS||4005-R80B|#8E91A1|1|
NCS||4005-Y20R|#A19C93|1|
NCS||4005-Y50R|#A19891|1|
NCS||4005-Y80R|#A1918E|1|
NCS||4010-B10G|#879AA1|1|
NCS||4010-B30G|#899FA1|1|
NCS||4010-B50G|#89A1A0|1|
NCS||4010-B70G|#88A19D|1|
NCS||4010-B90G|#84A194|1|
NCS||4010-G10Y|#8AA18B|1|
NCS||4010-G30Y|#94A187|1|
NCS||4010-G50Y|#9BA187|1|
NCS||4010-G70Y|#A0A189|1|
NCS||4010-G90Y|#A19E89|1|
NCS||4010-R10B|#A17C80|1|
NCS||4010-R30B|#A1808B|1|
NCS||4010-R50B|#A1889C|1|
NCS||4010-R70B|#8F86A1|1|
NCS||4010-R90B|#808BA1|1|
NCS||4010-Y10R|#A19B87|1|
NCS||4010-Y30R|#A19585|1|
NCS||4010-Y50R|#A18F82|1|
NCS||4010-Y70R|#A1887F|1|
NCS||4010-Y90R|#A17F7D|1|
NCS||4020-B|#6E8EA1|1|
NCS||4020-B10G|#7094A1|1|
NCS||4020-B30G|#739DA1|1|
NCS||4020-B50G|#74A19F|1|
NCS||4020-B70G|#72A19A|1|
NCS||4020-B90G|#6CA189|1|
NCS||4020-G|#68A17E|1|
NCS||4020-G10Y|#77A179|1|
NCS||4020-G30Y|#8AA171|1|
NCS||4020-G50Y|#96A171|1|
NCS||4020-G70Y|#9FA174|1|
NCS||4020-G90Y|#A19C73|1|
NCS||4020-R|#A15E62|1|
NCS||4020-R10B|#A16068|1|
NCS||4020-R20B|#A1636F|1|
NCS||4020-R30B|#A16679|1|
NCS||4020-R40B|#A16B86|1|
NCS||4020-R50B|#A17298|1|
NCS||4020-R60B|#916FA1|1|
NCS||4020-R70B|#806FA1|1|
NCS||4020-R80B|#626EA1|1|
NCS||4020-R90B|#677AA1|1|
NCS||4020-Y|#A19A72|1|
NCS||4020-Y10R|#A19571|1|
NCS||4020-Y20R|#A1916F|1|
NCS||4020-Y30R|#A18C6D|1|
NCS||4020-Y40R|#A1876B|1|
NCS||4020-Y50R|#A18169|1|
NCS||4020-Y60R|#A17B67|1|
NCS||4020-Y70R|#A17464|1|
NCS||4020-Y80R|#A16D62|1|
NCS||4020-Y90R|#A16662|1|
NCS||4030-B|#5A86A1|1|
NCS||4030-B10G|#5C8FA1|1|
NCS||4030-B30G|#609BA1|1|
NCS||4030-B50G|#61A19F|1|
NCS||4030-B70G|#5FA197|1|
NCS||4030-B90G|#58A180|1|
NCS||4030-G|#53A171|1|
NCS||4030-G10Y|#67A16A|1|
NCS||4030-G30Y|#80A15F|1|
NCS||4030-G50Y|#91A15D|1|
NCS||4030-G70Y|#9EA161|1|
NCS||4030-G90Y|#A19A60|1|
NCS||4030-R|#A1494E|1|
NCS||4030-R10B|#A14B55|1|
NCS||4030-R20B|#A14D5E|1|
NCS||4030-R30B|#A1516B|1|
NCS||4030-R40B|#A1567C|1|
NCS||4030-R50B|#A15E94|1|
NCS||4030-R60B|#8B5BA1|1|
NCS||4030-R70B|#745CA1|1|
NCS||4030-R80B|#4D5CA1|1|
NCS||4030-R90B|#516CA1|1|
NCS||4030-Y|#A1975F|1|
NCS||4030-Y10R|#A1915D|1|
NCS||4030-Y20R|#A18A5B|1|
NCS||4030-Y30R|#A18459|1|
NCS||4030-Y40R|#A17C57|1|
NCS||4030-Y50R|#A17554|1|
NCS||4030-Y60R|#A16D52|1|
NCS||4030-Y70R|#A1644F|1|
NCS||4030-Y80R|#A15B4C|1|
NCS||4030-Y90R|#A1524D|1|
NCS||4040-B|#487FA1|1|
NCS||4040-B10G|#4B8BA1|1|
NCS||4040-B20G|#4D93A1|1|
NCS||4040-B30G|#4E99A1|1|
NCS||4040-B40G|#509EA1|1|
NCS||4040-B50G|#4FA19E|1|
NCS||4040-B60G|#4EA199|1|
NCS||4040-B70G|#4DA194|1|
NCS||4040-B80G|#4BA18E|1|
NCS||4040-B90G|#46A178|1|
NCS||4040-G|#42A167|1|
NCS||4040-G10Y|#59A15D|1|
NCS||4040-G20Y|#6BA155|1|
NCS||4040-G30Y|#78A14E|1|
NCS||4040-G40Y|#83A149|1|
NCS||4040-G50Y|#8DA14B|1|
NCS||4040-G60Y|#95A14D|1|
NCS||4040-G70Y|#9DA14F|1|
NCS||4040-G80Y|#A19E50|1|
NCS||4040-G90Y|#A1994E|1|
NCS||4040-R|#A1383E|1|
NCS||4040-R10B|#A13946|1|
NCS||4040-R20B|#A13C50|1|
NCS||4040-R30B|#A1405F|1|
NCS||4040-R40B|#A14573|1|
NCS||4040-R50B|#A14C91|1|
NCS||4040-R60B|#8549A1|1|
NCS||4040-R70B|#694CA1|1|
NCS||4040-R80B|#3B4EA1|1|
NCS||4040-R90B|#4060A1|1|
NCS||4040-Y|#A1944D|1|
NCS||4040-Y10R|#A18D4B|1|
NCS||4040-Y20R|#A18549|1|
NCS||4040-Y30R|#A17C47|1|
NCS||4040-Y40R|#A17445|1|
NCS||4040-Y50R|#A16B43|1|
NCS||4040-Y60R|#A16140|1|
NCS||4040-Y70R|#A1573E|1|
NCS||4040-Y80R|#A14D3B|1|
NCS||4040-Y90R|#A1423C|1|
NCS||4050-B|#387AA1|1|
NCS||4050-B10G|#3B87A1|1|
NCS||4050-B20G|#3D90A1|1|
NCS||4050-B30G|#3E98A1|1|
NCS||4050-B40G|#3F9EA1|1|
NCS||4050-B50G|#3FA19E|1|
NCS||4050-B60G|#3EA198|1|
NCS||4050-B70G|#3DA192|1|
NCS||4050-B80G|#3CA18A|1|
NCS||4050-B90G|#36A171|1|
NCS||4050-G|#33A15D|1|
NCS||4050-G10Y|#4EA151|1|
NCS||4050-G20Y|#62A148|1|
NCS||4050-G30Y|#71A140|1|
NCS||4050-G40Y|#7EA139|1|
NCS||4050-G50Y|#89A13B|1|
NCS||4050-G60Y|#93A13D|1|
NCS||4050-G70Y|#9CA13F|1|
NCS||4050-G80Y|#A19E3F|1|
NCS||4050-G90Y|#A1973E|1|
NCS||4050-R|#A12A31|1|
NCS||4050-R10B|#A12B3A|1|
NCS||4050-R20B|#A12E45|1|
NCS||4050-R30B|#A13154|1|
NCS||4050-R40B|#A1356B|1|
NCS||4050-R50B|#A13C8E|1|
NCS||4050-R60B|#8039A1|1|
NCS||4050-R70B|#603EA1|1|
NCS||4050-R80B|#2D42A1|1|
NCS||4050-R90B|#3156A1|1|
NCS||4050-Y|#A1923D|1|
NCS||4050-Y10R|#A1893B|1|
NCS||4050-Y20R|#A18039|1|
NCS||4050-Y30R|#A17637|1|
NCS||4050-Y40R|#A16C36|1|
NCS||4050-Y50R|#A16233|1|
NCS||4050-Y60R|#A15731|1|
NCS||4050-Y70R|#A14C2F|1|
NCS||4050-Y80R|#A1412D|1|
NCS||4050-Y90R|#A1362E|1|
NCS||4055-B|#3177A1|1|
NCS||4055-B40G|#389EA1|1|
NCS||4055-R70B|#5C37A1|1|
NCS||4055-R95B|#2D5FA1|1|
NCS||4055-Y10R|#A18734|1|
NCS||4500-N|#8C8C8C|1|
NCS||4502-B|#8E9193|1|
NCS||4502-G|#8D9390|1|
NCS||4502-R|#938B8C|1|
NCS||4502-Y|#93938F|1|
NCS||4550-B|#336F93|1|
NCS||4550-B20G|#388493|1|
NCS||4550-B30G|#398B93|1|
NCS||4550-B40G|#3A9193|1|
NCS||4550-B50G|#3A9390|1|
NCS||4550-B80G|#37937F|1|
NCS||4550-B90G|#329368|1|
NCS||4550-G|#2E9356|1|
NCS||4550-G10Y|#47934B|1|
NCS||4550-G20Y|#599342|1|
NCS||4550-G30Y|#68933A|1|
NCS||4550-G40Y|#749335|1|
NCS||4550-G50Y|#7E9336|1|
NCS||4550-G60Y|#879338|1|
NCS||4550-G70Y|#8F933A|1|
NCS||4550-R70B|#583993|1|
NCS||4550-R80B|#293D93|1|
NCS||4550-R90B|#2D4F93|1|
NCS||4550-Y|#938638|1|
NCS||4550-Y30R|#936C33|1|
NCS||4550-Y40R|#936331|1|
NCS||4550-Y50R|#935A2F|1|
NCS||4550-Y60R|#93502D|1|
NCS||4550-Y70R|#93462B|1|
NCS||4550-Y80R|#933B29|1|
NCS||4550-Y90R|#93312A|1|
NCS||5000-N|#7F7F7F|1|
NCS||5005-B20G|#7B8486|1|
NCS||5005-B80G|#7B8684|1|
NCS||5005-G20Y|#7F867C|1|
NCS||5005-G50Y|#83867B|1|
NCS||5005-G80Y|#86867C|1|
NCS||5005-R20B|#86767A|1|
NCS||5005-R50B|#867B84|1|
NCS||5005-R80B|#767986|1|
NCS||5005-Y20R|#86827A|1|
NCS||5005-Y50R|#867E79|1|
NCS||5005-Y80R|#867976|1|
NCS||5010-B10G|#708186|1|
NCS||5010-B30G|#728486|1|
NCS||5010-B50G|#738685|1|
NCS||5010-B70G|#718683|1|
NCS||5010-B90G|#6E867B|1|
NCS||5010-G10Y|#738674|1|
NCS||5010-G30Y|#7C8671|1|
NCS||5010-G50Y|#818671|1|
NCS||5010-G70Y|#858672|1|
NCS||5010-G90Y|#868472|1|
NCS||5010-R10B|#86676B|1|
NCS||5010-R30B|#866B74|1|
NCS||5010-R50B|#867182|1|
NCS||5010-R70B|#776F86|1|
NCS||5010-R90B|#6B7486|1|
NCS||5010-Y10R|#868171|1|
NCS||5010-Y30R|#867D6F|1|
NCS||5010-Y50R|#86776D|1|
NCS||5010-Y70R|#86716A|1|
NCS||5010-Y90R|#866A68|1|
NCS||5020-B|#5C7686|1|
NCS||5020-B10G|#5E7C86|1|
NCS||5020-B30G|#608286|1|
NCS||5020-B50G|#618685|1|
NCS||5020-B70G|#5F8680|1|
NCS||5020-B90G|#5A8672|1|
NCS||5020-G|#578669|1|
NCS||5020-G10Y|#638665|1|
NCS||5020-G30Y|#73865F|1|
NCS||5020-G50Y|#7D865E|1|
NCS||5020-G70Y|#848661|1|
NCS||5020-G90Y|#868260|1|
NCS||5020-R|#864E52|1|
NCS||5020-R10B|#865057|1|
NCS||5020-R20B|#86525D|1|
NCS||5020-R30B|#865565|1|
NCS||5020-R40B|#865970|1|
NCS||5020-R50B|#865F7E|1|
NCS||5020-R60B|#795D86|1|
NCS||5020-R70B|#6B5D86|1|
NCS||5020-R80B|#525B86|1|
NCS||5020-R90B|#556586|1|
NCS||5020-Y|#86805F|1|
NCS||5020-Y10R|#867D5E|1|
NCS||5020-Y20R|#86795C|1|
NCS||5020-Y30R|#86755B|1|
NCS||5020-Y40R|#867059|1|
NCS||5020-Y50R|#866B58|1|
NCS||5020-Y60R|#866656|1|
NCS||5020-Y70R|#866154|1|
NCS||5020-Y80R|#865B52|1|
NCS||5020-Y90R|#865551|1|
NCS||5030-B|#4B7086|1|
NCS||5030-B10G|#4D7786|1|
NCS||5030-B30G|#508186|1|
NCS||5030-B50G|#518684|1|
NCS||5030-B70G|#4F867E|1|
NCS||5030-B90G|#49866B|1|
NCS||5030-G|#45865F|1|
NCS||5030-G10Y|#568658|1|
NCS||5030-G30Y|#6B864F|1|
NCS||5030-G50Y|#79864D|1|
NCS||5030-G70Y|#838651|1|
NCS||5030-G90Y|#868150|1|
NCS||5030-R|#863C41|1|
NCS||5030-R10B|#863E47|1|
NCS||5030-R20B|#86404E|1|
NCS||5030-R30B|#864459|1|
NCS||5030-R40B|#864867|1|
NCS||5030-R50B|#864E7B|1|
NCS||5030-R60B|#734C86|1|
NCS||5030-R70B|#614D86|1|
NCS||5030-R80B|#404D86|1|
NCS||5030-R90B|#445A86|1|
NCS||5030-Y|#867E4F|1|
NCS||5030-Y10R|#86794D|1|
NCS||5030-Y20R|#86734C|1|
NCS||5030-Y30R|#866E4A|1|
NCS||5030-Y40R|#866848|1|
NCS||5030-Y50R|#866146|1|
NCS||5030-Y60R|#865B44|1|
NCS||5030-Y70R|#865342|1|
NCS||5030-Y80R|#864C40|1|
NCS||5030-Y90R|#864440|1|
NCS||5040-B|#3C6A86|1|
NCS||5040-B10G|#3E7486|1|
NCS||5040-B20G|#407A86|1|
NCS||5040-B30G|#418086|1|
NCS||5040-B40G|#428486|1|
NCS||5040-B50G|#428684|1|
NCS||5040-B60G|#418680|1|
NCS||5040-B70G|#40867C|1|
NCS||5040-B80G|#3F8676|1|
NCS||5040-B90G|#3A8664|1|
NCS||5040-G|#378656|1|
NCS||5040-G10Y|#4B864D|1|
NCS||5040-G20Y|#598646|1|
NCS||5040-G30Y|#648641|1|
NCS||5040-G40Y|#6E863D|1|
NCS||5040-G50Y|#76863F|1|
NCS||5040-G60Y|#7C8640|1|
NCS||5040-G70Y|#838642|1|
NCS||5040-G80Y|#868442|1|
NCS||5040-G90Y|#867F41|1|
NCS||5040-R|#862E34|1|
NCS||5040-R10B|#86303A|1|
NCS||5040-R20B|#863243|1|
NCS||5040-R30B|#86354F|1|
NCS||5040-R40B|#863960|1|
NCS||5040-R50B|#863F78|1|
NCS||5040-R60B|#6F3D86|1|
NCS||5040-R70B|#583F86|1|
NCS||5040-R80B|#324186|1|
NCS||5040-R90B|#355086|1|
NCS||5040-Y|#867C40|1|
NCS||5040-Y10R|#86753F|1|
NCS||5040-Y20R|#866F3D|1|
NCS||5040-Y30R|#86683B|1|
NCS||5040-Y40R|#866039|1|
NCS||5040-Y50R|#865937|1|
NCS||5040-Y60R|#865135|1|
NCS||5040-Y70R|#864933|1|
NCS||5040-Y80R|#864031|1|
NCS||5040-Y90R|#863732|1|
NCS||5045-B10G|#377286|1|
NCS||5500-N|#727272|1|
NCS||5502-B|#747779|1|
NCS||5502-G|#747976|1|
NCS||5502-R|#797272|1|
NCS||5502-Y|#797875|1|
NCS||5540-B|#366079|1|
NCS||5540-B10G|#386879|1|
NCS||5540-B20G|#396E79|1|
NCS||5540-B30G|#3B7379|1|
NCS||5540-B40G|#3C7779|1|
NCS||5540-B50G|#3C7977|1|
NCS||5540-B80G|#38796A|1|
NCS||5540-B90G|#34795A|1|
NCS||5540-G|#31794D|1|
NCS||5540-G10Y|#437945|1|
NCS||5540-G20Y|#50793F|1|
NCS||5540-G30Y|#5A793B|1|
NCS||5540-G40Y|#637937|1|
NCS||5540-G50Y|#6A7938|1|
NCS||5540-G60Y|#70793A|1|
NCS||5540-G70Y|#76793B|1|
NCS||5540-R70B|#4F3979|1|
NCS||5540-R90B|#304879|1|
NCS||5540-Y90R|#79322D|1|
NCS||6000-N|#666666|1|
NCS||6005-B20G|#636A6B|1|
NCS||6005-B80G|#626B69|1|
NCS||6005-G20Y|#656B63|1|
NCS||6005-G50Y|#696B62|1|
NCS||6005-G80Y|#6B6B63|1|
NCS||6005-R20B|#6B5F61|1|
NCS||6005-R50B|#6B636A|1|
NCS||6005-R80B|#5F616B|1|
NCS||6005-Y20R|#6B6862|1|
NCS||6005-Y50R|#6B6560|1|
NCS||6005-Y80R|#6B615E|1|
NCS||6010-B10G|#5A676B|1|
NCS||6010-B30G|#5B6A6B|1|
NCS||6010-B50G|#5C6B6B|1|
NCS||6010-B70G|#5B6B69|1|
NCS||6010-B90G|#586B63|1|
NCS||6010-G10Y|#5C6B5D|1|
NCS||6010-G30Y|#636B5A|1|
NCS||6010-G50Y|#676B5A|1|
NCS||6010-G70Y|#6A6B5C|1|
NCS||6010-G90Y|#6B6A5B|1|
NCS||6010-R10B|#6B5356|1|
NCS||6010-R30B|#6B565C|1|
NCS||6010-R50B|#6B5A68|1|
NCS||6010-R70B|#5F596B|1|
NCS||6010-R90B|#565D6B|1|
NCS||6010-Y10R|#6B675A|1|
NCS||6010-Y30R|#6B6459|1|
NCS||6010-Y50R|#6B5F57|1|
NCS||6010-Y70R|#6B5A55|1|
NCS||6010-Y90R|#6B5553|1|
NCS||6020-B|#495E6B|1|
NCS||6020-B10G|#4B636B|1|
NCS||6020-B30G|#4D686B|1|
NCS||6020-B50G|#4D6B6A|1|
NCS||6020-B70G|#4C6B67|1|
NCS||6020-B90G|#486B5B|1|
NCS||6020-G|#456B54|1|
NCS||6020-G10Y|#4F6B51|1|
NCS||6020-G30Y|#5C6B4C|1|
NCS||6020-G50Y|#646B4B|1|
NCS||6020-G70Y|#6A6B4D|1|
NCS||6020-G90Y|#6B684D|1|
NCS||6020-R|#6B3F42|1|
NCS||6020-R10B|#6B4045|1|
NCS||6020-R20B|#6B424A|1|
NCS||6020-R30B|#6B4451|1|
NCS||6020-R40B|#6B4759|1|
NCS||6020-R50B|#6B4C65|1|
NCS||6020-R60B|#614A6B|1|
NCS||6020-R70B|#564A6B|1|
NCS||6020-R80B|#41496B|1|
NCS||6020-R90B|#44516B|1|
NCS||6020-Y|#6B674C|1|
NCS||6020-Y10R|#6B644B|1|
NCS||6020-Y20R|#6B614A|1|
NCS||6020-Y30R|#6B5D49|1|
NCS||6020-Y40R|#6B5A47|1|
NCS||6020-Y50R|#6B5646|1|
NCS||6020-Y60R|#6B5245|1|
NCS||6020-Y70R|#6B4D43|1|
NCS||6020-Y80R|#6B4841|1|
NCS||6020-Y90R|#6B4441|1|
NCS||6030-B|#3C596B|1|
NCS||6030-B10G|#3E606B|1|
NCS||6030-B30G|#40676B|1|
NCS||6030-B50G|#416B6A|1|
NCS||6030-B70G|#3F6B65|1|
NCS||6030-B90G|#3A6B55|1|
NCS||6030-G|#376B4C|1|
NCS||6030-G10Y|#456B46|1|
NCS||6030-G30Y|#566B3F|1|
NCS||6030-G50Y|#616B3E|1|
NCS||6030-G70Y|#696B40|1|
NCS||6030-G90Y|#6B6740|1|
NCS||6030-R|#6B3034|1|
NCS||6030-R10B|#6B3239|1|
NCS||6030-R20B|#6B343F|1|
NCS||6030-R30B|#6B3647|1|
NCS||6030-R40B|#6B3A52|1|
NCS||6030-R50B|#6B3E63|1|
NCS||6030-R60B|#5C3D6B|1|
NCS||6030-R70B|#4D3D6B|1|
NCS||6030-R80B|#333D6B|1|
NCS||6030-R90B|#36486B|1|
NCS||6030-Y|#6B653F|1|
NCS||6030-Y10R|#6B613E|1|
NCS||6030-Y20R|#6B5C3D|1|
NCS||6030-Y30R|#6B583B|1|
NCS||6030-Y40R|#6B533A|1|
NCS||6030-Y50R|#6B4E38|1|
NCS||6030-Y60R|#6B4836|1|
NCS||6030-Y70R|#6B4335|1|
NCS||6030-Y80R|#6B3D33|1|
NCS||6030-Y90R|#6B3733|1|
NCS||6035-B60G|#3A6B67|1|
NCS||6500-N|#595959|1|
NCS||6502-B|#5A5D5E|1|
NCS||6502-G|#5A5E5B|1|
NCS||6502-R|#5E5959|1|
NCS||6502-Y|#5E5D5B|1|
NCS||6530-B30G|#385A5E|1|
NCS||6530-B50G|#395E5D|1|
NCS||6530-G10Y|#3C5E3E|1|
NCS||6530-G50Y|#555E36|1|
NCS||7000-N|#4C4C4C|1|
NCS||7005-B20G|#4A4F50|1|
NCS||7005-B80G|#4A504F|1|
NCS||7005-G20Y|#4C504A|1|
NCS||7005-G50Y|#4F504A|1|
NCS||7005-G80Y|#50504A|1|
NCS||7005-R20B|#504749|1|
NCS||7005-R50B|#504A4F|1|
NCS||7005-R80B|#474950|1|
NCS||7005-Y20R|#504E4A|1|
NCS||7005-Y50R|#504C48|1|
NCS||7005-Y80R|#504947|1|
NCS||7010-B10G|#434D50|1|
NCS||7010-B30G|#444F50|1|
NCS||7010-B50G|#455050|1|
NCS||7010-B70G|#44504F|1|
NCS||7010-B90G|#42504A|1|
NCS||7010-G10Y|#455046|1|
NCS||7010-G30Y|#4A5044|1|
NCS||7010-G50Y|#4E5044|1|
NCS||7010-G70Y|#505045|1|
NCS||7010-G90Y|#504F44|1|
NCS||7010-R10B|#503E40|1|
NCS||7010-R30B|#504045|1|
NCS||7010-R50B|#50444E|1|
NCS||7010-R70B|#484350|1|
NCS||7010-R90B|#404650|1|
NCS||7010-Y10R|#504D44|1|
NCS||7010-Y30R|#504B42|1|
NCS||7010-Y50R|#504841|1|
NCS||7010-Y70R|#50443F|1|
NCS||7010-Y90R|#503F3E|1|
NCS||7020-B|#374750|1|
NCS||7020-B10G|#384A50|1|
NCS||7020-B30G|#3A4E50|1|
NCS||7020-B50G|#3A5050|1|
NCS||7020-B70G|#39504D|1|
NCS||7020-B90G|#365045|1|
NCS||7020-G|#34503F|1|
NCS||7020-G10Y|#3C503C|1|
NCS||7020-G30Y|#455039|1|
NCS||7020-G50Y|#4B5038|1|
NCS||7020-G70Y|#4F503A|1|
NCS||7020-G90Y|#504E3A|1|
NCS||7020-R|#502F31|1|
NCS||7020-R10B|#503034|1|
NCS||7020-R20B|#503138|1|
NCS||7020-R30B|#50333C|1|
NCS||7020-R40B|#503543|1|
NCS||7020-R50B|#50394C|1|
NCS||7020-R60B|#483750|1|
NCS||7020-R70B|#403750|1|
NCS||7020-R80B|#313750|1|
NCS||7020-R90B|#333D50|1|
NCS||7020-Y|#504D39|1|
NCS||7020-Y10R|#504B38|1|
NCS||7020-Y20R|#504837|1|
NCS||7020-Y30R|#504637|1|
NCS||7020-Y40R|#504336|1|
NCS||7020-Y50R|#504035|1|
NCS||7020-Y60R|#503D33|1|
NCS||7020-Y70R|#503A32|1|
NCS||7020-Y80R|#503631|1|
NCS||7020-Y90R|#503331|1|
NCS||7500-N|#3F3F3F|1|
NCS||7502-B|#414243|1|
NCS||7502-G|#404341|1|
NCS||7502-R|#433F40|1|
NCS||7502-Y|#434341|1|
NCS||8000-N|#323232|1|
NCS||8005-B20G|#313536|1|
NCS||8005-B80G|#313635|1|
NCS||8005-G20Y|#333632|1|
NCS||8005-G50Y|#353631|1|
NCS||8005-G80Y|#363632|1|
NCS||8005-R20B|#362F31|1|
NCS||8005-R50B|#363135|1|
NCS||8005-R80B|#2F3036|1|
NCS||8005-Y20R|#363431|1|
NCS||8005-Y50R|#363330|1|
NCS||8005-Y80R|#36302F|1|
NCS||8010-B10G|#2D3336|1|
NCS||8010-B30G|#2E3536|1|
NCS||8010-B50G|#2E3635|1|
NCS||8010-B70G|#2D3634|1|
NCS||8010-B90G|#2C3631|1|
NCS||8010-G10Y|#2E362E|1|
NCS||8010-G30Y|#31362D|1|
NCS||8010-G50Y|#34362D|1|
NCS||8010-G70Y|#35362E|1|
NCS||8010-G90Y|#36352E|1|
NCS||8010-R10B|#36292B|1|
NCS||8010-R30B|#362B2E|1|
NCS||8010-R50B|#362D34|1|
NCS||8010-R70B|#302D36|1|
NCS||8010-R90B|#2B2E36|1|
NCS||8010-Y10R|#36342D|1|
NCS||8010-Y30R|#36322C|1|
NCS||8010-Y50R|#36302B|1|
NCS||8010-Y70R|#362D2A|1|
NCS||8010-Y90R|#362A2A|1|
NCS||8500-N|#262626|1|
NCS||8500-N|#262626|1|
NCS||8502-B|#272828|1|
NCS||8502-G|#272827|1|
NCS||8502-R|#282626|1|
NCS||8502-Y|#282827|1|
NCS||8505-B20G|#252828|1|
NCS||8505-B80G|#252828|1|
NCS||8505-G20Y|#262825|1|
NCS||8505-G80Y|#282825|1|
NCS||8505-R20B|#282425|1|
NCS||8505-R80B|#242428|1|
NCS||8505-Y20R|#282725|1|
NCS||8505-Y80R|#282423|1|
