ral||Ink black|#414141|1|000 15 00
ral||Slate black|#474646|1|000 20 00
ral||Onyx black|#504F4F|1|000 25 00
ral||Medium black|#565656|1|000 30 00
ral||Briquette grey|#5F5F5F|1|000 35 00
ral||Dark grey|#696968|1|000 40 00
ral||Architecture grey|#757473|1|000 45 00
ral||Steel grey|#7E7F7E|1|000 50 00
ral||Medium grey|#898989|1|000 55 00
ral||Ash grey|#959595|1|000 60 00
ral||Mortar grey|#A3A3A3|1|000 65 00
ral||Light grey|#B0B0B0|1|000 70 00
ral||Marble grey|#BDBDBD|1|000 75 00
ral||Foggy grey|#CACAC9|1|000 80 00
ral||Shadow white|#D7D7D5|1|000 85 00
ral||Winter white|#E2E3E1|1|000 90 00
ral||Wenge black|#524446|1|010 20 10
ral||Cherry black|#564144|1|010 20 15
ral||Dark mahogany|#5B3F43|1|010 20 20
ral||Rusty red|#5E3E43|1|010 20 25
ral||Laurel nut rusty brown|#665255|1|010 30 10
ral||Night mauve|#6A5054|1|010 30 15
ral||Pinkish brown|#714E53|1|010 30 20
ral||Chestnut red|#774A52|1|010 30 25
ral||Leather red|#7C4851|1|010 30 30
ral||Anthracite red|#7E454F|1|010 30 35
ral||Brown magenta|#86404F|1|010 30 40
ral||Atlas red|#8B3D4F|1|010 30 44
ral||Caput mortuum grey red|#796567|1|010 40 10
ral||Rust brown|#806165|1|010 40 15
ral||Sunset red|#875F64|1|010 40 20
ral||Mineral red|#8D5C65|1|010 40 25
ral||Dull magenta|#945963|1|010 40 30
ral||Velvet red|#975460|1|010 40 35
ral||Algae red|#9F5161|1|010 40 40
ral||Raspberry ice cream red|#A54D61|1|010 40 45
ral||Fuchsia red|#AB4960|1|010 40 50
ral||Primal red|#AE465E|1|010 40 53
ral||Old mahogany|#8F797D|1|010 50 10
ral||Dull dusky pink|#96757A|1|010 50 15
ral||Brickwork red|#9D737A|1|010 50 20
ral||Matte carmine|#A67079|1|010 50 25
ral||Marble red|#AE6C78|1|010 50 30
ral||Geranium red|#B36876|1|010 50 35
ral||Slate pink|#B86576|1|010 50 40
ral||Tulip red|#BD5F74|1|010 50 45
ral||Vibrant red|#C65C74|1|010 50 50
ral||Lilac grey|#A89093|1|010 60 10
ral||Ice orchid red|#B18E93|1|010 60 15
ral||Lime pink|#BA8B92|1|010 60 20
ral||Lipstick pink|#C08690|1|010 60 25
ral||Japanese coral|#C7828F|1|010 60 30
ral||Rose red|#D07F8D|1|010 60 35
ral||Strawberry milkshake red|#D67B8C|1|010 60 40
ral||Luminous pink|#DF768B|1|010 60 45
ral||Pale mauve|#C3AAAE|1|010 70 10
ral||Powder rose|#CAA7AB|1|010 70 15
ral||Silver rose|#D4A3AB|1|010 70 20
ral||Flamingo pink|#DC9FA9|1|010 70 25
ral||Cherry blossom pink|#E39CA8|1|010 70 30
ral||Baby pink|#EB96A5|1|010 70 35
ral||Mud pink|#DEC3C5|1|010 80 10
ral||Ice hot pink|#E5C0C4|1|010 80 15
ral||Pastel pink|#EFBCC3|1|010 80 20
ral||Pearl rose|#DED1D3|1|010 85 05
ral||Salmon rose|#E4CDD1|1|010 85 10
ral||Milkshake pink|#EFCCD2|1|010 85 15
ral||Carnation pink|#F8CBD2|1|010 85 20
ral||Rose cream|#EFE0DF|1|010 90 05
ral||Light apricot|#F2DBD8|1|010 90 10
ral||White-red|#F1E6E8|1|010 93 05
ral||Deep brown|#4C4545|1|020 20 05
ral||Night red|#524343|1|020 20 10
ral||Dark red brown|#5B4041|1|020 20 20
ral||Burgundy|#633C40|1|020 20 29
ral||Rhodonite brown|#5D5454|1|020 30 05
ral||Budapest brown|#645151|1|020 30 10
ral||Kremlin red|#6F4B4C|1|020 30 20
ral||Crystal dark red|#78464A|1|020 30 30
ral||Amaranth blossom|#844048|1|020 30 40
ral||Sweet cherry red|#8C3C46|1|020 30 48
ral||Greyish brown|#726868|1|020 40 05
ral||Nut brown|#786464|1|020 40 10
ral||Antique red|#855E60|1|020 40 20
ral||Hermosa pink|#92585C|1|020 40 30
ral||October red|#9B5157|1|020 40 40
ral||Bright red|#A74751|1|020 40 50
ral||Zircon grey|#897D7C|1|020 50 05
ral||Sandstone red grey|#907879|1|020 50 10
ral||Red grey|#9F7274|1|020 50 20
ral||Venetian red|#AC6C70|1|020 50 30
ral||Alsike clover red|#B6646B|1|020 50 40
ral||Flame red|#C25C67|1|020 50 50
ral||Lingonberry red|#D25766|1|020 50 58
ral||Globe thistle grey rose|#9F9493|1|020 60 05
ral||Tin pink|#A78E8F|1|020 60 10
ral||Retro pink|#B88A8C|1|020 60 20
ral||Begonia rusty rose|#C68186|1|020 60 30
ral||Lotus red|#D37A82|1|020 60 40
ral||Fashion mauve|#B9ADAC|1|020 70 05
ral||Tourmaline mauve|#C0A7A8|1|020 70 10
ral||Rosewood apricot|#D4A2A5|1|020 70 20
ral||Marker pink|#E49BA0|1|020 70 30
ral||Aurora grey|#D5C7C6|1|020 80 05
ral||Quartz rose|#DCC1C2|1|020 80 10
ral||Marzipan pink|#EEBCBE|1|020 80 20
ral||Almond blossom pink|#DFD1D1|1|020 85 05
ral||Salmon cream|#E7CECE|1|020 85 10
ral||Elegant light rose|#FBC9CA|1|020 85 20
ral||Mussel white|#F0E2DE|1|020 90 05
ral||Peach cream|#F3DDD9|1|020 90 10
ral||Blossom white|#F6E6E3|1|020 93 05
ral||Laurel nut rusty brown|#635351|1|030 30 10
ral||Autumn leaf red|#6E4D4B|1|030 30 20
ral||Macore veneer red|#784845|1|030 30 30
ral||Crimson red|#854343|1|030 30 40
ral||Blood red|#863E3F|1|030 30 45
ral||Peat red brown|#766361|1|030 40 10
ral||Cranberry red|#86605C|1|030 40 20
ral||Brick brown|#925955|1|030 40 30
ral||Spicy red|#9D5351|1|030 40 40
ral||Hibiscus red|#A84C4C|1|030 40 50
ral||Emperor cherry red|#B14548|1|030 40 60
ral||Earth red|#8F7875|1|030 50 10
ral||Terracotta red brown|#9D736F|1|030 50 20
ral||Clay red|#AB6D68|1|030 50 30
ral||Vermilion red|#B86762|1|030 50 40
ral||Maple red|#C25F5C|1|030 50 50
ral||Holland red|#CF5654|1|030 50 60
ral||Storm red|#A6908E|1|030 60 10
ral||Desert red|#B78A86|1|030 60 20
ral||Antique pink|#C5827C|1|030 60 30
ral||Light tomato|#D37D77|1|030 60 40
ral||Calypso red|#E0746E|1|030 60 50
ral||Florida grey|#C0A8A6|1|030 70 10
ral||Dull apricot|#D2A19C|1|030 70 20
ral||Salmon pink red|#E29A94|1|030 70 30
ral||Flamingo red|#F0938C|1|030 70 40
ral||Salt pink|#DBC2BF|1|030 80 10
ral||Magnolia pink|#ECBBB6|1|030 80 20
ral||Almond cream|#DFD0CB|1|030 85 05
ral||Soft ice rose|#E5CEC9|1|030 85 10
ral||Peach red|#F6CBC3|1|030 85 20
ral||Antique white|#EFE1DC|1|030 90 05
ral||Wedding pink|#F5DFD9|1|030 90 10
ral||Parchment white|#F7E7E3|1|030 93 05
ral||Wild brown|#5A433F|1|040 20 19
ral||Basalt black|#5D5552|1|040 30 05
ral||Caviar black|#62524E|1|040 30 10
ral||Coffee brown|#6D4E47|1|040 30 20
ral||Root brown|#774B43|1|040 30 30
ral||Corrosion red|#80463E|1|040 30 40
ral||Ash brown|#726865|1|040 40 05
ral||Somali brown|#776560|1|040 40 10
ral||Vandyck brown|#84625A|1|040 40 20
ral||Chestnut brown|#8D5A4E|1|040 40 30
ral||Brick red|#985447|1|040 40 40
ral||Henna red|#A35041|1|040 40 50
ral||Copper red|#AA473B|1|040 40 60
ral||China red|#B24539|1|040 40 67
ral||Nomad grey|#877C79|1|040 50 05
ral||Umbra sand|#8E7A74|1|040 50 10
ral||Agate brown|#9C746A|1|040 50 20
ral||Rust coloured|#AA6F61|1|040 50 30
ral||Ant red|#B36857|1|040 50 40
ral||English red|#C0624F|1|040 50 50
ral||Fox red|#CE5E4A|1|040 50 60
ral||Pompeii red|#D55845|1|040 50 70
ral||Warm grey|#9F9491|1|040 60 05
ral||Light caramel|#A8918B|1|040 60 10
ral||Sienna yellow|#B4897E|1|040 60 20
ral||Cedar red|#C48677|1|040 60 30
ral||Terra orange|#CF806E|1|040 60 40
ral||Mandarin orange|#DC7B64|1|040 60 50
ral||Coral orange|#E67359|1|040 60 60
ral||Passepartout grey|#B7ACA9|1|040 70 05
ral||Mohair mauve|#C2A9A3|1|040 70 10
ral||Soft sienna|#D2A499|1|040 70 20
ral||Industrial rose|#E09D8D|1|040 70 30
ral||Apricot red|#E99885|1|040 70 40
ral||Fruit red|#FA9079|1|040 70 50
ral||Natural silk grey|#D4C7C3|1|040 80 05
ral||Thulite rose|#DEC4BC|1|040 80 10
ral||Madder orange|#F1C1B4|1|040 80 20
ral||Nature apricot|#FEBAA9|1|040 80 30
ral||Pandora grey|#E1D2CE|1|040 85 05 
ral||Fine alabaster|#EAD2CA|1|040 85 10
ral||Delicate sweet apricot|#FACCBD|1|040 85 20
ral||Sahara light red|#F1E2DC|1|040 90 05
ral||Delicate rose|#F7E0D7|1|040 90 10
ral||Natural white|#F9EAE4|1|040 93 05
ral||Granite brown|#504541|1|050 20 10
ral||Night brown|#56443E|1|050 20 16
ral||Obsidian brown|#5F504A|1|050 30 10
ral||Tropical wood brown|#6A4F44|1|050 30 20
ral||Tobacco brown|#744C3E|1|050 30 30
ral||Rosewood brown|#7A4B3C|1|050 30 36
ral||Mocha black|#76645D|1|050 40 10
ral||Florentine brown|#806153|1|050 40 20
ral||Curry brown|#895E4D|1|050 40 30
ral||Madeira brown|#945943|1|050 40 40
ral||Autumn red|#9D5640|1|050 40 50
ral||Teakwood brown|#8D7B73|1|050 50 10
ral||Milk coffee brown|#997767|1|050 50 20
ral||Golden brown|#A5725C|1|050 50 30
ral||Copper-metal red|#AE6C50|1|050 50 40
ral||Gold varnish brown|#B96746|1|050 50 50
ral||Titian red|#BD623D|1|050 50 60
ral||Poppy red|#CC5C36|1|050 50 70
ral||Persian orange|#D16032|1|050 50 78
ral||Ecru ochre|#A59188|1|050 60 10
ral||Caramel brown|#B18C7B|1|050 60 20
ral||Medium brown|#C28971|1|050 60 30
ral||Apricot brown|#C98365|1|050 60 40
ral||Orange yellow|#D67F59|1|050 60 50
ral||Camel red|#E17B4E|1|050 60 60
ral||Carrot orange|#E67045|1|050 60 70
ral||Gerbera red|#F26D3F|1|050 60 80
ral||Bamboo beige|#C0ACA2|1|050 70 10
ral||Amber grey|#CEA796|1|050 70 20
ral||Sienna ochre|#DBA188|1|050 70 30
ral||Light amber orange|#E99B7B|1|050 70 40
ral||Melon red|#F39670|1|050 70 50
ral||Mango orange|#FE9063|1|050 70 60
ral||Pale sienna|#DBC5BB|1|050 80 10
ral||Soft orange|#E9BFAC|1|050 80 20
ral||Pallid orange|#F6B99F|1|050 80 30
ral||Ocean sand|#E2D3CC|1|050 85 05
ral||Pure beige|#E6CFC3|1|050 85 10
ral||Biscuit cream|#F6CBB7|1|050 85 20
ral||Eggshell white|#EDE0D8|1|050 90 05
ral||Light peach rose|#FBE2D6|1|050 90 10
ral||Tulle white|#F9EBE4|1|050 93 05
ral||Industrial black|#4A4643|1|060 20 05
ral||Vehicle body grey|#5C5551|1|060 30 05
ral||Nutria fur brown|#60534B|1|060 30 10
ral||Peat brown|#665042|1|060 30 20
ral||Cassiterite brown|#6F5141|1|060 30 27
ral||Zinc grey|#716863|1|060 40 05
ral||Moor oak grey|#75655C|1|060 40 10
ral||Coffee bean brown|#7F6351|1|060 40 20
ral||Brazilian brown|#876048|1|060 40 30
ral||Plane brown|#915F41|1|060 40 40
ral||Chinchilla grey|#877D77|1|060 50 05
ral||Sandstone grey|#8C7C71|1|060 50 10
ral||Mushroom brown|#967965|1|060 50 20
ral||Mustard brown|#A2775A|1|060 50 30
ral||Camel brown|#AA714D|1|060 50 40
ral||Date fruit brown|#B37045|1|060 50 50
ral||Elm brown red|#B66838|1|060 50 60
ral||Dry clay|#C16933|1|060 50 70
ral||Screed grey|#A09790|1|060 60 05
ral||Oak brown|#A59387|1|060 60 10
ral||Light topaz ochre|#B4907B|1|060 60 20
ral||Cognac brown|#BC8D6D|1|060 60 30
ral||Maple syrup brown|#CB8C5E|1|060 60 40
ral||Turmeric red|#CC814E|1|060 60 50
ral||Bitter orange|#D77F43|1|060 60 60
ral||Gold orange|#DC7C37|1|060 60 70
ral||Accent orange|#E6752A|1|060 60 80
ral||Cement greige|#B9AFA9|1|060 70 05
ral||Putty grey|#C0ADA1|1|060 70 10
ral||Peanut butter|#CBA891|1|060 70 20
ral||Peach yellow|#D3A281|1|060 70 30
ral||Candle yellow|#E1A074|1|060 70 40
ral||Topaz yellow|#EB9C67|1|060 70 50
ral||Melon orange|#F19758|1|060 70 60
ral||Indian yellow|#FC9348|1|060 70 70
ral||Light chamois beige|#D3C9C1|1|060 80 05
ral||Soft greige|#D8C6B9|1|060 80 10
ral||Biscuit beige|#E7C2AA|1|060 80 20
ral||Mild orange|#F4BE9A|1|060 80 30
ral||Apricot orange|#FDB889|1|060 80 40
ral||Champagne rose|#E0D4CC|1|060 85 05
ral||Cornmeal beige|#E8D3C5|1|060 85 10
ral||Dough yellow|#F3CFB6|1|060 85 20
ral||Light saffron orange|#FFCCA5|1|060 85 30
ral||Grain white|#EFE3D9|1|060 90 05
ral||Vanilla cream|#F7E0D2|1|060 90 10
ral||Apricot cream|#FCDCC9|1|060 90 15
ral||Wool white|#F7EBE2|1|060 93 05
ral||Mineral brown|#5C5148|1|070 30 10 
ral||Beech brown|#655444|1|070 30 20
ral||Mink brown|#71655A|1|070 40 10
ral||Huckleberry brown|#7A634E|1|070 40 20
ral||Arable brown|#826448|1|070 40 30
ral||Autumn gold|#88613D|1|070 40 40
ral||Saruk grey|#887B6E|1|070 50 10
ral||Ash gold|#927961|1|070 50 20
ral||Lion's mane blonde|#997552|1|070 50 30
ral||Antique gold|#A17344|1|070 50 40
ral||Stage gold|#A2723D|1|070 50 50
ral||Theatre gold|#AA7034|1|070 50 55
ral||Light mahogany|#A19285|1|070 60 10
ral||Dark blond|#AB9178|1|070 60 20
ral||Light oak brown|#B38C67|1|070 60 30
ral||Grain brown|#BB8B58|1|070 60 40
ral||Mud yellow|#C48949|1|070 60 50
ral||Mustard yellow|#CC863B|1|070 60 60
ral||Sea buckthorn yellow brown|#CF8432|1|070 60 70
ral||Autumn leaf orange|#D1812A|1|070 60 75
ral||Ginger grey yellow|#BAAC9D|1|070 70 10
ral||Light ash brown|#C5A98D|1|070 70 20
ral||Golden beige|#D0A77E|1|070 70 30
ral||Dechant pear yellow|#D19F6A|1|070 70 40
ral||Honeycomb yellow|#DFA15F|1|070 70 50
ral||Gorse yellow orange|#E9A04F|1|070 70 60
ral||Naples yellow|#EB9A3F|1|070 70 70
ral||Saffron gold|#F09630|1|070 70 80
ral||Flax beige|#D5C5B6|1|070 80 10
ral||Buttercup yellow|#E4C5A8|1|070 80 20
ral||Golden oat coloured|#ECC196|1|070 80 30
ral||Apricot yellow|#F6C088|1|070 80 40
ral||Warm apricot|#FEBC75|1|070 80 50
ral||Golden rain yellow|#FFBA65|1|070 80 60
ral||Almond beige|#DED4CA|1|070 85 05
ral||Silver thistle beige|#E5D3C5|1|070 85 10
ral||Sandalwood beige|#EFD0B2|1|070 85 20
ral||Hair blonde|#FACFA2|1|070 85 30
ral||Off white|#EDE3DA|1|070 90 05
ral||Light corn|#F3E2D2|1|070 90 10
ral||Chalk yellow|#FEDEC0|1|070 90 20
ral||Anemone white|#F7ECE2|1|070 93 05
ral||Tree bark brown|#71685D|1|075 40 10
ral||Caraway brown|#786551|1|075 40 20
ral||Bark brown|#7D6346|1|075 40 30
ral||Lizard brown|#81633E|1|075 40 38
ral||Rye dough brown|#887D71|1|075 50 10
ral||China cinnamon|#907A62|1|075 50 20
ral||Grog yellow|#987954|1|075 50 30
ral||Amber brown|#9E7749|1|075 50 40
ral||Cinnamon brown|#A3753C|1|075 50 50
ral||Cumin ochre|#A47232|1|075 50 58
ral||Putty yellow|#A29487|1|075 60 10
ral||Walnut shell brown|#AA9278|1|075 60 20
ral||Clay ochre|#B29069|1|075 60 30
ral||Funchal yellow|#B98E5A|1|075 60 40
ral||Mango brown|#BE8C49|1|075 60 50
ral||Turmeric brown|#C3893A|1|075 60 60
ral||Bamboo brown|#CA872A|1|075 60 70
ral||Flax fibre grey|#BAAD9F|1|075 70 10
ral||Light pumpkin brown|#C4AA8C|1|075 70 20
ral||Golden thistle yellow|#CCA87E|1|075 70 30
ral||Brick yellow|#D3A56C|1|075 70 40
ral||Deep bamboo yellow|#DAA45E|1|075 70 50
ral||Intense yellow|#E2A14B|1|075 70 60
ral||Pumpkin yellow|#EAA139|1|075 70 70
ral||Autumn yellow|#EB9F2B|1|075 70 80
ral||Chalk beige|#D7C8B8|1|075 80 10
ral||Light corn yellow|#E1C6A7|1|075 80 20
ral||Dark yellow|#E8C295|1|075 80 30
ral||Ash yellow|#F0C186|1|075 80 40
ral||Orient yellow|#F6BD73|1|075 80 50
ral||Carriage yellow|#FFBB63|1|075 80 60
ral||Water lily white|#E4D4C3|1|075 85 10
ral||Banana ice cream|#EED2B2|1|075 85 20
ral||Maple beige|#F7D0A2|1|075 85 30
ral||Goldenrod yellow|#FECD90|1|075 85 40
ral||Dessert cream|#F5E5D2|1|075 90 10
ral||Butter white|#FCE0C0|1|075 90 20
ral||Vanilla white|#F4ECE3|1|075 93 05
ral||Night brown black|#4A4743|1|080 20 05
ral||Vanilla bean brown|#4D4740|1|080 20 10
ral||Earth black|#5A5550|1|080 30 05
ral||Olive black|#5C544A|1|080 30 10
ral||Clove yellow brown|#615341|1|080 30 20
ral||Smoked oak brown|#64533C|1|080 30 26
ral||Office grey|#6E6962|1|080 40 05
ral||Stone brown|#71685B|1|080 40 10
ral||Pimento grain brown|#76654D|1|080 40 20
ral||Ochre green|#7B6442|1|080 40 30
ral||Autumn leaf brown|#82653A|1|080 40 40
ral||Dusk grey|#837E76|1|080 50 05
ral||Rye brown|#877C6F|1|080 50 10
ral||Greyish yellow|#8E7B60|1|080 50 20
ral||Chili green|#937A53|1|080 50 30
ral||Dirt yellow|#977845|1|080 50 40
ral||Chamois yellow|#9C7839|1|080 50 50
ral||Flannel grey|#9B958E|1|080 60 05
ral||Light khaki|#9E9384|1|080 60 10
ral||Spelt grain brown|#A79375|1|080 60 20
ral||Golden quartz ochre|#AD9165|1|080 60 30
ral||Bamboo yellow|#B18E58|1|080 60 40
ral||Brass yellow|#B78E49|1|080 60 50
ral||Fig mustard yellow|#BD8E39|1|080 60 60
ral||Yellow gold|#C08D2D|1|080 60 70
ral||Garlic beige|#B3AEA6|1|080 70 05
ral||Fine greige|#B8AC9C|1|080 70 10
ral||Yellow brown|#C1AB8B|1|080 70 20
ral||Mustard seed beige|#C7A97B|1|080 70 30
ral||Diamond yellow|#CFA86A|1|080 70 40
ral||Antique brass|#D4A75A|1|080 70 50
ral||Courgette yellow|#DBA74B|1|080 70 60
ral||Grapefruit yellow|#DFA639|1|080 70 70
ral||Sunflower yellow|#E0A226|1|080 70 80
ral||Arnica yellow|#E5A10E|1|080 70 88
ral||Micaceous light grey|#CFC9C0|1|080 80 05
ral||Pastel sand|#D6C8B7|1|080 80 10
ral||Natural rice beige|#DDC5A4|1|080 80 20
ral||Yellow beige|#E3C393|1|080 80 30
ral||Straw yellow|#EBC281|1|080 80 40
ral||Mirabelle yellow|#F2C172|1|080 80 50
ral||Full yellow|#F8C05F|1|080 80 60
ral||Pear yellow|#FBBD4E|1|080 80 70
ral||Fire yellow|#FFBA36|1|080 80 80
ral||Summer yellow|#FFBA1F|1|080 80 90
ral||Wheat flour white|#DBD4CA|1|080 85 05
ral||Onion white|#E0D4C2|1|080 85 10
ral||Nashi pear beige|#EAD3B2|1|080 85 20
ral||Vespa yellow|#F1D0A0|1|080 85 30
ral||Puff pastry yellow|#F9CF8D|1|080 85 40
ral||Japanese white|#EDE5DA|1|080 90 05
ral||Mushroom white|#EFE1CF|1|080 90 10
ral||Macadamia beige|#ECD6B6|1|080 90 20
ral||Horseradish yellow|#FFDFAE|1|080 90 30
ral||Milk star white|#F3EAE1|1|080 93 05
ral||Mineral green|#716A5E|1|085 40 10
ral||Khaki green|#74674F|1|085 40 20
ral||Moss brown|#7A6847|1|085 40 30
ral||Coriander ochre|#867E6F|1|085 50 10
ral||Pyrite slate green|#8C7D61|1|085 50 20
ral||Sepia yellow|#927D54|1|085 50 30
ral||Marshy green|#947B48|1|085 50 40
ral||Honey yellow green|#987B3D|1|085 50 50
ral||Matte olive|#9E9587|1|085 60 10
ral||Pond green|#A59476|1|085 60 20
ral||Wood green|#AB9367|1|085 60 30
ral||Lichen green|#AF9358|1|085 60 40
ral||Mineral umber|#B4934A|1|085 60 50
ral||Loden yellow|#B9923B|1|085 60 60
ral||Raffia greige|#B6AD9C|1|085 70 10
ral||Feldspar grey|#BFAC8C|1|085 70 20
ral||Hay yellow|#C5AC7A|1|085 70 30
ral||Winter pear beige|#C9AA6B|1|085 70 40
ral||Autumn apple yellow|#CEA95A|1|085 70 50
ral||Pitmaston pear yellow|#D0A848|1|085 70 60
ral||Immortelle yellow|#D4A738|1|085 70 70
ral||Golden beryl yellow|#DAA92D|1|085 70 75
ral||Velvet beige|#D1C7B5|1|085 80 10
ral||Mineral beige|#D8C6A4|1|085 80 20
ral||Moonlight yellow|#E1C692|1|085 80 30
ral||Table pear yellow|#E6C582|1|085 80 40
ral||Fruit yellow|#E9C370|1|085 80 50
ral||Adonis rose yellow|#EEC25D|1|085 80 60
ral||Barberry yellow|#F2C14B|1|085 80 70
ral||Dandelion yellow|#F4BF36|1|085 80 80
ral||Decor yellow|#F5BF2C|1|085 80 85
ral||Alabaster white|#DDD2BF|1|085 85 10
ral||Light blond|#E5D2B0|1|085 85 20
ral||Willow-flower yellow|#EDD19E|1|085 85 30
ral||Light ginger yellow|#F4D28E|1|085 85 40
ral||Tulip white|#F0E5D3|1|085 90 10
ral||Alpine berry yellow|#F6E1BE|1|085 90 20
ral||China clay yellow|#FBDEAB|1|085 90 30
ral||Vintage white|#F2ECE3|1|085 93 05
ral||Limonite brown|#5B554A|1|090 30 10
ral||Bark green|#5F5641|1|090 30 20
ral||Boulder brown|#706A5D|1|090 40 10
ral||Plum green|#73684D|1|090 40 20
ral||Vine leaf green|#766843|1|090 40 30
ral||Graphite grey green|#847E70|1|090 50 10
ral||Pesto green|#887D61|1|090 50 20
ral||Giant cactus green|#8E7E51|1|090 50 30
ral||Aubergine green|#917E45|1|090 50 40
ral||Oyster grey|#9B9485|1|090 60 10
ral||Manzanilla olive|#A29474|1|090 60 20
ral||Camouflage olive|#A59467|1|090 60 30
ral||Laurel green|#A89356|1|090 60 40
ral||Faint green|#A89043|1|090 60 50
ral||Titanite yellow|#AF9538|1|090 60 60
ral||Dusty yellow|#B5AE9D|1|090 70 10
ral||Barbados beige|#BBAD8A|1|090 70 20
ral||Rhubarb leaf green|#BEAB7B|1|090 70 30
ral||Hedgehog cactus yellow green|#C5AE6A|1|090 70 40
ral||Gooseberry yellow|#C8AD5A|1|090 70 50
ral||Bud green|#CAAC47|1|090 70 60
ral||Catkin yellow|#CDAC33|1|090 70 70
ral||Prehnite yellow|#CFAB22|1|090 70 80
ral||Light beige|#D0C7B3|1|090 80 10
ral||Champagne beige|#D5C6A3|1|090 80 20
ral||Lemon sorbet yellow|#DCC894|1|090 80 30
ral||Blossom yellow|#E0C984|1|090 80 40
ral||Tasman honey yellow|#E5C76D|1|090 80 50
ral||New yellow|#E7C558|1|090 80 60
ral||Fashion yellow|#EBC648|1|090 80 70
ral||Poster yellow|#EAC42C|1|090 80 80
ral||Contrasting yellow|#F0C503|1|090 80 90
ral||Pepper white|#DAD4CA|1|090 85 05
ral||Paella natural white|#DFD5C2|1|090 85 10
ral||Cider yellow|#E4D5B0|1|090 85 20
ral||Palm sugar yellow|#EAD59F|1|090 85 30
ral||March yellow|#EDD38C|1|090 85 40
ral||Oriole yellow|#F2D479|1|090 85 50
ral||Marzipan white|#EAE4D9|1|090 90 05
ral||Primrose white|#EBE4D1|1|090 90 10
ral||Cream yellow|#F2E3BD|1|090 90 20
ral||Wax yellow|#F6E2AC|1|090 90 30
ral||Lemon cream|#FCE299|1|090 90 40
ral||Tiger yellow|#FDDE82|1|090 90 50
ral||Sunrose yellow|#FEDC70|1|090 90 60
ral||Cream white|#F0EBE0|1|090 93 05
ral||Shady green|#6E6A5D|1|095 40 10
ral||Forest green|#71684E|1|095 40 20
ral||Bean green|#726843|1|095 40 30
ral||Dull olive|#837E70|1|095 50 10
ral||Cabbage green|#877E62|1|095 50 20
ral||Caper green|#8B7F54|1|095 50 30
ral||Garden lettuce green|#8D7E45|1|095 50 40
ral||Artichoke green|#8F813C|1|095 50 50
ral||Pale green grey|#9C9686|1|095 60 10
ral||Pale green|#9F9676|1|095 60 20
ral||Cypress green|#A39565|1|095 60 30
ral||Grape green|#A59556|1|095 60 40
ral||Gooseberry green|#A69746|1|095 60 50
ral||Guava green|#A59439|1|095 60 60
ral||Romaine green|#A7962A|1|095 60 70
ral||Sand grey|#B6B09E|1|095 70 10
ral||Crocodile green|#BAB08F|1|095 70 20
ral||Chicory green|#BEB07E|1|095 70 30
ral||Banana green|#C0AF6A|1|095 70 40
ral||Star fruit yellow green|#C0AF5C|1|095 70 50
ral||Papaya yellow green|#C0AE4C|1|095 70 60
ral||Bronze green|#C5B037|1|095 70 70
ral||Sapphire light yellow|#CFC9B8|1|095 80 10
ral||Pale olive|#D5CAA7|1|095 80 20
ral||Asparagus yellow|#DBCC96|1|095 80 30
ral||Pea green|#DECB83|1|095 80 40
ral||Williams pear yellow|#DECA72|1|095 80 50
ral||Greenish yellow|#DCC75F|1|095 80 60
ral||Mimosa yellow|#DFC94B|1|095 80 70
ral||Sorbet yellow|#DAC438|1|095 80 80
ral||Salsify white|#DCD6C4|1|095 85 10
ral||Dull light yellow|#E2D7B4|1|095 85 20
ral||Leaf yellow|#E6D6A0|1|095 85 30
ral||Natural yellow|#EBD78D|1|095 85 40
ral||Sport yellow|#ECD67C|1|095 85 50
ral||Atlas white|#ECE5D0|1|095 90 10
ral||Pearl yellow|#F1E4C0|1|095 90 20
ral||Lemon ice cream yellow|#F6E3AC|1|095 90 30
ral||Fresh yellow|#F7E297|1|095 90 40
ral||Luminescent yellow|#FDE588|1|095 90 50
ral||Dynamic yellow|#FFE479|1|095 90 59
ral||Crepe silk white|#EEEBE2|1|095 93 05
ral||Night green|#4A4945|1|100 20 05
ral||Volcanic stone green|#56554F|1|100 30 05
ral||Vermilion green|#585449|1|100 30 10
ral||Uniform green|#5A5741|1|100 30 20
ral||Doves grey|#6A6962|1|100 40 05
ral||Slick green|#6C695B|1|100 40 10
ral||Broccoli green|#6D694F|1|100 40 20
ral||High forest green|#706A43|1|100 40 30
ral||Brussels sprout green|#716B3B|1|100 40 40
ral||Forest floor khaki|#817F77|1|100 50 05
ral||Lapwing grey green|#827E6E|1|100 50 10
ral||Green woodpecker olive|#848060|1|100 50 20
ral||Steppe green|#847E52|1|100 50 30
ral||Faience green|#888045|1|100 50 40
ral||Tool green|#868039|1|100 50 50
ral||Smoky grey green|#99978E|1|100 60 05
ral||Olivine grey|#979483|1|100 60 10
ral||Grey-headed woodpecker green|#9D9776|1|100 60 20
ral||Cardamom green|#9D9664|1|100 60 30
ral||Lettuce green|#9F9857|1|100 60 40
ral||Art Nouveau green|#9F9946|1|100 60 50
ral||Smoothie green|#9B9532|1|100 60 60
ral||Smoky white|#B3B1A8|1|100 70 05
ral||Anise grey yellow|#B4B09E|1|100 70 10
ral||Sand brown|#B6B08D|1|100 70 20
ral||Hippie green|#B6B07B|1|100 70 30
ral||Linden green|#BAB26C|1|100 70 40
ral||Dill green|#B8AF57|1|100 70 50
ral||New green|#B6AF44|1|100 70 60
ral||Natural grey|#CAC9BF|1|100 80 05
ral||Pale beige|#CECAB5|1|100 80 10
ral||Soft green|#D4CCA7|1|100 80 20
ral||Silver green|#D3CA93|1|100 80 30
ral||March tulip green|#D4CB81|1|100 80 40
ral||Light olive|#D4CB6E|1|100 80 50
ral||Advertisement green|#D9CD5B|1|100 80 60
ral||LED green|#D8CD48|1|100 80 70
ral||March green|#D5CE33|1|100 80 80
ral||Celery white|#D9D7CD|1|100 85 05
ral||Palm heart cream|#DBD6C2|1|100 85 10
ral||Beige green|#DDD6B0|1|100 85 20
ral||Crystal yellow|#E1D7A0|1|100 85 30
ral||Brilliant yellow|#E8E5D9|1|100 90 05
ral||Elderberry white|#EAE5D1|1|100 90 10
ral||Designer cream yellow|#EEE5BF|1|100 90 20
ral||Boxwood yellow|#EEE4AA|1|100 90 30
ral||Primrose yellow|#F3E699|1|100 90 40
ral||Spring yellow|#F1E586|1|100 90 50
ral||Fog white|#EFEDE3|1|100 93 05
ral||Metal construction green|#484840|1|110 20 10
ral||Dark olive green|#57574C|1|110 30 10
ral||Nori seaweed green|#585945|1|110 30 20
ral||Stump green|#6A6B5D|1|110 40 10
ral||Antique green|#67694D|1|110 40 20
ral||Gardener green|#696C46|1|110 40 30
ral||Kirchner green|#686E3C|1|110 40 40
ral||November green|#7F7F70|1|110 50 10
ral||Alexandrite green|#7E8061|1|110 50 20
ral||Plant green|#7D8153|1|110 50 30
ral||Ripe green|#7B8244|1|110 50 40
ral||Portuguese green|#79833A|1|110 50 50
ral||Flag green|#798533|1|110 50 55
ral||Grey green|#959685|1|110 60 10
ral||Peapod green|#939777|1|110 60 20
ral||Indian green|#969A69|1|110 60 30
ral||Winterpea green|#929A58|1|110 60 40
ral||Airline green|#909C49|1|110 60 50
ral||Woodruff green|#909F3B|1|110 60 60
ral||Traffic light green|#91A033|1|110 60 65
ral||Chinese tea green|#B0B19E|1|110 70 10
ral||Wall green|#AFB28E|1|110 70 20
ral||Wasabi green|#ACB17D|1|110 70 30
ral||April green|#ACB46E|1|110 70 40
ral||Delaunay green|#ACB65D|1|110 70 50
ral||Lime green|#A8B64C|1|110 70 60
ral||Chlorophyll green|#A1B62B|1|110 70 70
ral||Marker green|#A0B42D|1|110 70 77
ral||Spring grey|#C7C9B7|1|110 80 10
ral||Mint ice green|#CBCCA7|1|110 80 20
ral||Springtide green|#C9CE95|1|110 80 30
ral||Lime sorbet green|#C7CF84|1|110 80 40
ral||Easter green|#C8D172|1|110 80 50
ral||Clown green|#C4D160|1|110 80 60
ral||Juice green|#C2D24C|1|110 80 70
ral||Veltliner white|#D5D6C3|1|110 85 10
ral||Kohlrabi green|#D5D7B1|1|110 85 20
ral||Burgundy grey|#D7DAA1|1|110 85 30
ral||Wax green|#D5DA8E|1|110 85 40
ral||Sprout green|#D2DA7A|1|110 85 50
ral||Cotton white|#E4E2D7|1|110 90 05
ral||Light fern green|#E6E6D2|1|110 90 10
ral||Lily scent green|#E6E7BF|1|110 90 20
ral||Kiwi ice cream green|#E5E7AC|1|110 90 30
ral||Lime juice green|#E4E99B|1|110 90 40
ral||Raffia white|#EBEBE1|1|110 93 05
ral||Laundry white|#F4F3EF|1|110 96 02
ral||Racing green|#545650|1|120 30 05
ral||Country house green|#53574B|1|120 30 10
ral||Avocado dark green|#515842|1|120 30 20
ral||English green|#686962|1|120 40 05
ral||Almond green|#66695B|1|120 40 10
ral||Cactus green|#636B51|1|120 40 20
ral||Basil green|#626E48|1|120 40 30
ral||Pepper green|#5C703B|1|120 40 40
ral||Smoke green|#7E7F77|1|120 50 05
ral||Velvet green grey|#7B8071|1|120 50 10
ral||Parrot green|#788262|1|120 50 20
ral||Quartz green|#758254|1|120 50 30
ral||Hedge green|#72864C|1|120 50 40
ral||Birch leaf green|#6C863E|1|120 50 50
ral||Bluish grey|#979A90|1|120 60 05
ral||Lavender leaf green|#929787|1|120 60 10
ral||Cider pear green|#909978|1|120 60 20
ral||Vesuvian green|#8C9D6B|1|120 60 30
ral||Bamboo grass green|#899F5D|1|120 60 40
ral||Aloe vera green|#83A04D|1|120 60 50
ral||Mamba green|#7DA03E|1|120 60 60
ral||Luminescent green|#7CA23D|1|120 60 63
ral||Laurel grey|#AFB1A7|1|120 70 05
ral||Nile green|#ACB19E|1|120 70 10
ral||Filigree green|#A8B38F|1|120 70 20
ral||Serpentine green|#A6B682|1|120 70 30
ral||Light birch green|#A1B872|1|120 70 40
ral||Clematis green|#9CB960|1|120 70 50
ral||Tourmaline green|#95B751|1|120 70 60
ral||Cocktail green|#92BC42|1|120 70 70
ral||Brilliant green|#8DB836|1|120 70 75
ral||Dust green|#C8CBC1|1|120 80 05
ral||Modern Style green|#C5CAB6|1|120 80 10
ral||Avocado cream|#C4CEA9|1|120 80 20
ral||Natural green|#BECF97|1|120 80 30
ral||Summer green|#BBD289|1|120 80 40
ral||Fashion green|#B6D478|1|120 80 50
ral||Neon green|#B1D669|1|120 80 60
ral||Chalk green|#D4D6CC|1|120 85 05
ral||Light feather green|#D1D7C4|1|120 85 10 
ral||Lake green|#D0DAB4|1|120 85 20
ral||Aqua green|#CCDBA2|1|120 85 30
ral||Lily of the valley white|#E2E4D9|1|120 90 05
ral||Pale pistachio|#E4E7D3|1|120 90 10
ral||Kiwi sorbet green|#DEE8C2|1|120 90 20
ral||Ice-cold green|#DAEBB1|1|120 90 30
ral||Touch of white green|#E9ECE1|1|120 93 05
ral||Arame seaweed green|#53584D|1|130 30 10
ral||Kelp green|#4E5945|1|130 30 20
ral||Soft olive|#666C5F|1|130 40 10
ral||Alpine lake green|#5D6C53|1|130 40 20
ral||Gemstone green|#5A6F4B|1|130 40 30
ral||Dubuffet green|#788072|1|130 50 10
ral||Spanish green|#758468|1|130 50 20
ral||Algae green|#6C855B|1|130 50 30
ral||Hot pepper green|#65884F|1|130 50 40
ral||Emerald clear green|#5D8947|1|130 50 50
ral||Matte sage green|#909989|1|130 60 10
ral||Old green|#8A9B7D|1|130 60 20
ral||Pea aubergine green|#839D71|1|130 60 30
ral||Grasshopper green|#7C9F64|1|130 60 40
ral||Parisian green|#74A256|1|130 60 50
ral||Primal green|#69A449|1|130 60 60
ral||Limestone green|#A9B3A3|1|130 70 10
ral||Soap green|#A4B695|1|130 70 20
ral||Watercolour green|#9BB787|1|130 70 30
ral||Vangogh green|#94B979|1|130 70 40
ral||Apple green|#8DBC6E|1|130 70 50
ral||Ultra green|#84BE5F|1|130 70 60
ral||Jade light green|#C3CCBB|1|130 80 10
ral||Enamel green|#BDCEAD|1|130 80 20
ral||Pastel green|#B6D1A0|1|130 80 30
ral||Jasmine green|#AFD592|1|130 80 40
ral||Crystal green|#A7D683|1|130 80 50
ral||Grape oil green|#D1D7CD|1|130 85 05
ral||Duchamp light green|#CFD9C6|1|130 85 10
ral||Pallid light green|#C9DBB8|1|130 85 20
ral||Viridine green|#C5DEAC|1|130 85 30
ral||Silver poplar white|#E0E4DA|1|130 90 05
ral||Mediterranean green|#E0E3D9|1|130 90 10
ral||Spring green|#D8E9C6|1|130 90 20
ral||Bean white|#E8ECE3|1|130 93 05
ral||Melanite black green|#454845|1|140 20 05
ral||Mountain range green|#424941|1|140 20 10
ral||Bavarian green|#414B3E|1|140 20 20
ral||Black Forest green|#555954|1|140 30 05
ral||Copper pyrite green|#51594F|1|140 30 10
ral||Nettle green|#4B5C48|1|140 30 20
ral||Chestnut green|#425E3F|1|140 30 30
ral||Ranger green|#395E3C|1|140 30 40
ral||Stone green|#676C66|1|140 40 05
ral||Loden green|#626C60|1|140 40 10
ral||Acacia green|#586D55|1|140 40 20
ral||Peacock green|#51704C|1|140 40 30
ral||Radical green|#487547|1|140 40 40
ral||Brazilian green|#407740|1|140 40 50
ral||Silver maple green|#7A8079|1|140 50 05
ral||Fir spruce green|#768174|1|140 50 10
ral||Silver willow green|#6E8368|1|140 50 20
ral||Rambling green|#65875F|1|140 50 30
ral||Guinean green|#588853|1|140 50 40
ral||Mountain meadow green|#4F8C4C|1|140 50 50
ral||Temperamental green|#408E42|1|140 50 60
ral||Camouflage green|#919791|1|140 60 05
ral||Silver linden grey|#8B9889|1|140 60 10
ral||Spinach green|#859E80|1|140 60 20
ral||Blackthorn green|#7BA174|1|140 60 30
ral||Fresh green|#72A369|1|140 60 40
ral||Parsley green|#64A45E|1|140 60 50
ral||Oregano green|#59A754|1|140 60 60
ral||Balloon green|#4AA74B|1|140 60 70
ral||Ginkgo green|#AAB0A9|1|140 70 05
ral||Wormwood green|#A3B1A3|1|140 70 10
ral||Dew green|#9CB697|1|140 70 20
ral||Aniseed leaf green|#91B98C|1|140 70 30
ral||Sour green|#89BD80|1|140 70 40
ral||Acid green|#7CBF74|1|140 70 50
ral||Drop green|#71C067|1|140 70 60
ral||Willow green|#C5CCC2|1|140 80 05
ral||Pastel grey green|#BFCCBC|1|140 80 10
ral||Gio Ponti green|#B6D0B0|1|140 80 20
ral||Relaxation green|#ABD3A4|1|140 80 30
ral||Dentist green|#9DD697|1|140 80 40
ral||Deadnettle white|#D0D8CF|1|140 85 05
ral||Leek white|#CCDACA|1|140 85 10
ral||Limestone slate|#C3DEBD|1|140 85 20
ral||Mint cocktail green|#B6DFB0|1|140 85 30
ral||Rosemary white|#E0E6DB|1|140 90 05
ral||Touch of green|#DCE8D6|1|140 90 10
ral||Chestnut white|#E8EEE4|1|140 93 05
ral||Thyme green|#515C53|1|150 30 10
ral||Moselle green|#475E4E|1|150 30 20
ral||Mountain green|#3D5E46|1|150 30 30
ral||Felt green|#616D63|1|150 40 10
ral||Firm green|#58715C|1|150 40 20
ral||Genever green|#4A7254|1|150 40 30
ral||Ink green|#3C744C|1|150 40 40
ral||Ireland green|#307649|1|150 40 50
ral||Sage green grey|#738176|1|150 50 10
ral||Korean mint|#69866E|1|150 50 20
ral||Field green|#608866|1|150 50 30
ral||Celery green|#518D63|1|150 50 40
ral||Rich green|#3E8F58|1|150 50 50
ral||Cold green|#239151|1|150 50 60
ral||Pointed cabbage green|#8C9B8E|1|150 60 10
ral||Orient green|#7F9E86|1|150 60 20
ral||Rosemary green|#73A07D|1|150 60 30
ral||Mosaic green|#65A474|1|150 60 40
ral||Bouncy ball green|#58A96F|1|150 60 50
ral||Energy green|#3AA861|1|150 60 60
ral||Tea green|#A3B3A6|1|150 70 10
ral||Liebermann green|#98B89F|1|150 70 20
ral||Oilcloth green|#8ABD95|1|150 70 30
ral||Jade stone green|#7CBE8C|1|150 70 40
ral||Verdigris coloured|#6CC181|1|150 70 50
ral||Organza green|#BDCEC0|1|150 80 10
ral||Pastel mint green|#B1D2B7|1|150 80 20
ral||Bright green|#A3D6AF|1|150 80 30
ral||Mother-of-pearl green|#95DAA5|1|150 80 40
ral||Asparagus white|#CCD7CE|1|150 85 05
ral||Transparent white|#C9DACA|1|150 85 10
ral||Pallid green|#BFDEC1|1|150 85 20
ral||Mineral white|#DCE5DA|1|150 90 05
ral||Alabaster green|#D9E9D8|1|150 90 10
ral||Quark white|#E4EDE4|1|150 93 05
ral||Beryl black green|#464A48|1|160 20 05
ral||Mussel green|#404B45|1|160 20 10
ral||Pumpkin green black|#394A43|1|160 20 15
ral||Opulent green|#394942|1|160 20 20
ral||Rich olive|#535955|1|160 30 05
ral||Exclusive green|#4E5A53|1|160 30 10
ral||Leaf green|#485A4F|1|160 30 15
ral||Mountain mint|#415A4D|1|160 30 20
ral||Order green|#3B5C4A|1|160 30 25
ral||Troll green|#345E48|1|160 30 30
ral||Card table green|#2C5E45|1|160 30 35
ral||Lemon balm green|#235F44|1|160 30 40
ral||Jasper green|#656C68|1|160 40 05
ral||Siberian green|#5D6D65|1|160 40 10
ral||Cucumber green|#576E62|1|160 40 15
ral||Serbian green|#506F5F|1|160 40 20
ral||Black pine green|#49705B|1|160 40 25
ral||Pumpkin green|#427259|1|160 40 30
ral||Jade mussel green|#3A7457|1|160 40 35
ral||Clover green|#317656|1|160 40 40
ral||Frog green|#287451|1|160 40 45
ral||Universal green|#16754E|1|160 40 50
ral||Column of oak green|#05784D|1|160 40 55
ral||Arctic lichen green|#79817C|1|160 50 05
ral||Atlas cedar green|#708278|1|160 50 10
ral||Stone cypress green|#6A8476|1|160 50 15
ral||Juniper green|#638674|1|160 50 20
ral||Sports field green|#5B8770|1|160 50 25
ral||Leisure green|#54896E|1|160 50 30
ral||Adamite green|#4E8B6B|1|160 50 35
ral||Metallic green|#3F8C68|1|160 50 40
ral||Vital green|#398F68|1|160 50 45
ral||Golf green|#298E62|1|160 50 50
ral||Iceland green|#109161|1|160 50 55
ral||Real turquoise|#00905C|1|160 50 60
ral||Sandstone grey green|#8F9893|1|160 60 05
ral||Slate green|#86998F|1|160 60 10
ral||Mild green|#809D8D|1|160 60 15
ral||Douglas fir green|#779E89|1|160 60 20
ral||Practice green|#709F84|1|160 60 25
ral||Memphis green|#68A183|1|160 60 30
ral||Advertising green|#5FA582|1|160 60 35
ral||Hunter green|#55A47E|1|160 60 40
ral||Linoleum green|#4CA77C|1|160 60 45
ral||Parakeet green|#3BA878|1|160 60 50
ral||Emerald light green|#32A774|1|160 60 55
ral||Alhambra green|#1CA971|1|160 60 58
ral||Greenish grey|#A7B2AC|1|160 70 05
ral||Weak green|#9EB3A7|1|160 70 10
ral||Andean slate|#96B4A3|1|160 70 15
ral||Ceramic green|#90B7A1|1|160 70 20
ral||Water green|#88BB9F|1|160 70 25
ral||Mountain lake green|#7DBC9C|1|160 70 30
ral||American green|#74BD99|1|160 70 35
ral||Techno turquoise|#6AC096|1|160 70 40
ral||Garish green|#5EC292|1|160 70 45
ral||Malachite green|#54C391|1|160 70 50
ral||Fog green|#BFCAC4|1|160 80 05
ral||Matte jade green|#B8CDC0|1|160 80 10
ral||Sun yellow|#AFCFBD|1|160 80 15
ral||Feather green|#A7D2BA|1|160 80 20
ral||Menthol green|#A1D4B8|1|160 80 25
ral||Silk green|#99D7B6|1|160 80 30
ral||Light green|#CAD6CF|1|160 85 05
ral||Micaceous green|#C3D8CC|1|160 85 10
ral||Moonstone green|#BBDBC7|1|160 85 15
ral||Watercolour white|#DBE5DC|1|160 90 05
ral||Moonlight green|#D3E8D9|1|160 90 10
ral||Glacial water green|#CCEAD6|1|160 90 15
ral||Mountain crystal silver|#E0ECE6|1|160 93 05
ral||Deep green|#3E4A46|1|170 20 10
ral||Intense green|#394A45|1|170 20 15
ral||Coach green|#334C45|1|170 20 20
ral||Off-road green|#2F4C42|1|170 20 25
ral||Garnet black green|#4C5B55|1|170 30 10
ral||Dark green|#435B52|1|170 30 15
ral||Thistle green|#3E5B51|1|170 30 20
ral||Raspberry leaf green|#355E50|1|170 30 25
ral||Chrysocolla dark green|#2F5E50|1|170 30 30
ral||Trapper green|#26604F|1|170 30 35
ral||Permanent green|#16624E|1|170 30 40
ral||Chalcedony green|#5B6C65|1|170 40 10
ral||Palace green|#536D63|1|170 40 15
ral||Plantain green|#4B7063|1|170 40 20
ral||Ore mountains green|#457060|1|170 40 25
ral||Tractor green|#3D7561|1|170 40 30
ral||Victoria green|#2F745E|1|170 40 35
ral||Device green|#20755E|1|170 40 40
ral||Environmental green|#08765D|1|170 40 45
ral||Vegan green|#00765A|1|170 40 50
ral||Bournonite green|#6E827B|1|170 50 10
ral||Fuchsite green|#67867A|1|170 50 15
ral||Blackberry leaf green|#5F8678|1|170 50 20
ral||Tourmaline blue|#568876|1|170 50 25
ral||Dream green|#4A8A75|1|170 50 30
ral||Accent green blue|#3E8B73|1|170 50 35
ral||Spectral green|#308D71|1|170 50 40
ral||Mallard green|#1E8E71|1|170 50 45
ral||Chagall green|#00916F|1|170 50 50
ral||Absinthe turquoise|#00906D|1|170 50 55
ral||Quantum green|#849A92|1|170 60 10
ral||Bitter clover green|#7E9D90|1|170 60 15
ral||Cyprus green|#739F8F|1|170 60 20
ral||Succulent green|#6AA08E|1|170 60 25
ral||Vibrant green|#5EA28C|1|170 60 30
ral||Klimt green|#50A68A|1|170 60 35
ral||Persian green|#44A689|1|170 60 40
ral||Sport green|#33A685|1|170 60 45
ral||Active green|#1BAA87|1|170 60 50
ral||Lovage green|#9DB4AB|1|170 70 10
ral||Chrysopal light green|#95B6A8|1|170 70 15
ral||Source green|#8BB9A7|1|170 70 20
ral||Orient mosaic green|#83BBA6|1|170 70 25
ral||Mint cold green|#75BEA5|1|170 70 30
ral||Emerald green|#6ABEA2|1|170 70 35
ral||Expressionism green|#5FBFA0|1|170 70 40
ral||Fluorite blue|#B7CEC5|1|170 80 10
ral||Swimming pool green|#ACD0C3|1|170 80 15
ral||Sky green|#A4D5C2|1|170 80 20
ral||Larimar green|#99D4BF|1|170 80 25
ral||Silicate light turquoise|#CBD7D2|1|170 85 05
ral||Topaz green|#C3DAD0|1|170 85 10
ral||Refrigerator green|#B8DDCD|1|170 85 15
ral||Crystal glass green|#B0E0CB|1|170 85 20
ral||Crystal salt white|#DAE5DE|1|170 90 05
ral||Turquoise white|#D1E9DD|1|170 90 10
ral||Snow crystal green|#E2EDE7|1|170 93 05
ral||Pitch green|#454C4B|1|180 20 05
ral||Lacquer green|#3E4A47|1|180 20 10
ral||Fence green|#374B48|1|180 20 15
ral||Myrtle green|#304C48|1|180 20 20
ral||Amazon green|#535B59|1|180 30 05
ral||Rich grey turquoise|#4A5A56|1|180 30 10
ral||Blackboard green|#435C57|1|180 30 15
ral||Swedish green|#3C5D56|1|180 30 20
ral||Fjord green|#335E56|1|180 30 25
ral||Urban green|#295F56|1|180 30 30
ral||Jungle green|#196054|1|180 30 35
ral||Earth green|#626C69|1|180 40 05
ral||Pine green|#5A6E69|1|180 40 10
ral||Forest greenery|#516F68|1|180 40 15
ral||Sea green|#477168|1|180 40 20
ral||Eucalyptus green|#3E7268|1|180 40 25
ral||Fresh ivy green|#2F7469|1|180 40 30
ral||Chrysocolla medium green|#1C7566|1|180 40 35
ral||Poster green|#007565|1|180 40 40
ral||Teal dark green|#007666|1|180 40 45
ral||Dusk green|#788280|1|180 50 05
ral||Refreshing green|#6D827D|1|180 50 10
ral||Dull turquoise|#63857D|1|180 50 15
ral||Azurite water green|#59867D|1|180 50 20
ral||Copper mineral green|#4D897E|1|180 50 25
ral||Glass green|#408B7C|1|180 50 30
ral||Summer turquoise|#318C7D|1|180 50 35
ral||Christmas green|#1B8C7B|1|180 50 40
ral||Industrial turquoise|#00907B|1|180 50 45
ral||Ocean green|#00907A|1|180 50 50
ral||Marble green-grey|#8D9996|1|180 60 05
ral||Tile green|#829A95|1|180 60 10
ral||Copper roof green|#789D94|1|180 60 15
ral||Sage green|#6E9F94|1|180 60 20
ral||Petrol green|#61A093|1|180 60 25
ral||Dioptase green|#54A394|1|180 60 30
ral||Stamp pad green|#46A593|1|180 60 35
ral||Light turquoise|#2FA794|1|180 60 40
ral||Caribbean green|#02A994|1|180 60 45
ral||Brilliant turquoise|#00AA93|1|180 60 50
ral||Feldspar silver|#A6B1AE|1|180 70 05
ral||Delicate green|#98B3AD|1|180 70 10
ral||Silicate green|#8FB6AD|1|180 70 15
ral||Mint bonbon green|#85B9AD|1|180 70 20
ral||Glacial green|#78BAAC|1|180 70 25
ral||Bath turquoise|#6DBDAD|1|180 70 30
ral||Mountain lake azure|#5BBFAC|1|180 70 35
ral||Pure cyan|#4AC2AD|1|180 70 40
ral||Aragonite white|#BFCBC6|1|180 80 05
ral||Light teal|#B4CEC7|1|180 80 10
ral||Whirlpool green|#ABD2C8|1|180 80 15
ral||Opal turquoise|#9CD3C6|1|180 80 20
ral||Light Capri green|#91D5C6|1|180 80 25
ral||Tender turquoise|#89DAC8|1|180 80 30
ral||Sea haze grey|#CAD7D3|1|180 85 05
ral||Tierra del Fuego sea green|#C0DAD3|1|180 85 10
ral||Pale mountain lake turquoise|#B8DED2|1|180 85 15
ral||Coral green|#AADFCF|1|180 85 20
ral||Transparent green|#DBE7E2|1|180 90 05
ral||Ice water green|#D0ECE3|1|180 90 10
ral||Arctic white|#E2EEEA|1|180 93 05
ral||Night turquoise|#2F4D4A|1|190 20 20
ral||Carriage green|#415C5A|1|190 30 15
ral||Stockade green|#375D5B|1|190 30 20
ral||Action green|#2D5E5B|1|190 30 25
ral||Myrtle deep green|#20605D|1|190 30 30
ral||Plankton green|#0E605D|1|190 30 35
ral||Mud green|#586C6A|1|190 40 10
ral||Moor pond green|#4F6F6D|1|190 40 15
ral||Lush green|#44716E|1|190 40 20
ral||Butterfly green|#37726F|1|190 40 25
ral||Fashion blue|#267470|1|190 40 30
ral||Office blue green|#097671|1|190 40 35
ral||Iguana green|#007771|1|190 40 40
ral||Dark teal|#007A73|1|190 40 45
ral||Storm green|#6D8481|1|190 50 10
ral||Dark turquoise|#628682|1|190 50 15
ral||Fir blue|#578884|1|190 50 20
ral||Apatite blue|#488984|1|190 50 25
ral||Egyptian green|#368B86|1|190 50 30
ral||Ornamental turquoise|#208C86|1|190 50 35
ral||Eyeshadow turquoise|#008F89|1|190 50 40
ral||Clear turquoise|#00908A|1|190 50 45
ral||Subtle turquoise|#829B98|1|190 60 10
ral||Pale verdigris|#779D98|1|190 60 15
ral||Goose pond green|#6EA09B|1|190 60 20
ral||Tourmaline turquoise|#5EA39D|1|190 60 25
ral||Baltic green|#4DA49E|1|190 60 30
ral||Ceramic blue turquoise|#39A6A0|1|190 60 35
ral||Baltic turquoise|#0CA8A1|1|190 60 40
ral||Tyrolite blue-green|#00A8A0|1|190 60 45
ral||Marble green|#9AB4B1|1|190 70 10
ral||Jade green|#8FB6B1|1|190 70 15
ral||Spring water turquoise|#82B8B2|1|190 70 20
ral||Florida turquoise|#75BBB5|1|190 70 25
ral||Hygiene green|#69BEB8|1|190 70 30
ral||Arctic green|#55BFB7|1|190 70 35
ral||Andean opal green|#B3CFCA|1|190 80 10
ral||Cold turquoise|#A9D2CD|1|190 80 15
ral||Teal blue|#9BD2CD|1|190 80 20
ral||Pool green|#8FD5CF|1|190 80 25
ral||Morning dew white|#C5D9D6|1|190 85 05
ral||Bath salt green|#BADCD6|1|190 85 10
ral||Capri water blue|#AADFD6|1|190 85 15
ral||Horizon blue|#9CE2D7|1|190 85 20
ral||Cool white|#DBE6E2|1|190 90 05
ral||Source blue|#CFEAE5|1|190 90 10
ral||Egyptian white|#E3EDEB|1|190 93 05
ral||Concealed green|#444A4A|1|200 20 05
ral||Dark pine green|#3C4A4B|1|200 20 10
ral||Roof tile green|#374A4B|1|200 20 15
ral||Shrub green|#304C4E|1|200 20 20
ral||Customs green|#264D4F|1|200 20 23
ral||Darkness green|#4F5858|1|200 30 05
ral||Tree bark green|#485B5B|1|200 30 10
ral||Hornblende green|#405D5D|1|200 30 15
ral||Malachite blue turquoise|#385E5F|1|200 30 20
ral||Antique turquoise|#285D5E|1|200 30 25
ral||Wool turquoise|#1A5F62|1|200 30 30
ral||Ice dark turquoise|#006164|1|200 30 33
ral||Calcite grey green|#616C6C|1|200 40 05
ral||Brochantite green|#596D6E|1|200 40 10
ral||Pyrite green|#4F6F6F|1|200 40 15
ral||Dusky alpine blue|#427172|1|200 40 20
ral||Bath green|#377374|1|200 40 25
ral||Mayan blue|#237477|1|200 40 30
ral||Byzantine blue|#007579|1|200 40 35
ral||Active turquoise|#00787D|1|200 40 40
ral||North grey|#748080|1|200 50 05
ral||Eye grey|#6C8384|1|200 50 10
ral||Nickel ore green|#618686|1|200 50 15
ral||Seafoam green|#548788|1|200 50 20
ral||Kandinsky turquoise|#46898C|1|200 50 25
ral||Caribbean turquoise|#308B8D|1|200 50 30
ral||Well blue|#118E92|1|200 50 35
ral||Industrial blue|#008F93|1|200 50 40
ral||India blue|#009096|1|200 50 45
ral||Shady grey|#8C9999|1|200 60 05
ral||North Cape grey|#829A9B|1|200 60 10
ral||Woad indigo|#769D9E|1|200 60 15
ral||Art nouveau turquoise|#6AA0A1|1|200 60 20
ral||Coolbox ice turquoise|#59A1A2|1|200 60 25
ral||Aquamarine blue|#48A4A5|1|200 60 30
ral||Arctic blue|#33A5A9|1|200 60 35
ral||Wax crayon blue|#05A8AC|1|200 60 40
ral||Prince grey|#A5B1B1|1|200 70 05
ral||Calcite blue|#9AB5B5|1|200 70 10
ral||Cold front green|#8CB6B6|1|200 70 15
ral||Kingfisher turquoise|#82B9B9|1|200 70 20
ral||Fresh soft blue|#74BCBF|1|200 70 25
ral||China light green|#BFCBCA|1|200 80 05
ral||Baroque chalk soft blue|#B2CECE|1|200 80 10
ral||Ice boutique turquoise|#A6CFCE|1|200 80 15
ral||Summer soft blue|#9AD4D3|1|200 80 20
ral||Mountain lake blue|#8CD5D6|1|200 80 25
ral||Raffia light grey|#CAD7D7|1|200 85 05
ral||Cold air turquoise|#C0DADA|1|200 85 10
ral||Frosty soft blue|#B3DDDD|1|200 85 15
ral||Ice crystal blue|#A6E0DF|1|200 85 20
ral||Frosty green|#DBE8E5|1|200 90 05
ral||Frosty white blue|#CEE9E5|1|200 90 10
ral||Chilly white|#E2EEEB|1|200 93 05
ral||Graphite black green|#4A5A5C|1|210 30 10
ral||Mallard blue|#415C60|1|210 30 15
ral||Transporter green|#365E64|1|210 30 20
ral||Deep Atlantic blue|#2B5E65|1|210 30 25
ral||Kali blue|#175F68|1|210 30 30
ral||Linen grey|#586C6F|1|210 40 10
ral||China green blue|#4F6F74|1|210 40 15
ral||Dusk blue|#437177|1|210 40 20
ral||Trouser blue|#347178|1|210 40 25
ral||Indigo blue|#1E737D|1|210 40 30
ral||Cold blue|#007681|1|210 40 35
ral||Mary blue|#007481|1|210 40 38
ral||Uniform green grey|#6B8386|1|210 50 10
ral||Labradorite green|#628488|1|210 50 15
ral||Enamel antique green|#54868D|1|210 50 20
ral||Cranach blue|#458990|1|210 50 25
ral||China blue|#2D8A94|1|210 50 30
ral||Glacier blue|#148C98|1|210 50 35
ral||Curaï¿½ao blue|#008E9B|1|210 50 40
ral||Atlantic blue|#008F9E|1|210 50 45
ral||Ash blue|#829A9D|1|210 60 10
ral||Baltic blue|#769CA0|1|210 60 15
ral||Beach blue|#6BA1A7|1|210 60 20
ral||Basilica blue|#5AA4AB|1|210 60 25
ral||Danube blue|#48A5AF|1|210 60 30
ral||Altdorf sky blue|#2CA5B1|1|210 60 35
ral||Garish blue|#00A8B5|1|210 60 40
ral||Storm grey|#9BB4B7|1|210 70 10
ral||Persian blue|#8FB6BA|1|210 70 15
ral||Aqua blue|#81B9BF|1|210 70 20
ral||Maritime soft blue|#73BBC3|1|210 70 25
ral||Mountain blue|#61BEC8|1|210 70 30
ral||Panorama blue|#4CC0CB|1|210 70 35
ral||Turquoise grey|#B7D0D1|1|210 80 10
ral||Dolphin blue|#AAD2D4|1|210 80 15
ral||Aroma blue|#9CD3D8|1|210 80 20
ral||Vibrant soft blue|#8FD6DD|1|210 80 25
ral||Siesta white|#C9D8D9|1|210 85 05
ral||Mint blue|#BADDDE|1|210 85 10
ral||Fine blue|#B5DEDF|1|210 85 15
ral||Pale blue|#A7E0E1|1|210 85 20
ral||Tulle soft blue|#DAE7E5|1|210 90 05
ral||Antarctic blue|#CDE9E7|1|210 90 10
ral||Navy black|#43494B|1|220 20 05
ral||Indigo carmine|#3C4A4E|1|220 20 10
ral||Artist blue|#344A50|1|220 20 15
ral||Natural indigo|#2D4B53|1|220 20 20
ral||Panda black|#51595A|1|220 30 05
ral||Pallasite blue|#4A5B5E|1|220 30 10
ral||Hurricane green blue|#435D64|1|220 30 15
ral||Watercolour blue|#385E66|1|220 30 20
ral||Coral blue|#2E606B|1|220 30 25
ral||Sandalwood grey blue|#155F6D|1|220 30 30
ral||Limousine grey blue|#626C6E|1|220 40 05
ral||Corundum blue|#5A6E72|1|220 40 10
ral||Smock blue|#4F6F77|1|220 40 15
ral||Mordant blue|#45717B|1|220 40 20
ral||Cotton indigo|#37737F|1|220 40 25
ral||Fjord blue|#1F7586|1|220 40 30
ral||Azure green blue|#007689|1|220 40 35
ral||Cyan blue|#00788E|1|220 40 40
ral||Winter cloud grey|#788284|1|220 50 05
ral||Cadet grey|#6F8388|1|220 50 10
ral||Holbein blue grey|#62858D|1|220 50 15
ral||Shady blue|#558791|1|220 50 20
ral||Fresco blue|#488895|1|220 50 25
ral||Craftsman blue|#318899|1|220 50 30
ral||Marker blue|#198CA0|1|220 50 35
ral||Toy blue|#008EA5|1|220 50 40
ral||Deep sea grey|#8E989A|1|220 60 05
ral||Tile blue|#839BA0|1|220 60 10
ral||Morning blue|#799DA5|1|220 60 15
ral||Frost blue|#699FAB|1|220 60 20
ral||Summer turquoise blue|#5BA1B0|1|220 60 25
ral||Fischer blue|#4AA4B5|1|220 60 30
ral||Planet blue|#36A3B8|1|220 60 35
ral||January blue|#00A5BD|1|220 60 40
ral||Tempered grey|#A6B2B5|1|220 70 05
ral||Mohair soft blue grey|#9DB5BB|1|220 70 10
ral||Kitchen blue|#90B8C0|1|220 70 15
ral||Culinary blue|#84B9C4|1|220 70 20
ral||Blouson blue|#72BAC9|1|220 70 25
ral||Mountain range blue|#61BACC|1|220 70 30
ral||Holiday blue|#4BBFD4|1|220 70 35
ral||Pastel blue|#BFCCCD|1|220 80 05
ral||Clinical soft blue|#B5D0D5|1|220 80 10
ral||Childrenï¿½s soft blue|#A6CFD8|1|220 80 15
ral||Tourmaline water blue|#9ED4E0|1|220 80 20
ral||Fresh blue|#92D7E3|1|220 80 25
ral||Transparent blue|#CCD9DC|1|220 85 05
ral||Ice shard soft blue|#C0DCE1|1|220 85 10
ral||Polar blue|#B3DEE6|1|220 85 15
ral||Cold soft blue|#DAE7E6|1|220 90 05
ral||Full moon grey|#CDE7E7|1|220 90 10
ral||Ore bluish black|#3F4B50|1|230 20 10
ral||Firmanent blue|#384B53|1|230 20 15
ral||Prussian blue|#2D4955|1|230 20 20
ral||Galenite blue|#4D5B61|1|230 30 10
ral||Berry blue green|#435B65|1|230 30 15
ral||Teal dark blue|#3A5D6A|1|230 30 20
ral||Thunderstorm blue|#2D5E6F|1|230 30 25
ral||Cone green blue|#5B6D74|1|230 40 10
ral||Juniper berry blue|#536E79|1|230 40 15
ral||Loon turquoise|#48717F|1|230 40 20
ral||Workshop blue|#387184|1|230 40 25
ral||Pilot blue|#2C738A|1|230 40 30
ral||Ink blue|#007590|1|230 40 35
ral||Techno blue|#007593|1|230 40 40
ral||Gravel grey blue|#6F838A|1|230 50 10
ral||Spruce blue|#658690|1|230 50 15
ral||Casual blue|#5A8797|1|230 50 20
ral||Forget-me-not blue|#4D889B|1|230 50 25
ral||Zircon blue|#378BA3|1|230 50 30
ral||Lagoon blue|#1F8BA6|1|230 50 35
ral||Azores blue|#008CAD|1|230 50 40
ral||Kingfisher grey|#869CA4|1|230 60 10
ral||Silver fir blue|#7B9CA7|1|230 60 15
ral||Pyjama blue|#6E9EAE|1|230 60 20
ral||Starflower blue|#5E9FB4|1|230 60 25
ral||Sports blue|#4FA0B9|1|230 60 30
ral||Greek blue|#37A3C1|1|230 60 35
ral||Alpine blue|#00A4C7|1|230 60 40
ral||Ice gull grey blue|#A0B6BE|1|230 70 10
ral||Thistleblossom soft blue|#91B6C2|1|230 70 15
ral||Tennis blue|#85B8C9|1|230 70 20
ral||Vintage blue|#7ABACF|1|230 70 25
ral||Fitness blue|#68BBD4|1|230 70 30
ral||Pallid blue|#B7CFD6|1|230 80 10
ral||Alpine morning blue|#ABCEDA|1|230 80 15
ral||Light blue|#A1D2E2|1|230 80 20
ral||Polar soft blue|#CED9DD|1|230 85 05
ral||Washing powder white|#C1D9E1|1|230 85 10
ral||Himalaya white blue|#B8DCE7|1|230 85 15
ral||Atmospheric soft blue|#ABDEEE|1|230 85 20
ral||Brilliant white|#DBE6E6|1|230 90 05
ral||Nightshade blue|#454A4D|1|240 20 05
ral||Elderberry black|#3F4A51|1|240 20 10
ral||Metal blue|#394A55|1|240 20 15
ral||Crowberry blue|#334B59|1|240 20 20
ral||Rich blue|#294A5B|1|240 20 22
ral||Diamond grey|#52595C|1|240 30 05
ral||Dirty blue|#4C5A62|1|240 30 10
ral||Deep sea blue|#455B67|1|240 30 15
ral||Lasurite blue|#3C5C6C|1|240 30 20
ral||Work blue|#2F5C72|1|240 30 25
ral||Gemstone blue|#215D77|1|240 30 30
ral||Captain blue|#065F7C|1|240 30 35
ral||Blue anthracite|#646B70|1|240 40 05
ral||Blackthorn blue|#5C6D76|1|240 40 10
ral||Celeste blue|#536E7D|1|240 40 15
ral||Denim blue|#486F82|1|240 40 20
ral||Orient blue|#3C708A|1|240 40 25
ral||Sailor blue|#28718F|1|240 40 30
ral||Stone blue|#007295|1|240 40 35
ral||Pure light blue|#00749A|1|240 40 40
ral||Smoky blue|#798186|1|240 50 05
ral||Tool blue|#6F828C|1|240 50 10
ral||Technical blue|#668494|1|240 50 15
ral||Coelin blue|#5A859A|1|240 50 20
ral||Greenland blue|#4C86A0|1|240 50 25
ral||Summer blue|#3C87A6|1|240 50 30
ral||Advertising blue|#1F88AD|1|240 50 35
ral||Indian inc blue|#0088B2|1|240 50 40
ral||Carrier pigeon blue|#8F999E|1|240 60 05
ral||Bird blue|#8297A2|1|240 60 10
ral||Architecture blue|#7A9AAA|1|240 60 15
ral||Shirt blue|#709DB3|1|240 60 20
ral||Steel light blue|#639EBA|1|240 60 25
ral||Fairytale blue|#519FC0|1|240 60 30
ral||Princess blue|#3CA0C8|1|240 60 35
ral||Clear blue|#1BA3CB|1|240 60 40
ral||Laundry blue|#A7B1B7|1|240 70 05
ral||Eye blue|#9EB2BD|1|240 70 10
ral||Bermuda blue|#93B5C5|1|240 70 15
ral||Sea blue|#88B5CB|1|240 70 20
ral||Madonna blue|#7BB8D3|1|240 70 25
ral||Caribbean blue|#6BB8D8|1|240 70 30
ral||Hazy blue|#BFCACF|1|240 80 05
ral||Light topaz soft blue|#B9CFD9|1|240 80 10
ral||Baby blue|#AECFDE|1|240 80 15
ral||Crystal blue|#A1D1E6|1|240 80 20
ral||Ice grey|#CDD7DD|1|240 85 05
ral||Air blue|#C2D8E3|1|240 85 10
ral||Paris blue|#B7DBEB|1|240 85 15
ral||Soft blue white|#DCE7E9|1|240 90 05
ral||Chalky blue white|#CFE8EF|1|240 90 10
ral||Cosmos blue|#334A5B|1|250 20 20
ral||Dark denim blue|#2F4A5F|1|250 20 25
ral||Black Forest blue|#455968|1|250 30 15
ral||Swallow blue|#3B5A6E|1|250 30 20
ral||Navy dark blue|#335B74|1|250 30 25
ral||Pompeii blue|#235B7B|1|250 30 30
ral||Trekking blue|#5E6C77|1|250 40 10
ral||Steel blue grey|#556C7D|1|250 40 15
ral||Berry blue|#4A6C83|1|250 40 20
ral||Linen blue|#3F6E8B|1|250 40 25
ral||Pool blue|#336F93|1|250 40 30
ral||Kingfisher blue|#1A6F97|1|250 40 35
ral||Europe blue|#00719C|1|250 40 40
ral||Metal grey|#72818D|1|250 50 10
ral||Titanium blue|#688194|1|250 50 15
ral||Mallorca blue|#60839B|1|250 50 20
ral||Linoleum blue|#5583A3|1|250 50 25
ral||Prominent blue|#4684AB|1|250 50 30
ral||Turkish blue|#3386B2|1|250 50 35
ral||Primal blue|#0487B9|1|250 50 40
ral||Bird blue grey|#8798A5|1|250 60 10
ral||Gentle blue|#7F99AD|1|250 60 15
ral||Aragonite blue|#749AB4|1|250 60 20
ral||Pearl blue|#699BBC|1|250 60 25
ral||Topaz blue|#5C9DC3|1|250 60 30
ral||Stratos blue|#4D9DCA|1|250 60 35
ral||Structural blue|#3A9FD3|1|250 60 40
ral||Foggy blue|#9FB2BE|1|250 70 10
ral||Chalk blue|#97B3C7|1|250 70 15
ral||Medium blue|#8CB3CE|1|250 70 20
ral||Meadow blossom blue|#82B5D5|1|250 70 25
ral||Broom butterfly blue|#75B5DC|1|250 70 30
ral||Light cyan|#B9CBD8|1|250 80 10
ral||Himalaya blue|#B2CEE0|1|250 80 15
ral||Velvet blue|#A4CBE5|1|250 80 20
ral||White blue|#CCD4DA|1|250 85 05
ral||Washing powder soft blue|#C2D5E2|1|250 85 10
ral||Diamond soft blue|#BCD8EA|1|250 85 15
ral||Ice white|#DBE3E7|1|250 90 05
ral||Blue-black|#474A4E|1|260 20 05
ral||Nato blue|#424952|1|260 20 10
ral||Suit blue|#3B4856|1|260 20 15
ral||Halite blue|#384A5C|1|260 20 20
ral||Alpine duck grey|#54595E|1|260 30 05
ral||Bronze blue|#505A65|1|260 30 10
ral||Berlin blue|#4A596A|1|260 30 15
ral||French blue|#445A70|1|260 30 20
ral||Tanzanite blue|#3A5A75|1|260 30 25
ral||Opal blue|#345B7D|1|260 30 30
ral||Royal blue|#1E5B85|1|260 30 35
ral||Swedish blue|#666A70|1|260 40 05
ral||Sheet blue|#626D79|1|260 40 10
ral||Plum blue|#5C6D80|1|260 40 15
ral||Cadet blue|#526C85|1|260 40 20
ral||Enamel blue|#4B6E8C|1|260 40 25
ral||Copenhagen blue|#426E92|1|260 40 30
ral||Bauhaus blue|#356E99|1|260 40 35
ral||Navy blue|#1E70A3|1|260 40 40
ral||LED blue|#0070A9|1|260 40 45
ral||Spitsbergen blue|#797E85|1|260 50 05
ral||Cypress grey blue|#75808D|1|260 50 10
ral||Mahonia berry blue|#6E8194|1|260 50 15
ral||Doves blue|#6A849D|1|260 50 20
ral||Biedermeier blue|#6084A6|1|260 50 25
ral||Beijing blue|#5485AF|1|260 50 30
ral||Vermeer blue|#4784B3|1|260 50 35
ral||Meissen blue|#3586BD|1|260 50 40
ral||Seal grey|#91979E|1|260 60 05
ral||Diopside blue|#8B97A5|1|260 60 10
ral||Nordland blue|#879BB0|1|260 60 15
ral||Cranberry blue|#7E9AB5|1|260 60 20
ral||Lupine blue|#759BBE|1|260 60 25
ral||Blueberry soft blue|#6B9CC6|1|260 60 30
ral||Brilliant blue|#5F9DCD|1|260 60 35
ral||Northern light grey|#ABB1B8|1|260 70 05
ral||Petrel blue grey|#A5B2C0|1|260 70 10
ral||Nordland light blue|#9CB2C8|1|260 70 15
ral||Matte blue|#96B4D0|1|260 70 20
ral||Pacific blue|#8CB4D8|1|260 70 25
ral||Light blue grey|#C3CAD1|1|260 80 05
ral||Powder soft blue|#BDCBD9|1|260 80 10
ral||Wind blue|#B5CCE0|1|260 80 15
ral||Satin white|#CDD3D9|1|260 85 05
ral||Sea breeze green|#C8D7E5|1|260 85 10
ral||Milk blue|#DDE3E7|1|260 90 05
ral||Crow black blue|#3A475C|1|270 20 20
ral||Indigo black|#344660|1|270 20 25
ral||Effervescent blue|#2E4667|1|270 20 29
ral||Midnight blue|#4C5768|1|270 30 15
ral||Dark blue|#47576F|1|270 30 20
ral||Grape blue|#415776|1|270 30 25
ral||Medici blue|#39567C|1|270 30 30
ral||Kolibri blue|#2F5682|1|270 30 35
ral||Prince blue|#1F568A|1|270 30 40
ral||Pewter grey|#5F6B7F|1|270 40 15
ral||Parlour blue|#576A85|1|270 40 20
ral||Functional blue|#536B8D|1|270 40 25
ral||Make-up blue|#4A6A94|1|270 40 30
ral||Lapis lazuli blue|#406A9B|1|270 40 35
ral||Magic blue|#3469A2|1|270 40 40
ral||Brocade blue|#77808F|1|270 50 10
ral||Noble blue|#738197|1|270 50 15
ral||Delft blue|#6D819E|1|270 50 20
ral||Cocktail blue|#6780A6|1|270 50 25
ral||Sage blossom blue|#5E80AD|1|270 50 30
ral||Viennese blue|#557FB2|1|270 50 35
ral||Cornflower blue|#4A81BD|1|270 50 40
ral||Fantasy grey|#8C97A7|1|270 60 10
ral||Lilac blue|#8998B0|1|270 60 15
ral||Lavender blue|#8398B7|1|270 60 20
ral||Delphinium blue|#7D98BF|1|270 60 25
ral||Eyeshadow blue|#7699C8|1|270 60 30
ral||Butterfly blue|#6B97CE|1|270 60 35
ral||Feather soft blue|#A7B1C1|1|270 70 10
ral||Satin soft blue|#A1B1C9|1|270 70 15
ral||Angel blue|#9CB2D2|1|270 70 20
ral||Boy blue|#93AFD8|1|270 70 25
ral||Light pearl soft blue|#C1CAD9|1|270 80 10
ral||Retina soft blue|#B9C9E1|1|270 80 15
ral||Angel hair silver|#D1D4DA|1|270 85 05
ral||Mother-of-pearl silver|#CAD4E4|1|270 85 10
ral||Murano soft blue|#C4D4EC|1|270 85 15
ral||Bleached white|#E0E3E8|1|270 90 05
ral||Granite black|#4A4A4E|1|280 20 05
ral||Diamond black|#474A53|1|280 20 10
ral||Crow black|#444958|1|280 20 15
ral||Manganese black|#41485B|1|280 20 20
ral||Elite blue|#3F4862|1|280 20 25
ral||Ambassador blue|#3A4868|1|280 20 30
ral||Smoking night blue|#57585D|1|280 30 05
ral||Meteorite black blue|#555965|1|280 30 10
ral||Anthracite blue|#52596B|1|280 30 15
ral||Garnet stone blue|#4F5972|1|280 30 20
ral||Hydrogen blue|#4C5977|1|280 30 25
ral||Deep blue|#45577E|1|280 30 30
ral||Theatre blue|#425783|1|280 30 35
ral||Poster blue|#3D588A|1|280 30 40
ral||Gallery grey|#696B71|1|280 40 05
ral||Suede indigo|#666A78|1|280 40 10
ral||Dark lavender|#636A7F|1|280 40 15
ral||Starry sky blue|#5F6A86|1|280 40 20
ral||Indigo navy blue|#5D6B8E|1|280 40 25
ral||Evening blue|#586A94|1|280 40 30
ral||Portuguese blue|#526B9B|1|280 40 35
ral||Neptune blue|#4A6AA3|1|280 40 40
ral||Hyacinth blue|#4169AA|1|280 40 45
ral||Noble grey|#7D8087|1|280 50 05
ral||Ice blue grey|#7B808F|1|280 50 10
ral||Granite blue|#788096|1|280 50 15
ral||Lavender mauve|#747F9E|1|280 50 20
ral||Costume blue|#717FA5|1|280 50 25
ral||Light mauve|#6C7FAD|1|280 50 30
ral||Sapphire shimmer blue|#667EB3|1|280 50 35
ral||Diva violet|#6180BE|1|280 50 40
ral||Tulle grey|#94979E|1|280 60 05
ral||Sweet lavender|#9196A6|1|280 60 10
ral||Marble blue|#8E96AE|1|280 60 15
ral||Misty violet|#8B96B7|1|280 60 20
ral||Opal violet|#8695BE|1|280 60 25
ral||Persian violet|#8296C5|1|280 60 30
ral||Organza violet|#7E97CF|1|280 60 35
ral||Taupe grey|#ACAEB6|1|280 70 05
ral||Tulle violet|#ABB0BF|1|280 70 10
ral||Foxflower viola|#A8B0C8|1|280 70 15
ral||Lilac scent soft blue|#A3AFD1|1|280 70 20
ral||Aster flower blue|#A1B0DA|1|280 70 25
ral||Viola ice grey|#C8CAD1|1|280 80 05
ral||Hyacinth white soft blue|#C4C9D9|1|280 80 10
ral||Violet scent soft blue|#BFC8E0|1|280 80 15
ral||Pebble soft blue white|#D2D5DB|1|280 85 05
ral||Jewellery white|#CDD4E4|1|280 85 10
ral||Mauve white|#E0E3E8|1|280 90 05
ral||Porcelain white|#E8EAF0|1|280 93 05
ral||Spinel stone black|#454650|1|290 20 10
ral||Black violet|#474655|1|290 20 15
ral||Tropical night blue|#47485D|1|290 20 20
ral||Indigo violet|#434661|1|290 20 25
ral||Ultramarine violet|#404465|1|290 20 30
ral||Schiava blue|#3E446C|1|290 20 35
ral||Flintstone blue|#565562|1|290 30 10
ral||Spinel black|#555669|1|290 30 15
ral||Church blue|#52536D|1|290 30 20
ral||Gloomy blue|#525475|1|290 30 25
ral||Lviv blue|#4F537B|1|290 30 30
ral||British mauve|#4D5483|1|290 30 35
ral||Official violet|#495389|1|290 30 40
ral||Shearwater black|#696876|1|290 40 10
ral||Agate violet|#68687D|1|290 40 15
ral||Deep lavender|#656785|1|290 40 20
ral||Dusk mauve|#63658B|1|290 40 25
ral||Rich violet|#606592|1|290 40 30
ral||Onion skin blue|#5E6498|1|290 40 35
ral||Iris blue|#5B65A1|1|290 40 40
ral||Violet blue|#5664A7|1|290 40 45
ral||Ash mauve|#7C7C8C|1|290 50 10
ral||Stormy mauve|#7B7C92|1|290 50 15
ral||Silk crepe mauve|#797A9B|1|290 50 20
ral||Hyacinth mauve|#797BA4|1|290 50 25
ral||Mountain flower mauve|#777AAA|1|290 50 30
ral||Chalcedony violet|#7379B2|1|290 50 35
ral||Gladiola blue|#7079BA|1|290 50 40
ral||Lavender blossom grey|#9293A5|1|290 60 10
ral||Delicate violet|#9393AC|1|290 60 15
ral||Opera mauve|#8F91B5|1|290 60 20
ral||Soft blue lavender|#9092BD|1|290 60 25
ral||Pleated mauve|#8D91C4|1|290 60 30
ral||True lavender|#888FCA|1|290 60 35
ral||Cream violet|#ADADBF|1|290 70 10
ral||Wisteria light soft blue|#ABABC7|1|290 70 15
ral||Blossom mauve|#A8ABCE|1|290 70 20
ral||Sorbet ice mauve|#A7AAD7|1|290 70 25
ral||Tulip soft blue|#C6C6D7|1|290 80 10
ral||Pale lilac|#C6C6DE|1|290 80 15
ral||Limestone mauve|#D5D5DA|1|290 85 05
ral||Orchid white|#D0D3E9|1|290 85 10
ral||Violet white|#DADBE0|1|290 90 05
ral||Lilac white|#E8E9EF|1|290 93 05
ral||Night black|#4B494E|1|300 20 05
ral||Heron blue|#494650|1|300 20 10
ral||Viola black|#494655|1|300 20 15
ral||Blackberry black|#49455A|1|300 20 20
ral||Cardinal mauve|#49445C|1|300 20 25
ral||Ceremonial purple|#474364|1|300 20 30
ral||Night grey|#59575D|1|300 30 05
ral||Mourning violet|#585562|1|300 30 10
ral||Club grey|#595466|1|300 30 15
ral||Mulberry mauve black|#59536C|1|300 30 20
ral||Evening mauve|#595272|1|300 30 25
ral||Opera blue|#595278|1|300 30 30
ral||Deep violet|#57517E|1|300 30 35
ral||Sage violet|#565084|1|300 30 40
ral||Baroque grey|#6C6A70|1|300 40 05
ral||Gobelin mauve|#6B6775|1|300 40 10
ral||Orchid grey|#6B657B|1|300 40 15
ral||Old mauve|#6C6581|1|300 40 20
ral||Parma mauve|#6C6488|1|300 40 25
ral||Wool violet|#6C638E|1|300 40 30
ral||Fine purple|#6B6293|1|300 40 35
ral||Clematis blue|#696099|1|300 40 40
ral||Coronation blue|#6860A1|1|300 40 45
ral||Hawk grey|#807E85|1|300 50 05
ral||Violet grey|#817C8B|1|300 50 10
ral||Capercaillie mauve|#817B92|1|300 50 15
ral||Parisian violet|#817999|1|300 50 20
ral||Tulip violet|#8178A0|1|300 50 25
ral||Toy mauve|#8177A7|1|300 50 30
ral||Wintertime mauve|#8277AE|1|300 50 35
ral||Clear mauve|#8075B4|1|300 50 40
ral||Partridge grey|#98969E|1|300 60 05
ral||Rose grey|#9893A3|1|300 60 10
ral||Antique viola|#9992AB|1|300 60 15
ral||Larkspur violet|#9990B1|1|300 60 20
ral||Silk lilac|#988EB8|1|300 60 25
ral||Heliotropic mauve|#988DC0|1|300 60 30
ral||Amethyst grey|#978BC6|1|300 60 35
ral||Velvet grey|#B0AEB7|1|300 70 05
ral||Morning mist grey|#B1ABBC|1|300 70 10
ral||Eyeshadow viola|#B1AAC4|1|300 70 15
ral||Lavender violet|#B2A9CB|1|300 70 20
ral||Pink lavender|#B2A7D2|1|300 70 25
ral||Hazy mauve|#CAC8D0|1|300 80 05
ral||Pale violet|#C9C5D8|1|300 80 10
ral||Ice mauve|#CBC4DE|1|300 80 15
ral||Delicate viola|#D5D4DA|1|300 85 05
ral||Powder viola white|#D8D1E4|1|300 85 10
ral||Translucent white|#E4E2E8|1|300 90 05
ral||Obsidian lava black|#4F4658|1|310 20 20
ral||Operetta mauve|#51445D|1|310 20 25
ral||Powerful violet|#4F4261|1|310 20 30
ral||Dark grey mauve|#5F5667|1|310 30 15
ral||Powerful mauve|#5E536B|1|310 30 20
ral||English violet|#615270|1|310 30 25
ral||Crystal purple|#635176|1|310 30 30
ral||Succinct violet|#625078|1|310 30 35
ral||Loden purple|#654F7F|1|310 30 40
ral||Dark pink|#706976|1|310 40 10
ral||Violet haze|#73687C|1|310 40 15
ral||Indigo red|#756781|1|310 40 20
ral||Charoite violet|#766587|1|310 40 25
ral||Royal purple|#76628A|1|310 40 30
ral||Magenta violet|#776190|1|310 40 35
ral||Pure mauve|#7A6196|1|310 40 40
ral||Dull mauve|#857D8C|1|310 50 10
ral||Batik lilac|#867C92|1|310 50 15
ral||Provence violet|#8A7B97|1|310 50 20
ral||Baroness mauve|#8C799E|1|310 50 25
ral||Bitter violet|#8D77A4|1|310 50 30
ral||Violet rose|#8D75A8|1|310 50 35
ral||Orchid mauve|#8F74AE|1|310 50 40
ral||Gentle mauve|#9B93A3|1|310 60 10
ral||Smoky mauve|#9F92AA|1|310 60 15
ral||Saffron blossom mauve|#A291B0|1|310 60 20
ral||Flirty pink|#A48FB5|1|310 60 25
ral||Peony mauve|#A58DBA|1|310 60 30
ral||Lilac purple|#A78AC3|1|310 60 35
ral||Amorphous rose|#B5ACBB|1|310 70 10
ral||Transparent mauve|#B8AAC2|1|310 70 15
ral||Blue pink|#B9A8C7|1|310 70 20
ral||Glass violet|#BBA7CE|1|310 70 25
ral||Powder viola|#CDC5D5|1|310 80 10
ral||Orchid violet|#D1C4DB|1|310 80 15
ral||Fairy pink|#D6D3DA|1|310 85 05
ral||Tricot lilac white|#DBD1E2|1|310 85 10
ral||Wallflower white|#E8E3E7|1|310 90 05
ral||Lava black|#4D494E|1|320 20 05
ral||Obsidian red|#4E464F|1|320 20 10
ral||Spinel violet|#4F4451|1|320 20 15
ral||Aubergine mauve|#534455|1|320 20 20
ral||Dark purple|#534259|1|320 20 25
ral||Violet black|#5B565B|1|320 30 05
ral||Stone violet|#5D545E|1|320 30 10
ral||Amethyst dark violet|#605161|1|320 30 15
ral||Dark blackberry|#634F66|1|320 30 20
ral||Purpurite violet|#664E6A|1|320 30 25
ral||Damson mauve|#674C6E|1|320 30 30
ral||Grape purple|#694B73|1|320 30 35
ral||Lounge violet|#6C4B77|1|320 30 37
ral||Slate mauve|#6E696F|1|320 40 05
ral||Olivine basalt|#716672|1|320 40 10
ral||Antique grey|#746477|1|320 40 15
ral||Basil mauve|#77627B|1|320 40 20
ral||Gladiola violet|#796080|1|320 40 25
ral||Cabbage blossom violet|#7D5D83|1|320 40 30
ral||Lilac violet|#7F5A87|1|320 40 35
ral||Violet purple|#82598E|1|320 40 40
ral||Grey violet|#827C83|1|320 50 05
ral||British grey mauve|#867987|1|320 50 10
ral||Parma grey|#89778C|1|320 50 15
ral||Cyclamen|#8E7793|1|320 50 20
ral||Poetry mauve|#907397|1|320 50 25
ral||Viola grey|#94729D|1|320 50 30
ral||Aster violetta|#966D9F|1|320 50 35
ral||Empire violet|#996FA7|1|320 50 40
ral||Aragonite grey|#9A949C|1|320 60 05
ral||Chalk violet|#9E929F|1|320 60 10
ral||Amethyst grey violet|#A28FA5|1|320 60 15
ral||Wonder violet|#A58BA9|1|320 60 20
ral||Nightshade violet|#A889AF|1|320 60 25
ral||Lobby lilac|#AC87B5|1|320 60 30
ral||Blackberry sorbet|#AE85B9|1|320 60 35
ral||Elderberry grey|#B2ACB3|1|320 70 05
ral||Bellflower violet|#B6A9B9|1|320 70 10
ral||Quartz violet|#B9A6BE|1|320 70 15
ral||Beach lilac|#C0A5C6|1|320 70 20
ral||Lilac pink|#C3A2CA|1|320 70 25
ral||Light violet|#CDC7CD|1|320 80 05
ral||Amethyst light violet|#D1C4D3|1|320 80 10
ral||Cosmetic mauve|#D4C0D6|1|320 80 15
ral||Blackberry cream|#D8D1D9|1|320 85 05
ral||Ametrine quartz|#DDCFDF|1|320 85 10
ral||Apatite pink|#E8E1E6|1|320 90 05
ral||Profound mauve|#554251|1|330 20 20
ral||Opulent mauve|#5A4256|1|330 20 25
ral||Currant violet|#645361|1|330 30 15
ral||Mexican purple|#685164|1|330 30 20
ral||Parma plum red|#6B4E66|1|330 30 25
ral||Intense purple|#704C6A|1|330 30 30
ral||Opulent purple|#734B6E|1|330 30 35
ral||Intense mauve|#75476F|1|330 30 40
ral||Patina violet|#746772|1|330 40 10
ral||Dark purple grey|#786576|1|330 40 15
ral||Amaranth red|#7D647A|1|330 40 20
ral||Deep magenta|#81627D|1|330 40 25
ral||Phloxflower violet|#885F81|1|330 40 30
ral||Thistle mauve|#8B5D84|1|330 40 35
ral||Visiona red|#8C5885|1|330 40 40
ral||Purpurite red|#8F5788|1|330 40 45
ral||Burlap grey|#897A86|1|330 50 10
ral||Sapphire pink|#8F7A8C|1|330 50 15
ral||Dianthus mauve|#947790|1|330 50 20
ral||Crystal pink|#987593|1|330 50 25
ral||Tulipan violet|#9D7399|1|330 50 30
ral||Violet red|#A0709C|1|330 50 35
ral||Orchid purple|#A56D9E|1|330 50 40
ral||Greige violet|#A1929F|1|330 60 10
ral||Vesuvian violet|#A791A4|1|330 60 15
ral||Gentian violet|#AD8EA8|1|330 60 20
ral||Wilhelminian pink|#AF8AA9|1|330 60 25
ral||Stage mauve|#B588AF|1|330 60 30
ral||Cheddar pink mauve|#BB85B3|1|330 60 35
ral||Colombo red mauve|#BE82B7|1|330 60 40
ral||Mist pink|#BCABB9|1|330 70 10
ral||Leek blossom pink|#BFA7BB|1|330 70 15
ral||Strawberry pink|#C5A6C0|1|330 70 20
ral||Purple pink|#CCA3C5|1|330 70 25
ral||Clover pink|#D0A1C7|1|330 70 30
ral||Purple white|#D5C4D1|1|330 80 10
ral||Lovely pink|#DAC1D5|1|330 80 15
ral||Designer pink|#E2BFD9|1|330 80 20
ral||Light magnolia rose|#D9D3D9|1|330 85 05
ral||Raspberry pink|#E2D1DE|1|330 85 10
ral||Heavenly pink|#E8CEE1|1|330 85 15
ral||Delicacy white|#EBE2E5|1|330 90 05
ral||Liquorice black|#4D474B|1|340 20 05
ral||Mangosteen violet|#50444A|1|340 20 10
ral||Sitter red|#53414B|1|340 20 15
ral||Juice violet|#58414E|1|340 20 20
ral||Prestige mauve|#5F4252|1|340 20 25
ral||Apple herb black|#5C5559|1|340 30 05
ral||Passionfruit mauve|#61525A|1|340 30 10
ral||Dark fig violet|#66505C|1|340 30 15
ral||Ruby violet|#6A4E5E|1|340 30 20
ral||Blackberry deep red|#6F4C62|1|340 30 25
ral||Deep red|#714963|1|340 30 30
ral||Velvet mauve|#754664|1|340 30 35
ral||Forest fruit red|#7A4366|1|340 30 38
ral||Mauve brown|#6F676B|1|340 40 05
ral||Spinel grey|#76646D|1|340 40 10
ral||Earth brown violet|#7B6270|1|340 40 15
ral||Dahlia matte red|#805F72|1|340 40 20
ral||Brocade violet|#855D76|1|340 40 25
ral||Madder magenta|#895A78|1|340 40 30
ral||Club mauve|#8B557A|1|340 40 35
ral||Cherry red|#90527B|1|340 40 40
ral||Magenta red|#994F80|1|340 40 45
ral||Jubilee grey|#857C81|1|340 50 05
ral||Port wine red|#8C7984|1|340 50 10
ral||Raw garnet viola|#927686|1|340 50 15
ral||Milkwort red|#987489|1|340 50 20
ral||Rust magenta|#9D708B|1|340 50 25
ral||Raspberry jelly red|#A26D8E|1|340 50 30
ral||Thimble red|#A56890|1|340 50 35
ral||Cyclamen red|#AD6693|1|340 50 40
ral||Brilliant carmine|#B26295|1|340 50 45
ral||Heather red grey|#9E959A|1|340 60 05
ral||Piano mauve|#A48F9B|1|340 60 10
ral||Evening pink|#AC8D9F|1|340 60 15
ral||Capri fashion pink|#B08AA1|1|340 60 20
ral||Antique hot pink|#B587A3|1|340 60 25
ral||Cheek red|#BA84A6|1|340 60 30
ral||Hollyhock blossom pink|#C181A9|1|340 60 35
ral||Bishop red|#C87CAD|1|340 60 40
ral||Mauve grey|#B6ACB1|1|340 70 05
ral||Buckwheat mauve|#BCA8B3|1|340 70 10
ral||Hollyhock pink|#C5A6B8|1|340 70 15
ral||Idyllic pink|#CBA3BB|1|340 70 20
ral||Morning glory pink|#CE9FBB|1|340 70 25
ral||Soft fuschia|#D69CC0|1|340 70 30
ral||Firm pink|#DD99C4|1|340 70 35
ral||Piano grey rose|#D1C7CA|1|340 80 05
ral||Mint blossom rose|#D9C4D0|1|340 80 10
ral||Scandalous rose|#E0C0D2|1|340 80 15
ral||Bonbon rose|#E7BDD4|1|340 80 20
ral||Strawberry cream|#DDD2D8|1|340 85 05
ral||Light flamingo pink|#E5CFDB|1|340 85 10
ral||Lacquer mauve|#EECDDF|1|340 85 15
ral||Rose white|#EBE1E4|1|340 90 05
ral||Dress pink|#F1E8ED|1|340 93 05
ral||Mulled wine red|#514449|1|350 20 10
ral||Soft red|#57444B|1|350 20 15
ral||Star ruby|#5C414B|1|350 20 20
ral||Chilli black red|#5F404C|1|350 20 25
ral||Tulip poplar purple|#653D4E|1|350 20 30
ral||Sparrow grey red|#625158|1|350 30 10
ral||Siliceous red|#684F59|1|350 30 15
ral||Liqueur red|#6F4E5B|1|350 30 20
ral||Wine gummy red|#744B5C|1|350 30 25
ral||Burlat red|#7A4A5E|1|350 30 30
ral||Bordeaux red|#7B465E|1|350 30 35
ral||Dried flower purple|#804360|1|350 30 40
ral||Aubergine grey|#77656C|1|350 40 10
ral||Opium mauve|#7D626D|1|350 40 15
ral||Grey carmine|#835F6F|1|350 40 20
ral||Nectar red|#875C6F|1|350 40 25
ral||Dark rose|#8F5971|1|350 40 30
ral||Bonbon red|#945573|1|350 40 35
ral||Cyclamen red|#985374|1|350 40 40
ral||Powder red|#9D5075|1|350 40 45
ral||Madder red|#A24B76|1|350 40 50
ral||Innocent pink|#8D7981|1|350 50 10
ral||Blunt violet|#937682|1|350 50 15
ral||Corundum red|#9B7385|1|350 50 20
ral||Batik pink|#A27086|1|350 50 25
ral||Beryl red|#A76E88|1|350 50 30
ral||Crimson|#AF6888|1|350 50 35
ral||Madder rose|#B56589|1|350 50 40
ral||Signal pink|#B6618B|1|350 50 45
ral||Nail polish pink|#C25E8B|1|350 50 50
ral||Art Nouveau violet|#A59099|1|350 60 10
ral||Mohair pink|#AC8C9A|1|350 60 15
ral||Heather violet|#B58B9D|1|350 60 20
ral||Heather rose|#BC869D|1|350 60 25
ral||Venetian pink|#C4839F|1|350 60 30
ral||Dolomite red|#C87FA0|1|350 60 35
ral||Camellia pink|#D07CA1|1|350 60 40
ral||Persian pink|#D378A4|1|350 60 45
ral||Cold pink|#BFAAB1|1|350 70 10
ral||Shady pink|#C7A5B3|1|350 70 15
ral||Ladyï¿½s cushions pink|#CB9FB3|1|350 70 20
ral||Coral pink|#D69FB6|1|350 70 25
ral||Techno pink|#DE9BB8|1|350 70 30
ral||Chewing gum pink|#E498B9|1|350 70 35
ral||Magnolia white|#D9C1CA|1|350 80 10
ral||Spring pink|#E0BFCB|1|350 80 15
ral||Light pink|#E9BCCF|1|350 80 20
ral||Fairy white|#DDD2D7|1|350 85 05
ral||Orchid rose|#E7CFD9|1|350 85 10
ral||Pale pink|#EECCD9|1|350 85 15
ral||Light rose|#EEE1E2|1|350 90 05
ral||Ranuncula white|#F4DBE5|1|350 90 10
ral||Clichy white|#F4E8EC|1|350 93 05
ral||Piermont stone red|#574247|1|360 20 15
ral||Soot red|#5D5456|1|360 30 05
ral||Peppercorn red|#635156|1|360 30 10
ral||Zinfandel red|#684E56|1|360 30 15
ral||Art deco red|#704D57|1|360 30 20
ral||Clinker red|#734956|1|360 30 25
ral||Cherry juice red|#784657|1|360 30 30
ral||Palace red|#814456|1|360 30 35
ral||Ember red|#834257|1|360 30 40
ral||Roasted black|#726769|1|360 40 05
ral||Mocha brown|#766369|1|360 40 10
ral||Ruby grey|#7D6069|1|360 40 15
ral||Baroque red|#845D69|1|360 40 20
ral||Frenzied red|#8A5A68|1|360 40 25
ral||Redcurrant|#91576A|1|360 40 30
ral||Orient pink|#97546B|1|360 40 35
ral||Aurora magenta|#9E506C|1|360 40 40
ral||Cardinal red|#A24D6A|1|360 40 45
ral||Parlour red|#A94669|1|360 40 50
ral||Pumice grey|#887C7E|1|360 50 05
ral||Pomace red|#8D787E|1|360 50 10
ral||Evening crimson|#95747E|1|360 50 15
ral||Copper pink|#9B727F|1|360 50 20
ral||Art Nouveau pink|#A46E7D|1|360 50 25
ral||Cosmetic red|#AA6B80|1|360 50 30
ral||Indian pink|#B26780|1|360 50 35
ral||Kir royale rose|#B96680|1|360 50 40
ral||Cockscomb red|#C06281|1|360 50 45
ral||Persian red|#C45D80|1|360 50 50
ral||Ash pink|#9F9497|1|360 60 05
ral||Majolica mauve|#A58F95|1|360 60 10
ral||Fig fruit mauve|#AE8D96|1|360 60 15
ral||Noble lilac|#B78A97|1|360 60 20
ral||Light red|#BD8597|1|360 60 25
ral||Tea blossom pink|#B9ADB0|1|360 70 05
ral||Quartz pink|#C0A7AE|1|360 70 10
ral||Opaline pink|#C9A5AF|1|360 70 15
ral||Mother-of-pearl pink|#D3C7C9|1|360 80 05
ral||Venetian pink|#DBC2C8|1|360 80 10
ral||Soap pink|#E4BFC9|1|360 80 15
ral||Theatre powder rose|#E0D2D4|1|360 85 05
ral||Lotus pink|#E8CFD5|1|360 85 10
ral||Ice pink|#F1E2E1|1|360 90 05
ral||Cake frosting|#F7DDE3|1|360 90 10
ral||Arrowhead white|#F6E8E9|1|360 93 05
ral||Green beige|#CDBA88|1|1000
ral||Beige|#D0B084|1|1001
ral||Sand yellow|#D2AA6D|1|1002
ral||Signal yellow|#F9A900|1|1003
ral||Golden yellow|#E49E00|1|1004
ral||Honey yellow|#CB8F00|1|1005
ral||Maize yellow|#E19000|1|1006
ral||Daffodil yellow|#E88C00|1|1007
ral||Brown beige|#AF8050|1|1011
ral||Lemon yellow|#DDAF28|1|1012
ral||Oyster white|#E3D9C7|1|1013
ral||Ivory|#DDC49B|1|1014
ral||Light ivory|#E6D2B5|1|1015
ral||Sulfur yellow|#F1DD39|1|1016
ral||Saffron yellow|#F6A951|1|1017
ral||Zinc yellow|#FACA31|1|1018
ral||Grey beige|#A48F7A|1|1019
ral||Olive yellow|#A08F65|1|1020
ral||Colza yellow|#F6B600|1|1021
ral||Traffic yellow|#F7B500|1|1023
ral||Ochre yellow|#BA8F4C|1|1024
ral||Luminous yellow|#FFFF00|1|1026
ral||Curry|#A77F0F|1|1027
ral||Melon yellow|#FF9C00|1|1028
ral||Broom yellow|#E2A300|1|1032
ral||Dahlia yellow|#F99A1D|1|1033
ral||Pastel yellow|#EB9C52|1|1034
ral||Pearl beige|#8F8370|1|1035
ral||Pearl gold|#806440|1|1036
ral||Sun yellow|#F09200|1|1037
ral||Yellow orange|#DA6E00|1|2000
ral||Red orange|#BA481C|1|2001
ral||Vermilion|#BF3922|1|2002
ral||Pastel orange|#F67829|1|2003
ral||Pure orange|#E25304|1|2004
ral||Luminous orange|#FF4D08|1|2005
ral||Luminous bright orange|#FFB200|1|2007
ral||Bright red orange|#EC6B22|1|2008
ral||Traffic orange|#DE5308|1|2009
ral||Signal orange|#D05D29|1|2010
ral||Deep orange|#E26E0F|1|2011
ral||Salmon orange|#D5654E|1|2012
ral||Pearl orange|#923E25|1|2013
ral||RAL orange|#FC5500|1|2017
ral||Flame red|#A72920|1|3000
ral||Signal red|#9B2423|1|3001
ral||Carmine red|#9B2321|1|3002
ral||Ruby red|#861A22|1|3003
ral||Purple red|#6B1C23|1|3004
ral||Wine red|#59191F|1|3005
ral||Black red|#3E2022|1|3007
ral||Oxide red|#6D342D|1|3009
ral||Brown red|#782423|1|3011
ral||Beige red|#C5856D|1|3012
ral||Tomato red|#972E25|1|3013
ral||Antique pink|#CB7375|1|3014
ral||Light pink|#D8A0A6|1|3015
ral||Coral red|#A63D30|1|3016
ral||Rose|#CA555D|1|3017
ral||Strawberry red|#C63F4A|1|3018
ral||Traffic red|#BB1F11|1|3020
ral||Salmon pink|#CF6955|1|3022
ral||Luminous red|#FF2D21|1|3024
ral||Luminous bright red|#FF2A1C|1|3026
ral||Raspberry red|#AB273C|1|3027
ral||Pure red|#CC2C24|1|3028
ral||Orient red|#A63437|1|3031
ral||Pearl ruby red|#701D24|1|3032
ral||Pearl pink|#A53A2E|1|3033
ral||Red lilac|#816183|1|4001
ral||Red violet|#8D3C4B|1|4002
ral||Heather violet|#C4618C|1|4003
ral||Claret violet|#651E38|1|4004
ral||Blue lilac|#76689A|1|4005
ral||Traffic purple|#903373|1|4006
ral||Purple violet|#47243C|1|4007
ral||Signal violet|#844C82|1|4008
ral||Pastel violet|#9D8692|1|4009
ral||Telemagenta|#BB4077|1|4010
ral||Pearl violet|#6E6387|1|4011
ral||Pearl blackberry|#6A6B7F|1|4012
ral||Violet blue|#304F6E|1|5000
ral||Green blue|#0E4C64|1|5001
ral||Ultramarine blue|#00387A|1|5002
ral||Sapphire blue|#1F3855|1|5003
ral||Black blue|#191E28|1|5004
ral||Signal blue|#005387|1|5005
ral||Brillant blue|#376B8C|1|5007
ral||Grey blue|#2B3A44|1|5008
ral||Azure blue|#215F78|1|5009
ral||Gentian blue|#004F7C|1|5010
ral||Steel blue|#1A2B3C|1|5011
ral||Light blue|#0089B6|1|5012
ral||Cobalt blue|#193153|1|5013
ral||Pigeon blue|#637D96|1|5014
ral||Sky blue|#007CAF|1|5015
ral||Traffic blue|#005B8C|1|5017
ral||Turquoise blue|#048B8C|1|5018
ral||Capri blue|#005E83|1|5019
ral||Ocean blue|#00414B|1|5020
ral||Water blue|#007577|1|5021
ral||Night blue|#222D5A|1|5022
ral||Distant blue|#41698C|1|5023
ral||Pastel blue|#6093AC|1|5024
ral||Pearl gentian blue|#20697C|1|5025
ral||Pearl night blue|#0F3052|1|5026
ral||Patina green|#3C7460|1|6000
ral||Emerald green|#366735|1|6001
ral||Leaf green|#325928|1|6002
ral||Olive green|#50533C|1|6003
ral||Blue green|#024442|1|6004
ral||Moss green|#114232|1|6005
ral||Grey olive|#3C392E|1|6006
ral||Bottle green|#2C3222|1|6007
ral||Brown green|#36342A|1|6008
ral||Fir green|#27352A|1|6009
ral||Grass green|#4D6F39|1|6010
ral||Reseda green|#6B7C59|1|6011
ral||Black green|#2F3D3A|1|6012
ral||Reed green|#7C765A|1|6013
ral||Yellow olive|#474135|1|6014
ral||Black olive|#3D3D36|1|6015
ral||Turquoise green|#00694C|1|6016
ral||May green|#587F40|1|6017
ral||Yellow green|#60993B|1|6018
ral||Pastel green|#B9CEAC|1|6019
ral||Chrome green|#37422F|1|6020
ral||Pale green|#8A9977|1|6021
ral||Olive drab|#3A3327|1|6022
ral||Traffic green|#008351|1|6024
ral||Fern green|#5E6E3B|1|6025
ral||Opal green|#005F4E|1|6026
ral||Light green|#7EBAB5|1|6027
ral||Pine green|#315442|1|6028
ral||Mint green|#006F3D|1|6029
ral||Signal green|#237F52|1|6032
ral||Mint turquoise|#45877F|1|6033
ral||Pastel turquoise|#7AADAC|1|6034
ral||Pearl green|#194D25|1|6035
ral||Pearl opal green|#04574B|1|6036
ral||Pure green|#008B29|1|6037
ral||Luminous green |#00B51B|1|6038
ral||Fibrous green|#B3C43E|1|6039
ral||Squirrel grey|#7A888E|1|7000
ral||Silver grey|#8C979C|1|7001
ral||Olive grey|#817863|1|7002
ral||Moss grey|#797669|1|7003
ral||Signal grey|#9A9B9B|1|7004
ral||Mouse grey|#6B6E6B|1|7005
ral||Beige grey|#766A5E|1|7006
ral||Khaki grey|#745F3D|1|7008
ral||Green grey|#5D6058|1|7009
ral||Tarpaulin grey|#585C56|1|7010
ral||Iron grey|#52595D|1|7011
ral||Basalt grey|#575D5E|1|7012
ral||Brown grey|#575044|1|7013
ral||Slate grey|#4F5358|1|7015
ral||Anthracite grey|#383E42|1|7016
ral||Black grey|#2F3234|1|7021
ral||Umbra grey|#4C4A44|1|7022
ral||Concrete grey|#808076|1|7023
ral||Graphite grey|#45494E|1|7024
ral||Granite grey|#374345|1|7026
ral||Stone grey|#928E85|1|7030
ral||Blue grey|#5B686D|1|7031
ral||Pebble grey|#B5B0A1|1|7032
ral||Cement grey|#7F8274|1|7033
ral||Yellow grey|#92886F|1|7034
ral||Light grey|#C5C7C4|1|7035
ral||Platinum grey|#979392|1|7036
ral||Dusty grey|#7A7B7A|1|7037
ral||Agate grey|#B0B0A9|1|7038
ral||Quartz grey|#6B665E|1|7039
ral||Window grey|#989EA1|1|7040
ral||Traffic grey A|#8E9291|1|7042
ral||Traffic grey B|#4F5250|1|7043
ral||Silk grey|#B7B3A8|1|7044
ral||Telegrey 1|#8D9295|1|7045
ral||Telegrey 2|#7E868A|1|7046
ral||Telegrey 4|#C8C8C7|1|7047
ral||Pearl mouse grey|#817B73|1|7048
ral||Green brown|#89693F|1|8000
ral||Ochre brown|#9D622B|1|8001
ral||Signal brown|#794D3E|1|8002
ral||Clay brown|#7E4B27|1|8003
ral||Copper brown|#8D4931|1|8004
ral||Fawn brown|#70462B|1|8007
ral||Olive brown|#724A25|1|8008
ral||Nut brown|#5A3827|1|8011
ral||Red brown|#66332B|1|8012
ral||Sepia brown|#4A3526|1|8014
ral||Chestnut brown|#5E2F26|1|8015
ral||Mahogany brown|#4C2B20|1|8016
ral||Chocolate brown|#442F29|1|8017
ral||Grey brown|#3D3635|1|8019
ral||Black brown|#1A1719|1|8022
ral||Orange brown|#A45729|1|8023
ral||Beige brown|#795038|1|8024
ral||Pale brown|#755847|1|8025
ral||Terra brown|#513A2A|1|8028
ral||Pearl copper|#7F4031|1|8029
ral||Cream|#E9E0D2|1|9001
ral||Grey white|#D6D5CB|1|9002
ral||Signal white|#ECECE7|1|9003
ral||Signal black|#2B2B2C|1|9004
ral||Jet black|#0E0E10|1|9005
ral||White aluminium|#A1A1A0|1|9006
ral||Grey aluminium|#868581|1|9007
ral||Pure white|#F1EDE1|1|9010
ral||Graphite black|#27292B|1|9011
ral||Cleanroom White|#F8F2E1|1|9012
ral||Traffic white|#F1F1EA|1|9016
ral||Traffic black|#29292A|1|9017
ral||Papyrus white|#C8CBC4|1|9018
ral||Pearl light grey|#858583|1|9022
ral||Pearl dark grey|#787B7A|1|9023
ral||110-1|#E6E7E6|1|110-1
ral||110-2|#DEDDD5|1|110-2
ral||110-3|#C8C6BE|1|110-3
ral||110-4|#C6C7C4|1|110-4
ral||110-5|#C9CCC6|1|110-5
ral||110-6|#C8C8C7|1|110-6
ral||110-M|#A0A2A4|1|110-M
ral||120-1|#EDEDEA|1|120-1
ral||120-2|#F2F1EC|1|120-2
ral||120-3|#F0EEE5|1|120-3
ral||120-4|#E9E1D4|1|120-4
ral||120-5|#E2D9C6|1|120-5
ral||120-6|#EAE1CE|1|120-6
ral||120-M|#8F8D87|1|120-M
ral||130-1|#F2EDBB|1|130-1
ral||130-2|#F1EEC3|1|130-2
ral||130-3|#F0EECD|1|130-3
ral||130-4|#F8F0CF|1|130-4
ral||130-5|#EDE4BC|1|130-5
ral||130-6|#FBE5B0|1|130-6
ral||130-M|#ABAB90|1|130-M
ral||140-1|#FAD3A9|1|140-1
ral||140-2|#FEDAA6|1|140-2
ral||140-3|#FEE3C1|1|140-3
ral||140-4|#FDDFBE|1|140-4
ral||140-5|#F8E4C8|1|140-5
ral||140-6|#E5D2B6|1|140-6
ral||140-M|#B09E7E|1|140-M
ral||150-1|#F7EFE9|1|150-1
ral||150-2|#F9EBE3|1|150-2
ral||150-3|#EEE1D7|1|150-3
ral||150-4|#FBE3D4|1|150-4
ral||150-5|#FAE8DC|1|150-5
ral||150-6|#F8DFD7|1|150-6
ral||150-M|#AB978A|1|150-M
ral||160-1|#E3E1EC|1|160-1
ral||160-2|#E7E2E8|1|160-2
ral||160-3|#EDE8E8|1|160-3
ral||160-4|#EEE1E2|1|160-4
ral||160-5|#EFE4E0|1|160-5
ral||160-6|#ECE4E9|1|160-6
ral||160-M|#ADA6B5|1|160-M
ral||170-1|#C7C9D0|1|170-1
ral||170-2|#A6ADBD|1|170-2
ral||170-3|#BAC8DA|1|170-3
ral||170-4|#CEDBEC|1|170-4
ral||170-5|#C3C6D6|1|170-5
ral||170-6|#C6C5D6|1|170-6
ral||170-M|#A7A8B9|1|170-M
ral||180-1|#AEBCC6|1|180-1
ral||180-2|#B9CDDD|1|180-2
ral||180-3|#C7DBEB|1|180-3
ral||180-4|#C9E1EC|1|180-4
ral||180-5|#C7DDE1|1|180-5
ral||180-6|#DBE9EB|1|180-6
ral||180-M|#96A4A9|1|180-M
ral||190-1|#A5DADF|1|190-1
ral||190-2|#B9E6F2|1|190-2
ral||190-3|#C0DEE1|1|190-3
ral||190-4|#BDDAD7|1|190-4
ral||190-5|#D4E5E7|1|190-5
ral||190-6|#A3C1BF|1|190-6
ral||190-M|#92B4B2|1|190-M
ral||210-1|#CFC6B2|1|210-1
ral||210-2|#ECE7D2|1|210-2
ral||210-3|#E3E4D9|1|210-3
ral||210-4|#D6E6E3|1|210-4
ral||210-5|#D8E8E0|1|210-5
ral||210-6|#D8E9D6|1|210-6
ral||210-M|#A5A99B|1|210-M
ral||220-1|#66B872|1|220-1
ral||220-2|#339A51|1|220-2
ral||220-3|#006F3C|1|220-3
ral||220-4|#088554|1|220-4
ral||220-5|#267E51|1|220-5
ral||220-6|#006A4D|1|220-6
ral||220-M|#007F3E|1|220-M
ral||230-1|#BBDB9A|1|230-1
ral||230-2|#96C86C|1|230-2
ral||230-3|#7DB344|1|230-3
ral||230-4|#5F973A|1|230-4
ral||230-5|#396938|1|230-5
ral||230-6|#365C30|1|230-6
ral||230-M|#62A74E|1|230-M
ral||240-1|#DCD691|1|240-1
ral||240-2|#AAAF66|1|240-2
ral||240-3|#939755|1|240-3
ral||240-4|#7E7E42|1|240-4
ral||240-5|#5D6D3C|1|240-5
ral||240-6|#4F6D35|1|240-6
ral||240-M|#627439|1|240-M
ral||250-1|#EEE6A5|1|250-1
ral||250-2|#E8DE6F|1|250-2
ral||250-3|#BFB700|1|250-3
ral||250-4|#A4A541|1|250-4
ral||250-5|#919138|1|250-5
ral||250-6|#69652C|1|250-6
ral||250-M|#AEA73B|1|250-M
ral||260-1|#F3E9B4|1|260-1
ral||260-2|#F1E483|1|260-2
ral||260-3|#F3D446|1|260-3
ral||260-4|#E8C01F|1|260-4
ral||260-5|#DEB02D|1|260-5
ral||260-6|#EFB416|1|260-6
ral||260-M|#B8944F|1|260-M
ral||270-1|#FFDE83|1|270-1
ral||270-2|#FACC39|1|270-2
ral||270-3|#F4BD16|1|270-3
ral||270-4|#EBB100|1|270-4
ral||270-5|#F6B600|1|270-5
ral||270-6|#FEC43F|1|270-6
ral||270-M|#CB9437|1|270-M
ral||280-1|#FDE193|1|280-1
ral||280-2|#F0D391|1|280-2
ral||280-3|#E1BE78|1|280-3
ral||280-4|#D6AE5F|1|280-4
ral||280-5|#DCA140|1|280-5
ral||280-6|#D0973C|1|280-6
ral||280-M|#B28740|1|280-M
ral||290-1|#D89B50|1|290-1
ral||290-2|#BF853B|1|290-2
ral||290-3|#D8A960|1|290-3
ral||290-4|#CC921B|1|290-4
ral||290-5|#E6B03E|1|290-5
ral||290-6|#FCAB04|1|290-6
ral||290-M|#B87E32|1|290-M
ral||310-1|#F5D6B4|1|310-1
ral||310-2|#EBC297|1|310-2
ral||310-3|#DFAB73|1|310-3
ral||310-4|#D09355|1|310-4
ral||310-5|#BA7C43|1|310-5
ral||310-6|#8E5B2D|1|310-6
ral||310-M|#B87D4F|1|310-M
ral||320-1|#D2A96C|1|320-1
ral||320-2|#AE8151|1|320-2
ral||320-3|#B9864C|1|320-3
ral||320-4|#A06735|1|320-4
ral||320-5|#7F4E2E|1|320-5
ral||320-6|#6E4428|1|320-6
ral||320-M|#B9731E|1|320-M
ral||330-1|#A86859|1|330-1
ral||330-2|#8E4B35|1|330-2
ral||330-3|#794E3E|1|330-3
ral||330-4|#5C3B2D|1|330-4
ral||330-5|#50312A|1|330-5
ral||330-6|#46322E|1|330-6
ral||330-M|#8B5943|1|330-M
ral||340-1|#BEA4A9|1|340-1
ral||340-2|#A48C92|1|340-2
ral||340-3|#7F5452|1|340-3
ral||340-4|#683D40|1|340-4
ral||340-5|#4F2A2D|1|340-5
ral||340-6|#4F2B31|1|340-6
ral||340-M|#53353B|1|340-M
ral||350-1|#9D311F|1|350-1
ral||350-2|#A73F32|1|350-2
ral||350-3|#A24733|1|350-3
ral||350-4|#813021|1|350-4
ral||350-5|#783122|1|350-5
ral||350-6|#66322B|1|350-6
ral||350-M|#582F2A|1|350-M
ral||360-1|#E07D29|1|360-1
ral||360-2|#D9751E|1|360-2
ral||360-3|#C66217|1|360-3
ral||360-4|#B75629|1|360-4
ral||360-5|#9A4F2C|1|360-5
ral||360-6|#915033|1|360-6
ral||360-M|#A45633|1|360-M
ral||370-1|#FFAE47|1|370-1
ral||370-2|#FF9B38|1|370-2
ral||370-3|#FF901D|1|370-3
ral||370-4|#E68316|1|370-4
ral||370-5|#D4781F|1|370-5
ral||370-6|#CD6C10|1|370-6
ral||370-M|#B47A3C|1|370-M
ral||380-1|#FF9B29|1|380-1
ral||380-2|#FF9204|1|380-2
ral||380-3|#FA841A|1|380-3
ral||380-4|#E27121|1|380-4
ral||380-5|#F2782F|1|380-5
ral||380-6|#EA6A24|1|380-6
ral||380-M|#A7552A|1|380-M
ral||390-1|#EB773F|1|390-1
ral||390-2|#E36125|1|390-2
ral||390-3|#DE5411|1|390-3
ral||390-4|#D8511C|1|390-4
ral||390-5|#D8480F|1|390-5
ral||390-6|#CD5E2A|1|390-6
ral||390-M|#BF633B|1|390-M
ral||410-1|#ED8165|1|410-1
ral||410-2|#EA734F|1|410-2
ral||410-3|#E46440|1|410-3
ral||410-4|#DC5D38|1|410-4
ral||410-5|#D25535|1|410-5
ral||410-6|#D05D42|1|410-6
ral||410-M|#AB4924|1|410-M
ral||420-1|#EDAE9A|1|420-1
ral||420-2|#F29D86|1|420-2
ral||420-3|#E98A6C|1|420-3
ral||420-4|#E46443|1|420-4
ral||420-5|#CC5738|1|420-5
ral||420-6|#BF502E|1|420-6
ral||420-M|#9D4B32|1|420-M
ral||430-1|#F2C2B6|1|430-1
ral||430-2|#EC998B|1|430-2
ral||430-3|#E48074|1|430-3
ral||430-4|#DD5A4C|1|430-4
ral||430-5|#D5433C|1|430-5
ral||430-6|#BE3A24|1|430-6
ral||430-M|#A84C45|1|430-M
ral||440-1|#CA383C|1|440-1
ral||440-2|#D34C49|1|440-2
ral||440-3|#BA3C3E|1|440-3
ral||440-4|#9B2929|1|440-4
ral||440-5|#A63129|1|440-5
ral||440-6|#B93525|1|440-6
ral||440-M|#9B252C|1|440-M
ral||450-1|#F4C7CA|1|450-1
ral||450-2|#EDA5AA|1|450-2
ral||450-3|#E07A81|1|450-3
ral||450-4|#C85862|1|450-4
ral||450-5|#B2312F|1|450-5
ral||450-6|#BB201D|1|450-6
ral||450-M|#A71616|1|450-M
ral||460-1|#EFA3A7|1|460-1
ral||460-2|#E37F89|1|460-2
ral||460-3|#DF6368|1|460-3
ral||460-4|#D35254|1|460-4
ral||460-5|#A8373B|1|460-5
ral||460-6|#8B1B28|1|460-6
ral||460-M|#AE363B|1|460-M
ral||470-1|#F0B3C1|1|470-1
ral||470-2|#E68B9D|1|470-2
ral||470-3|#DE7383|1|470-3
ral||470-4|#CA4D67|1|470-4
ral||470-5|#AC2D4C|1|470-5
ral||470-6|#9C223F|1|470-6
ral||470-M|#B14F5D|1|470-M
ral||480-1|#F5CAC9|1|480-1
ral||480-2|#F5C0BE|1|480-2
ral||480-3|#EEBABC|1|480-3
ral||480-4|#EEA5B1|1|480-4
ral||480-5|#E9909E|1|480-5
ral||480-6|#DA6C82|1|480-6
ral||480-M|#A87579|1|480-M
ral||490-1|#F3CFD0|1|490-1
ral||490-2|#F7CAC3|1|490-2
ral||490-3|#E89A92|1|490-3
ral||490-4|#C37B77|1|490-4
ral||490-5|#BE7F8C|1|490-5
ral||490-6|#D29EA8|1|490-6
ral||490-M|#A77D88|1|490-M
ral||510-1|#ECC8DC|1|510-1
ral||510-2|#E0A5CB|1|510-2
ral||510-3|#D584B1|1|510-3
ral||510-4|#C4638D|1|510-4
ral||510-5|#BA4877|1|510-5
ral||510-6|#9A3B6A|1|510-6
ral||510-M|#8C3D71|1|510-M
ral||520-1|#EFD2DF|1|520-1
ral||520-2|#E8BAD2|1|520-2
ral||520-3|#DCA5C0|1|520-3
ral||520-4|#BA7293|1|520-4
ral||520-5|#A04E6F|1|520-5
ral||520-6|#92526E|1|520-6
ral||520-M|#9E588B|1|520-M
ral||530-1|#98444D|1|530-1
ral||530-2|#8F3F4E|1|530-2
ral||530-3|#793644|1|530-3
ral||530-4|#7C2F4B|1|530-4
ral||530-5|#66253D|1|530-5
ral||530-6|#61294A|1|530-6
ral||530-M|#5C2D3A|1|530-M
ral||540-1|#D4C1D7|1|540-1
ral||540-2|#BEA1C1|1|540-2
ral||540-3|#805F83|1|540-3
ral||540-4|#966B98|1|540-4
ral||540-5|#81537A|1|540-5
ral||540-6|#562C51|1|540-6
ral||540-M|#562F4E|1|540-M
ral||550-1|#E0D1D9|1|550-1
ral||550-2|#D0BBC9|1|550-2
ral||550-3|#B292A8|1|550-3
ral||550-4|#9C7488|1|550-4
ral||550-5|#8D6177|1|550-5
ral||550-6|#784C5E|1|550-6
ral||550-M|#A78890|1|550-M
ral||560-1|#CCBCC7|1|560-1
ral||560-2|#B09CAD|1|560-2
ral||560-3|#8C6F80|1|560-3
ral||560-4|#775460|1|560-4
ral||560-5|#85727F|1|560-5
ral||560-6|#7D6E7F|1|560-6
ral||560-M|#A592A4|1|560-M
ral||570-1|#D1CEE8|1|570-1
ral||570-2|#C3BFE1|1|570-2
ral||570-3|#ADADDD|1|570-3
ral||570-4|#9B9ACF|1|570-4
ral||570-5|#8078B3|1|570-5
ral||570-6|#79689B|1|570-6
ral||570-M|#6B589A|1|570-M
ral||580-1|#C2CFE6|1|580-1
ral||580-2|#BCC7E0|1|580-2
ral||580-3|#A7B2D1|1|580-3
ral||580-4|#69749A|1|580-4
ral||580-5|#41506E|1|580-5
ral||580-6|#243154|1|580-6
ral||580-M|#636C86|1|580-M
ral||590-1|#666D9B|1|590-1
ral||590-2|#424276|1|590-2
ral||590-3|#2A366B|1|590-3
ral||590-4|#272F5B|1|590-4
ral||590-5|#142D58|1|590-5
ral||590-6|#093B7A|1|590-6
ral||590-M|#293862|1|590-M
ral||610-1|#6E8FAB|1|610-1
ral||610-2|#617A94|1|610-2
ral||610-3|#6D95B9|1|610-3
ral||610-4|#89B2D8|1|610-4
ral||610-5|#4777AE|1|610-5
ral||610-6|#436999|1|610-6
ral||610-M|#7897B5|1|610-M
ral||620-1|#34688A|1|620-1
ral||620-2|#6092AC|1|620-2
ral||620-3|#64818F|1|620-3
ral||620-4|#3A5A6A|1|620-4
ral||620-5|#14354B|1|620-5
ral||620-6|#1E2D3F|1|620-6
ral||620-M|#093246|1|620-M
ral||630-1|#51A3D3|1|630-1
ral||630-2|#446B8E|1|630-2
ral||630-3|#2E4E6F|1|630-3
ral||630-4|#2D4A6E|1|630-4
ral||630-5|#1F3454|1|630-5
ral||630-6|#193654|1|630-6
ral||630-M|#16304C|1|630-M
ral||640-1|#49A0C5|1|640-1
ral||640-2|#0087B5|1|640-2
ral||640-3|#007BAE|1|640-3
ral||640-4|#005C8C|1|640-4
ral||640-5|#00548A|1|640-5
ral||640-6|#004F7D|1|640-6
ral||640-M|#004E87|1|640-M
ral||650-1|#64B5D6|1|650-1
ral||650-2|#0077A0|1|650-2
ral||650-3|#006C97|1|650-3
ral||650-4|#005577|1|650-4
ral||650-5|#1D5B78|1|650-5
ral||650-6|#0A4962|1|650-6
ral||650-M|#00719D|1|650-M
ral||660-1|#0094B0|1|660-1
ral||660-2|#0B8DA8|1|660-2
ral||660-3|#51A5B8|1|660-3
ral||660-4|#3FB8CF|1|660-4
ral||660-5|#6CC3D4|1|660-5
ral||660-6|#8AC8D5|1|660-6
ral||660-M|#5597A9|1|660-M
ral||670-1|#8AD3EA|1|670-1
ral||670-2|#97DAEF|1|670-2
ral||670-3|#8FC5D6|1|670-3
ral||670-4|#69BBD3|1|670-4
ral||670-5|#5BB9D5|1|670-5
ral||670-6|#4EC2E6|1|670-6
ral||670-M|#74A7B8|1|670-M
ral||680-1|#72AABA|1|680-1
ral||680-2|#338FA4|1|680-2
ral||680-3|#177185|1|680-3
ral||680-4|#26768D|1|680-4
ral||680-5|#006A85|1|680-5
ral||680-6|#005B74|1|680-6
ral||680-M|#0E455C|1|680-M
ral||690-1|#3FBFCB|1|690-1
ral||690-2|#00A2AD|1|690-2
ral||690-3|#00838E|1|690-3
ral||690-4|#006C7B|1|690-4
ral||690-5|#00535F|1|690-5
ral||690-6|#005160|1|690-6
ral||690-M|#006773|1|690-M
ral||710-1|#78D1CD|1|710-1
ral||710-2|#00AAA7|1|710-2
ral||710-3|#058A8B|1|710-3
ral||710-4|#007476|1|710-4
ral||710-5|#005C60|1|710-5
ral||710-6|#0C4746|1|710-6
ral||710-M|#00686B|1|710-M
ral||720-1|#C2E3DE|1|720-1
ral||720-2|#A4E2DB|1|720-2
ral||720-3|#86D3D4|1|720-3
ral||720-4|#58BEC1|1|720-4
ral||720-5|#3393A0|1|720-5
ral||720-6|#197C86|1|720-6
ral||720-M|#1A949A|1|720-M
ral||730-1|#CBE7E2|1|730-1
ral||730-2|#98D3D3|1|730-2
ral||730-3|#7DB8BA|1|730-3
ral||730-4|#7BB9B4|1|730-4
ral||730-5|#79ACAC|1|730-5
ral||730-6|#46877F|1|730-6
ral||730-M|#62A293|1|730-M
ral||740-1|#C5DCCE|1|740-1
ral||740-2|#B3D6C9|1|740-2
ral||740-3|#95C3B2|1|740-3
ral||740-4|#498574|1|740-4
ral||740-5|#006F5B|1|740-5
ral||740-6|#005D4E|1|740-6
ral||740-M|#3A6F5F|1|740-M
ral||750-1|#BFD7C9|1|750-1
ral||750-2|#8FB4A0|1|750-2
ral||750-3|#3D7461|1|750-3
ral||750-4|#164234|1|750-4
ral||750-5|#335449|1|750-5
ral||750-6|#2E3C3B|1|750-6
ral||750-M|#17372D|1|750-M
ral||760-1|#D5E3CA|1|760-1
ral||760-2|#B8CDAA|1|760-2
ral||760-3|#B0BE9B|1|760-3
ral||760-4|#8B9B7A|1|760-4
ral||760-5|#6D7E5C|1|760-5
ral||760-6|#4A6448|1|760-6
ral||760-M|#334B2E|1|760-M
ral||770-1|#989D84|1|770-1
ral||770-2|#A9A88F|1|770-2
ral||770-3|#7A755A|1|770-3
ral||770-4|#817A66|1|770-4
ral||770-5|#B4AF9F|1|770-5
ral||770-6|#7E8273|1|770-6
ral||770-M|#8D8864|1|770-M
ral||780-1|#E9DECC|1|780-1
ral||780-2|#E7D6B9|1|780-2
ral||780-3|#DDC49A|1|780-3
ral||780-4|#D1B186|1|780-4
ral||780-5|#A38E79|1|780-5
ral||780-6|#74695C|1|780-6
ral||780-M|#B2A074|1|780-M
ral||790-1|#3E4849|1|790-1
ral||790-2|#3B4147|1|790-2
ral||790-3|#313538|1|790-3
ral||790-4|#302F32|1|790-4
ral||790-5|#212224|1|790-5
ral||790-6|#21232D|1|790-6
ral||790-M|#221F1D|1|790-M
ral||810-1|#979DA2|1|810-1
ral||810-2|#8A9499|1|810-2
ral||810-3|#79888E|1|810-3
ral||810-4|#5E6B73|1|810-4
ral||810-5|#51595D|1|810-5
ral||810-6|#394146|1|810-6
ral||810-M|#404649|1|810-M
ral||820-1|#C5C8CA|1|820-1
ral||820-2|#A9AEB2|1|820-2
ral||820-3|#8D9395|1|820-3
ral||820-4|#7D8589|1|820-4
ral||820-5|#50555C|1|820-5
ral||820-6|#444951|1|820-6
ral||820-M|#929191|1|820-M
ral||830-1|#BABCBA|1|830-1
ral||830-2|#A4A7A5|1|830-2
ral||830-3|#8D9291|1|830-3
ral||830-4|#6C706D|1|830-4
ral||830-5|#515554|1|830-5
ral||830-6|#575E60|1|830-6
ral||830-M|#82817F|1|830-M
ral||840-1|#E7E3D8|1|840-1
ral||840-2|#D7D5CC|1|840-2
ral||840-3|#B8B4A8|1|840-3
ral||840-4|#808077|1|840-4
ral||840-5|#5A5D54|1|840-5
ral||840-6|#474135|1|840-6
ral||840-M|#494440|1|840-M
ral||850-1|#C3C2B9|1|850-1
ral||850-2|#B1B1AA|1|850-2
ral||850-3|#A6A6A0|1|850-3
ral||850-4|#918D85|1|850-4
ral||850-5|#6B6760|1|850-5
ral||850-6|#4C4B46|1|850-6
ral||850-M|#625E59|1|850-M
ral||860-1|#D8DADB|1|860-1
ral||860-2|#CFD2D5|1|860-2
ral||860-3|#C1C2C4|1|860-3
ral||860-4|#9A9A9B|1|860-4
ral||860-5|#7A7A79|1|860-5
ral||860-6|#5B5F5F|1|860-6
ral||860-M|#A4A09F|1|860-M
ral||870-1|#D3D0D0|1|870-1
ral||870-2|#969392|1|870-2
ral||870-3|#636164|1|870-3
ral||870-4|#514D4E|1|870-4
ral||870-5|#4A4747|1|870-5
ral||870-6|#3D3737|1|870-6
ral||870-M|#4D4747|1|870-M
