Ridgway||Absinthe Green|#A6B46C|0|Plate XXXI
Ridgway||Acajou Red|#A15252|0|Plate XIII
Ridgway||Acetin Blue|#4E5D7B|0|Plate XXXV
Ridgway||Ackermann's Green|#528565|0|Plate XVIII
Ridgway||Aconite Violet|#8B678F|0|Plate XXXVII
Ridgway||Ageratum Violet|#A188A2|0|Plate XXXVII
Ridgway||Alice Blue|#83A1B2|0|Plate XXXIV
Ridgway||Alizarine Blue|#42577D|0|Plate XXI
Ridgway||Alizarine Pink|#E4979F|0|Plate XIII
Ridgway||Amaranth Pink|#F190CE|0|Plate XII
Ridgway||Amaranth Purple|#A73058|0|Plate XII
Ridgway||Amber Brown|#985B2C|0|Plate III
Ridgway||Amber Yellow|#F4D362|0|Plate XVI
Ridgway||American Green|#6F8D72|0|Plate XLI
Ridgway||Amethyst Violet|#823BAC|0|Plate XI
Ridgway||Amparo Blue|#7292EC|0|Plate IX
Ridgway||Amparo Purple|#B775CA|0|Plate XI
Ridgway||Andover Green|#717960|0|Plate XLVII
Ridgway||Aniline Black|#42403D|0|Plate L
Ridgway||Aniline Lilac|#AFB0C8|0|Plate XXXV
Ridgway||Aniline Yellow|#D5A414|0|Plate IV
Ridgway||Anthracene Green|#297069|0|Plate VII
Ridgway||Anthracene Purple|#604D51|0|Plate XLIV
Ridgway||Anthracene Violet|#5D4973|0|Plate XXV
Ridgway||Antimony Yellow|#F9B867|0|Plate XV
Ridgway||Antique Brown|#96662A|0|Plate III
Ridgway||Antique Green|#3F6352|0|Plate VI
Ridgway||Antwerp Blue|#085D93|0|Plate VIII
Ridgway||Apple Green|#B0BC69|0|Plate XVII
Ridgway||Apricot Buff|#E99A6C|0|Plate XIV
Ridgway||Apricot Orange|#F08455|0|Plate XIV
Ridgway||Apricot Yellow|#ECBE57|0|Plate IV
Ridgway||Argus Brown|#795331|0|Plate III
Ridgway||Argyle Purple|#AF859D|0|Plate XXXVII
Ridgway||Army Brown|#96705E|0|Plate XL
Ridgway||Artemisia Green|#778F83|0|Plate XLVII
Ridgway||Asphodel Green|#90A16F|0|Plate XLI
Ridgway||Aster Purple|#A13967|0|Plate XII
Ridgway||Auburn|#80543C|0|Plate II
Ridgway||Auricula Purple|#7A4660|0|Plate XXVI
Ridgway||Avellaneous|#C29E82|0|Plate XL
Ridgway||Azurite Blue|#434D7B|0|Plate IX
Ridgway||Barium Yellow|#F9E38C|0|Plate XVI
Ridgway||Baryta Yellow|#E2CF8F|0|Plate IV
Ridgway||Bay|#744B39|0|Plate II
Ridgway||Begonia Rose|#F76470|0|Plate I
Ridgway||Benzo Brown|#817164|0|Plate XLVI
Ridgway||Benzol Green|#0194A5|0|Plate VII
Ridgway||Berlin Blue|#285675|0|Plate VIII
Ridgway||Beryl Blue|#B6E4EB|0|Plate VIII
Ridgway||Beryl Green|#64BCBA|0|Plate XIX
Ridgway||Bice Green|#7F9269|0|Plate XVII
Ridgway||Biscay Green|#979E65|0|Plate XVII
Ridgway||Bishop's Purple|#9B688B|0|Plate XXXVII
Ridgway||Bister|#6C5640|0|Plate XXIX
Ridgway||Bittersweet Orange|#FE8250|0|Plate II
Ridgway||Bittersweet Pink|#FD9F7F|0|Plate II
Ridgway||Black|#323F39|0|Plate LIII
Ridgway||Blackish Brown 1|#434641|0|Plate XLV
Ridgway||Blackish Brown 2|#464943|0|Plate XLV
Ridgway||Blackish Brown 3|#4A4E47|0|Plate XLV
Ridgway||Blackish Green-Blue|#0C5A71|0|Plate VIII
Ridgway||Blackish Green-Gray|#354541|0|Plate LII
Ridgway||Blackish Mouse Gray|#505550|0|Plate LI
Ridgway||Blackish Plumbeous|#455254|0|Plate LII
Ridgway||Blackish Purple|#59364B|0|Plate XI
Ridgway||Blackish Red-Purple|#5B3644|0|Plate XII
Ridgway||Blackish Slate|#404C49|0|Plate LIII
Ridgway||Blackish Violet|#473B63|0|Plate X
Ridgway||Blackish Violet-Gray|#3E4746|0|Plate LII
Ridgway||Blanc's Blue|#376E9D|0|Plate XX
Ridgway||Blanc's Violet|#665888|0|Plate XXIII
Ridgway||Blue-Violet|#5E4EC4|0|Plate X
Ridgway||Blue-Violet Black|#3D484B|0|Plate XLIX
Ridgway||Bluish Black|#31474C|0|Plate XLIX
Ridgway||Bluish Glaucous|#B1CAC2|0|Plate XLII
Ridgway||Bluish Gray-Green|#779A93|0|Plate XLII
Ridgway||Bluish Lavender|#ABA2C5|0|Plate XXXVI
Ridgway||Bluish Slate-Black|#2F4649|0|Plate XLVIII
Ridgway||Bluish Violet|#6245C0|0|Plate X
Ridgway||Bone Brown|#594E45|0|Plate XL
Ridgway||Bordeaux|#75343D|0|Plate XII
Ridgway||Bottle Green|#375F57|0|Plate XIX
Ridgway||Bradley's Blue|#3267D5|0|Plate IX
Ridgway||Bradley's Violet|#8060A2|0|Plate XXIII
Ridgway||Brazil Red|#B5402D|0|Plate I
Ridgway||Bremen Blue|#68BECB|0|Plate XX
Ridgway||Brick Red|#915248|0|Plate XIII
Ridgway||Bright Chalcedony Yellow|#DFD26A|0|Plate XVII
Ridgway||Bright Green-Yellow|#C6C34C|0|Plate V
Ridgway||Brownish Drab|#947D71|0|Plate XLV
Ridgway||Brownish Olive|#685C40|0|Plate XXX
Ridgway||Brownish Vinaceous|#C28E88|0|Plate XXXIX
Ridgway||Brussels Brown|#805B36|0|Plate III
Ridgway||Buckthorn Brown|#BC8745|0|Plate XV
Ridgway||Buff-Pink|#E7B295|0|Plate XXVIII
Ridgway||Buff-Yellow|#FBCD77|0|Plate IV
Ridgway||Buffy Brown|#977D5D|0|Plate XL
Ridgway||Buffy Citrine|#98834A|0|Plate XVI
Ridgway||Buffy Olive|#8C7C56|0|Plate XXX
Ridgway||Burn Blue|#B0BACB|0|Plate XXXIV
Ridgway||Burnt Lake|#653B3B|0|Plate XII
Ridgway||Burnt Sienna|#964A2D|0|Plate II
Ridgway||Burnt Umber|#6C5043|0|Plate XXVIII
Ridgway||Cacao Brown|#AF755E|0|Plate XXVIII
Ridgway||Cadet Blue|#5E7BB3|0|Plate XXI
Ridgway||Cadet Gray|#8CA0AB|0|Plate XLII
Ridgway||Cadmium Orange|#FE7F17|0|Plate III
Ridgway||Cadmium Yellow|#FDAE00|0|Plate III
Ridgway||Calamine Blue|#81CCDC|0|Plate VIII
Ridgway||Calla Green|#6E7644|0|Plate V
Ridgway||Calliste Green|#B6B14B|0|Plate VI
Ridgway||Cameo Brown|#886153|0|Plate XXVIII
Ridgway||Cameo Pink|#EEC8CD|0|Plate XXVI
Ridgway||Campanula Blue|#8A99D7|0|Plate XXIV
Ridgway||Capri Blue|#278794|0|Plate XX
Ridgway||Capucine Buff|#FDCC98|0|Plate III
Ridgway||Capucine Orange|#FEB159|0|Plate III
Ridgway||Capucine Yellow|#FEAB3A|0|Plate III
Ridgway||Carmine|#932F31|0|Plate I
Ridgway||Carnelian Red|#EB7455|0|Plate XIV
Ridgway||Carob Brown|#6C564A|0|Plate XIV
Ridgway||Carrot Red|#E18674|0|Plate XIV
Ridgway||Cartridge Buff|#F3DDBF|0|Plate XXX
Ridgway||Castor Gray|#5F6E66|0|Plate LII
Ridgway||Cedar Green|#636F4C|0|Plate VI
Ridgway||Celandine Green|#8AA18C|0|Plate XLVII
Ridgway||Cendre Blue|#57B0CA|0|Plate VIII
Ridgway||Cendre Green|#7DC18B|0|Plate VI
Ridgway||Cerro Green|#6B7544|0|Plate V
Ridgway||Cerulean Blue|#0D88CD|0|Plate VIII
Ridgway||Chaetura Black|#454A42|0|Plate XLVI
Ridgway||Chaetura Drab|#58584B|0|Plate XLVI
Ridgway||Chalcedony Yellow|#E3D57D|0|Plate XVII
Ridgway||Chamois|#D4AC71|0|Plate XXX
Ridgway||Chapman's Blue|#5C729E|0|Plate XXII
Ridgway||Chartreuse Yellow|#E4D394|0|Plate XXXI
Ridgway||Chatenay Pink|#EEC0BD|0|Plate XIII
Ridgway||Chessylite Blue|#417B96|0|Plate XX
Ridgway||Chestnut|#7D4831|0|Plate II
Ridgway||Chestnut-Brown|#6F574C|0|Plate XIV
Ridgway||Chicory Blue|#99A1D6|0|Plate XXIV
Ridgway||China Blue|#538BA9|0|Plate XX
Ridgway||Chinese Violet|#B382C6|0|Plate XXV
Ridgway||Chocolate|#6D4E43|0|Plate XXVIII
Ridgway||Chromium Green|#839261|0|Plate XXXII
Ridgway||Chrysolite Green|#C8C67F|0|Plate XXXI
Ridgway||Chrysoprase Green|#8ACA8D|0|Plate VII
Ridgway||Cinereous|#AAACAB|0|Plate LII
Ridgway||Cinnamon|#CC925F|0|Plate XXIX
Ridgway||Cinnamon-Brown|#916744|0|Plate XV
Ridgway||Cinnamon-Buff|#D9A874|0|Plate XXIX
Ridgway||Cinnamon-Drab|#A38875|0|Plate XLVI
Ridgway||Cinnamon-Rufous|#BA6A4B|0|Plate XIV
Ridgway||Citrine|#957F3A|0|Plate IV
Ridgway||Citrine-Drab|#908260|0|Plate XL
Ridgway||Citron Green|#C7B96F|0|Plate XXXI
Ridgway||Citron Yellow|#F4DD6E|0|Plate XVI
Ridgway||Civette Green|#688462|0|Plate XVIII
Ridgway||Claret Brown|#693C33|0|Plate I
Ridgway||Clay Color|#C49253|0|Plate XXIX
Ridgway||Clear Cadet Blue|#698ACE|0|Plate XXI
Ridgway||Clear Dull Green Yellow|#E2DC7C|0|Plate XVII
Ridgway||Clear Fluorite Green|#A7C18B|0|Plate XXXII
Ridgway||Clear Green-Blue Gray|#8DA0A3|0|Plate XLVIII
Ridgway||Clear Payne's Gray|#778890|0|Plate XLIX
Ridgway||Clear Windsor Blue|#63779E|0|Plate XXXV
Ridgway||Clear Yellow-Green|#E7DD63|0|Plate VI
Ridgway||Clove Brown|#5A5347|0|Plate XL
Ridgway||Cobalt Green|#7BC6A0|0|Plate XIX
Ridgway||Colonial Buff|#EBCE91|0|Plate XXX
Ridgway||Columbia Blue|#839CB4|0|Plate XXXIV
Ridgway||Commelina Blue|#6980D5|0|Plate XXI
Ridgway||Congo Pink|#D48F7A|0|Plate XXVIII
Ridgway||Coral Pink|#E49489|0|Plate XIII
Ridgway||Coral Red|#DC5C4B|0|Plate XIII
Ridgway||Corinthian Pink|#CB9C9D|0|Plate XXVII
Ridgway||Corinthian Purple|#844F55|0|Plate XXXVIII
Ridgway||Corinthian Red|#9C6763|0|Plate XXVII
Ridgway||Cornflower Blue|#7078CE|0|Plate XXI
Ridgway||Corydalis Green|#BAC4A6|0|Plate XLI
Ridgway||Cossack Green|#486D4D|0|Plate VI
Ridgway||Cosse Green|#AAAE46|0|Plate V
Ridgway||Cotinga Purple|#683B67|0|Plate XI
Ridgway||Courge Green|#A19F63|0|Plate XVII
Ridgway||Court Gray|#B1BBB0|0|Plate XLVII
Ridgway||Cream Color|#FBE1A8|0|Plate XVI
Ridgway||Cream-Buff|#E5C18D|0|Plate XXX
Ridgway||Cress Green|#6E7E4F|0|Plate XXXI
Ridgway||Cyanine Blue|#354B86|0|Plate IX
Ridgway||Dahlia Carmine|#76404D|0|Plate XXVI
Ridgway||Dahlia Purple|#6F314F|0|Plate XII
Ridgway||Danube Green|#47654F|0|Plate XXXII
Ridgway||Daphne Pink|#CE8697|0|Plate XXXVIII
Ridgway||Daphne Red|#A6677F|0|Plate XXXVIII
Ridgway||Dark American Green|#4E6D5A|0|Plate XLI
Ridgway||Dark Aniline Blue|#364261|0|Plate X
Ridgway||Dark Anthracene Violet|#434759|0|Plate XXV
Ridgway||Dark Bluish Glaucous|#90AC9A|0|Plate XLII
Ridgway||Dark Bluish Gray-Green|#3D6769|0|Plate XLII
Ridgway||Dark Bluish Violet|#454360|0|Plate X
Ridgway||Dark Cadet Blue|#476181|0|Plate XXI
Ridgway||Dark Chessylite Blue|#32606D|0|Plate XX
Ridgway||Dark Cinnabar Green|#3E776A|0|Plate XIX
Ridgway||Dark Citrine|#776B39|0|Plate IV
Ridgway||Dark Corinthian Purple|#694747|0|Plate XXXVIII
Ridgway||Dark Cress Green|#576347|0|Plate XXXI
Ridgway||Dark Delft Blue|#315159|0|Plate XLII
Ridgway||Dark Diva Blue|#51649F|0|Plate XXI
Ridgway||Dark Dull Bluish Violet 1|#4C4B6F|0|Plate XXIV
Ridgway||Dark Dull Bluish Violet 2|#555C75|0|Plate XXXV
Ridgway||Dark Dull Bluish Violet 3|#62536F|0|Plate XXXVI
Ridgway||Dark Dull Violet-Blue|#485071|0|Plate XXIV
Ridgway||Dark Dull Violet-Blue|#5B5870|0|Plate XXXV
Ridgway||Dark Dull Yellow-Green|#4F6044|0|Plate XXXII
Ridgway||Dark Glaucous-Gray|#7B968E|0|Plate XLVIII
Ridgway||Dark Gobelin Blue|#466C6B|0|Plate XXXIV
Ridgway||Dark Grayish Blue-Green|#5B7079|0|Plate XLVIII
Ridgway||Dark Grayish Blue-Violet|#4D4E75|0|Plate XXIV
Ridgway||Dark Grayish Brown|#625E57|0|Plate XLV
Ridgway||Dark Grayish Lavender|#9694AE|0|Plate XLIII
Ridgway||Dark Grayish Olive|#585D4F|0|Plate XLVI
Ridgway||Dark Green|#4B6A56|0|Plate XVIII
Ridgway||Dark Green-Blue Gray|#697E84|0|Plate XLVIII
Ridgway||Dark Green-Blue Slate|#2F4F57|0|Plate XLVIII
Ridgway||Dark Greenish Glaucous|#9AB191|0|Plate XLI
Ridgway||Dark Greenish Olive|#5D5F44|0|Plate XXX
Ridgway||Dark Gull Gray|#808582|0|Plate LIII
Ridgway||Dark Heliotrope Gray|#7F777D|0|Plate L
Ridgway||Dark Heliotrope Slate|#505255|0|Plate L
Ridgway||Dark Hyssop Violet|#69556C|0|Plate XXXVI
Ridgway||Dark Indian Red|#6E4E4B|0|Plate XXVII
Ridgway||Dark Ivy Green|#545D47|0|Plate XLVII
Ridgway||Dark Lavender|#9A89A0|0|Plate XLIV
Ridgway||Dark Livid Brown|#6F5450|0|Plate XXXIX
Ridgway||Dark Livid Purple|#5D424A|0|Plate XXXVII
Ridgway||Dark Madder Blue|#525C6A|0|Plate XLIII
Ridgway||Dark Madder Violet|#4A4559|0|Plate XXV
Ridgway||Dark Maroon Purple|#64434D|0|Plate XXVI
Ridgway||Dark Medici Blue|#5A7677|0|Plate XLVIII
Ridgway||Dark Mineral Red|#6B514E|0|Plate XXVII
Ridgway||Dark Mouse Gray|#505550|0|Plate LI
Ridgway||Dark Naphthalene Violet|#554149|0|Plate XXXVII
Ridgway||Dark Neutral Gray|#4C5751|0|Plate LIII
Ridgway||Dark Nigrosin Violet|#494251|0|Plate XXV
Ridgway||Dark Olive|#565544|0|Plate XL
Ridgway||Dark Olive-Buff|#B69F67|0|Plate XL
Ridgway||Dark Olive-Gray|#676C5C|0|Plate LI
Ridgway||Dark Orient Blue|#436677|0|Plate XXXIV
Ridgway||Dark Payne's Gray|#3D525B|0|Plate XLIX
Ridgway||Dark Perilla Purple|#654044|0|Plate XXXVII
Ridgway||Dark Plumbago Blue|#9194AE|0|Plate XLIII
Ridgway||Dark Plumbago Gray|#787A87|0|Plate L
Ridgway||Dark Plumbago Slate|#494E54|0|Plate L
Ridgway||Dark Plumbeous|#5E6A6C|0|Plate LII
Ridgway||Dark Porcelain Green|#4D6F62|0|Plate XXXIII
Ridgway||Dark Purple-Drab|#6E5E59|0|Plate XLV
Ridgway||Dark Purplish Gray|#525A59|0|Plate LIII
Ridgway||Dark Quaker Drab|#505550|0|Plate LI
Ridgway||Dark Russian Green|#41685E|0|Plate XLII
Ridgway||Dark Slate-Purple|#63565E|0|Plate XLIV
Ridgway||Dark Slate-Violet 1|#575763|0|Plate XLIII
Ridgway||Dark Slate-Violet 2|#56515D|0|Plate XLIV
Ridgway||Dark Soft Blue-Violet|#59588F|0|Plate XXIII
Ridgway||Dark Soft Bluish Violet|#66588D|0|Plate XXIII
Ridgway||Dark Sulphate Green|#498D7A|0|Plate XIX
Ridgway||Dark Terre Verte|#486C62|0|Plate XXXIII
Ridgway||Dark Tyrian Blue|#4A647F|0|Plate XXXIV
Ridgway||Dark Varley's Gray|#485159|0|Plate XLIX
Ridgway||Dark Vinaceous|#A46464|0|Plate XXVII
Ridgway||Dark Vinaceous-Brown|#735750|0|Plate XXXIX
Ridgway||Dark Vinaceous-Drab|#76665E|0|Plate XLV
Ridgway||Dark Vinaceous-Gray|#83787A|0|Plate L
Ridgway||Dark Vinaceous-Purple|#7B4B51|0|Plate XXXVIII
Ridgway||Dark Violet|#534C7C|0|Plate X
Ridgway||Dark Violet-Gray|#4C5357|0|Plate LII
Ridgway||Dark Violet-Slate|#47545D|0|Plate XLIX
Ridgway||Dark Viridian Green|#107F6D|0|Plate VII
Ridgway||Dark Yellowish Green|#516B54|0|Plate XVIII
Ridgway||Dark Yvette Violet|#474754|0|Plate XXXVI
Ridgway||Dark Zinc Green|#4C7866|0|Plate XIX
Ridgway||Dauphin's Violet|#725C92|0|Plate XXIII
Ridgway||Dawn Gray|#9FA49B|0|Plate LII
Ridgway||Deep Aniline Lilac|#919DC3|0|Plate XXXV
Ridgway||Deep Blue-Violet|#514E9F|0|Plate X
Ridgway||Deep Bluish Glaucous|#A4C4BB|0|Plate XLII
Ridgway||Deep Bluish Gray-Green|#64807C|0|Plate XLII
Ridgway||Deep Brownish Drab|#7C6B5F|0|Plate XLV
Ridgway||Deep Brownish Vinaceous|#B07C71|0|Plate XXXIX
Ridgway||Deep Cadet Blue|#4E6B9B|0|Plate XXI
Ridgway||Deep Chicory Blue|#808BCE|0|Plate XXIV
Ridgway||Deep Chrome|#FEB239|0|Plate III
Ridgway||Deep Chrysolite Green|#AFB565|0|Plate XXXI
Ridgway||Deep Colonial Buff|#D4AC71|0|Plate XXX
Ridgway||Deep Corinthian Red|#9F605A|0|Plate XXVII
Ridgway||Deep Delft Blue|#345C6A|0|Plate XLII
Ridgway||Deep Dull Bluish Violet 1|#5C5A88|0|Plate XXIV
Ridgway||Deep Dull Bluish Violet 2|#676D90|0|Plate XXXV
Ridgway||Deep Dull Bluish Violet 3|#6D6080|0|Plate XXXVI
Ridgway||Deep Dull Lavender|#AC9CAD|0|Plate XLIV
Ridgway||Deep Dull Violaceous Blue|#47547D|0|Plate XXII
Ridgway||Deep Dull Violet-Blue|#6D6B8D|0|Plate XXXV
Ridgway||Deep Dull Yellow-Green 1|#6D7F5A|0|Plate XXXII
Ridgway||Deep Dull Yellow-Green 2|#637F61|0|Plate XXXII
Ridgway||Deep Dutch Blue|#77879C|0|Plate XLIII
Ridgway||Deep Glaucous-Gray|#8BA09F|0|Plate XLVIII
Ridgway||Deep Glaucous-Green|#9AB69B|0|Plate XXXIII
Ridgway||Deep Grape Green|#888C65|0|Plate XLI
Ridgway||Deep Grayish Blue-Green|#5F7672|0|Plate XLVIII
Ridgway||Deep Grayish Lavender|#ABA3B4|0|Plate XLIII
Ridgway||Deep Grayish Olive|#7C7965|0|Plate XLVI
Ridgway||Deep Green-Blue Gray|#748C90|0|Plate XLVIII
Ridgway||Deep Greenish Glaucous|#A8C7AE|0|Plate XLI
Ridgway||Deep Gull Gray|#8B8F8B|0|Plate LIII
Ridgway||Deep Heliotrope Gray|#8D8791|0|Plate L
Ridgway||Deep Hellebore Red|#9F5C66|0|Plate XXXVIII
Ridgway||Deep Hyssop Violet|#796583|0|Plate XXXVI
Ridgway||Deep Lavender|#BAA9C4|0|Plate XXXVI
Ridgway||Deep Lavender-Blue|#929AE0|0|Plate XXI
Ridgway||Deep Lichen Green|#B7C3A6|0|Plate XXXIII
Ridgway||Deep Livid Brown|#86615E|0|Plate XXXIX
Ridgway||Deep Livid Purple|#7A5261|0|Plate XXXVII
Ridgway||Deep Madder Blue|#646D80|0|Plate XLIII
Ridgway||Deep Malachite Green|#73A182|0|Plate XXXII
Ridgway||Deep Medici Blue|#6C8484|0|Plate XLVIII
Ridgway||Deep Mouse Gray|#686B61|0|Plate LI
Ridgway||Deep Neutral Gray|#626863|0|Plate LIII
Ridgway||Deep Olive|#726A51|0|Plate XL
Ridgway||Deep Olive-Buff|#C6B18A|0|Plate XL
Ridgway||Deep Olive-Gray|#8A8B79|0|Plate LI
Ridgway||Deep Orient Blue|#638195|0|Plate XXXIV
Ridgway||Deep Payne's Gray|#5C6D73|0|Plate XLIX
Ridgway||Deep Plumbago Blue|#A7A7BB|0|Plate XLIII
Ridgway||Deep Plumbago Gray|#86868E|0|Plate L
Ridgway||Deep Plumbeous|#80868B|0|Plate LII
Ridgway||Deep Purplish Gray|#676B68|0|Plate LIII
Ridgway||Deep Purplish Vinaceous|#8F676E|0|Plate XLIV
Ridgway||Deep Quaker Drab|#6F7068|0|Plate LI
Ridgway||Deep Rose-Pink|#F892BD|0|Plate XII
Ridgway||Deep Seafoam Green|#DACE8F|0|Plate XXXI
Ridgway||Deep Slate-Blue|#485B6C|0|Plate XLIII
Ridgway||Deep Slate-Green|#475A51|0|Plate XLVII
Ridgway||Deep Slate-Olive|#515F52|0|Plate XLVII
Ridgway||Deep Slate-Violet|#685D6F|0|Plate XLIV
Ridgway||Deep Slaty Brown|#525152|0|Plate L
Ridgway||Deep Soft Blue-Violet|#6766A1|0|Plate XXIII
Ridgway||Deep Soft Bluish Violet|#6E629A|0|Plate XXIII
Ridgway||Deep Turtle Green|#89AB74|0|Plate XXXII
Ridgway||Deep Varley's Gray|#63696F|0|Plate XLIX
Ridgway||Deep Vinaceous|#AF7678|0|Plate XXVII
Ridgway||Deep Vinaceous-Gray|#968A8E|0|Plate L
Ridgway||Deep Vinaceous-Lavender|#B5A1B0|0|Plate XLIV
Ridgway||Deep Violet-Gray|#60676A|0|Plate LII
Ridgway||Deep Violet-Plumbeous|#777F8B|0|Plate XLIX
Ridgway||Deep Wedgewood Blue|#ABB8F0|0|Plate XXI
Ridgway||Delft Blue|#5E7A8A|0|Plate XLII
Ridgway||Diamin-Azo Blue|#484D62|0|Plate XXXV
Ridgway||Diamine Brown|#634644|0|Plate XIII
Ridgway||Diamine Green|#396F5E|0|Plate VII
Ridgway||Diva Blue|#5A70B5|0|Plate XXI
Ridgway||Drab|#9B8872|0|Plate XLVI
Ridgway||Drab-Gray|#BBAC99|0|Plate XLVI
Ridgway||Dragon's-blood Red|#B95142|0|Plate XIII
Ridgway||Dresden Brown|#8C6B40|0|Plate XV
Ridgway||Duck Green|#295C5C|0|Plate XIX
Ridgway||Dull Blackish Green|#3B5549|0|Plate XLI
Ridgway||Dull Blue-Green Black|#2C474A|0|Plate XLVIII
Ridgway||Dull Blue-Violet 1|#5A64AA|0|Plate XXIV
Ridgway||Dull Blue-Violet 2|#6A617F|0|Plate XXXVI
Ridgway||Dull Bluish Violet 1|#5C5A9C|0|Plate XXIV
Ridgway||Dull Bluish Violet 2|#6E739D|0|Plate XXXV
Ridgway||Dull Bluish Violet 3|#83749B|0|Plate XXXVI
Ridgway||Dull Citrine|#8D8552|0|Plate XVI
Ridgway||Dull Dark Purple|#7B4A6C|0|Plate XXVI
Ridgway||Dull Dusky Purple|#5B4558|0|Plate XXVI
Ridgway||Dull Green-Yellow|#C7C76A|0|Plate XVII
Ridgway||Dull Greenish Black 1|#3D4E46|0|Plate XLVII
Ridgway||Dull Greenish Black 2|#3A4C45|0|Plate XLVII
Ridgway||Dull Indian Purple|#7F616A|0|Plate XLIV
Ridgway||Dull Lavender|#C5B3BD|0|Plate XLIV
Ridgway||Dull Magenta Purple|#944B76|0|Plate XXVI
Ridgway||Dull Opaline Green|#C9E3CC|0|Plate XIX
Ridgway||Dull Purplish Black|#3F4241|0|Plate L
Ridgway||Dull Violaceous Blue|#5E72B1|0|Plate XXII
Ridgway||Dull Violet-Black 1|#44454C|0|Plate XLIV
Ridgway||Dull Violet-Black 2|#36454C|0|Plate XLIX
Ridgway||Dull Violet-Black 3|#3E4545|0|Plate L
Ridgway||Dull Violet-Blue|#77749E|0|Plate XXXV
Ridgway||Dull Violet-Blue|#5969A8|0|Plate XXIV
Ridgway||Dusky Auricula Purple|#5E4556|0|Plate XXVI
Ridgway||Dusky Blue|#35405E|0|Plate XXII
Ridgway||Dusky Blue-Green|#455E57|0|Plate XXXIII
Ridgway||Dusky Blue-Violet 1|#4C4D6B|0|Plate XXIII
Ridgway||Dusky Blue-Violet 2|#333550|0|Plate XXIV
Ridgway||Dusky Bluish Green|#3D5A57|0|Plate XXXIII
Ridgway||Dusky Brown|#58514C|0|Plate XLV
Ridgway||Dusky Drab|#625B51|0|Plate XLV
Ridgway||Dusky Dull Bluish Green|#2A5256|0|Plate XLII
Ridgway||Dusky Dull Green|#2F504B|0|Plate XLII
Ridgway||Dusky Dull Violet 1|#4C4659|0|Plate XXXVI
Ridgway||Dusky Dull Violet 2|#504651|0|Plate XXXVI
Ridgway||Dusky Dull Violet-Blue|#4C4B5E|0|Plate XXXV
Ridgway||Dusky Green|#43594E|0|Plate XXXIII
Ridgway||Dusky Green-Blue 1|#285C60|0|Plate XX
Ridgway||Dusky Green-Blue 2|#28575C|0|Plate XXXIV
Ridgway||Dusky Green-Gray|#475650|0|Plate LII
Ridgway||Dusky Greenish Blue|#2B5F7C|0|Plate XX
Ridgway||Dusky Neutral Gray|#3C4945|0|Plate LIII
Ridgway||Dusky Olive-Green|#4C5846|0|Plate XLI
Ridgway||Dusky Orient Blue|#2E5967|0|Plate XXXIV
Ridgway||Dusky Purplish Gray|#3D4543|0|Plate LIII
Ridgway||Dusky Slate-Blue|#334953|0|Plate XLIII
Ridgway||Dusky Slate-Violet|#43484C|0|Plate XLIII
Ridgway||Dusky Violet|#4F4C67|0|Plate XXIII
Ridgway||Dusky Violet-Blue 1|#454E66|0|Plate XXIII
Ridgway||Dusky Violet-Blue 2|#384450|0|Plate XLIII
Ridgway||Dusky Yellowish Green|#435948|0|Plate XLI
Ridgway||Dutch Blue|#8D99AB|0|Plate XLIII
Ridgway||Ecru-Drab|#B8A89D|0|Plate XLVI
Ridgway||Ecru-Olive|#AA9760|0|Plate XXX
Ridgway||Elm Green|#606D4B|0|Plate XVII
Ridgway||Emerald Green|#9ACF7E|0|Plate VI
Ridgway||Empire Green|#4E644D|0|Plate XXXII
Ridgway||Empire Yellow|#C1AD57|0|Plate IV
Ridgway||Endive Blue|#A4AAB6|0|Plate XLIII
Ridgway||English Red|#BD512B|0|Plate II
Ridgway||Eosine Pink|#FD8790|0|Plate I
Ridgway||Etain Blue|#BACCC8|0|Plate XX
Ridgway||Ethyl Green|#087A83|0|Plate VII
Ridgway||Eton Blue|#495E8B|0|Plate XXII
Ridgway||Etruscan Red|#AD6B60|0|Plate XXVII
Ridgway||Eugenia Red|#C9565B|0|Plate XIII
Ridgway||Eupatorium Purple|#A87797|0|Plate XXXVIII
Ridgway||Fawn Color|#B08669|0|Plate XL
Ridgway||Ferruginous|#B36149|0|Plate XIV
Ridgway||Flame Scarlet|#FD6B2F|0|Plate II
Ridgway||Flax-flower Blue|#8A9FE4|0|Plate XXI
Ridgway||Flesh Color|#F1A58D|0|Plate XIV
Ridgway||Flesh Ocher|#F09470|0|Plate XIV
Ridgway||Flesh Pink|#F0C2B8|0|Plate XIII
Ridgway||Fluorite Green|#7CA97E|0|Plate XXXII
Ridgway||Fluorite Violet|#503B59|0|Plate XI
Ridgway||Forest Green|#62754B|0|Plate XVII
Ridgway||Forget-me-not Blue|#8AA0CB|0|Plate XXII
Ridgway||French Gray|#B6B5B0|0|Plate LII
Ridgway||French Green|#5B8E71|0|Plate XXXII
Ridgway||Fuscous|#5C584A|0|Plate XLVI
Ridgway||Fuscous-Black|#464A42|0|Plate XLVI
Ridgway||Garnet Brown|#813932|0|Plate I
Ridgway||Gendarme Blue|#455D83|0|Plate XXII
Ridgway||Gentian Blue|#616AB3|0|Plate XXI
Ridgway||Geranium Pink|#FC838A|0|Plate I
Ridgway||Glass Green|#D9D296|0|Plate XXXI
Ridgway||Glaucous|#C7D8BC|0|Plate XLI
Ridgway||Glaucous-Blue|#81A6AA|0|Plate XXXIV
Ridgway||Glaucous-Gray|#AAB5B2|0|Plate XLVIII
Ridgway||Glaucous-Green|#BCCBB7|0|Plate XXXIII
Ridgway||Gnaphalium Green|#9DAC9C|0|Plate XLVII
Ridgway||Gobelin Blue|#5C8186|0|Plate XXXIV
Ridgway||Grape Green|#A2A161|0|Plate XLI
Ridgway||Grass Green|#737F52|0|Plate VI
Ridgway||Grayish Blue-Green|#6E8A87|0|Plate XLVIII
Ridgway||Grayish Blue-Violet 1|#5D6194|0|Plate XXIV
Ridgway||Grayish Blue-Violet 2|#8797BA|0|Plate XXXV
Ridgway||Grayish Lavender|#BCB6BE|0|Plate XLIII
Ridgway||Grayish Olive|#8D866C|0|Plate XLVI
Ridgway||Grayish Violaceous Blue|#566693|0|Plate XXII
Ridgway||Grayish Violet-Blue|#5D6594|0|Plate XXIV
Ridgway||Green-Blue Slate|#5B7079|0|Plate XLVIII
Ridgway||Green-Yellow|#E5E26D|0|Plate V
Ridgway||Greenish Glaucous|#BECCB5|0|Plate XLI
Ridgway||Greenish Glaucous-Blue|#93ADA6|0|Plate XLII
Ridgway||Greenish Slate-Black|#324947|0|Plate XLVIII
Ridgway||Greenish Yellow|#C1B34D|0|Plate V
Ridgway||Grenadine|#FE815E|0|Plate II
Ridgway||Grenadine Pink|#FE9F86|0|Plate II
Ridgway||Grenadine Red|#F4511F|0|Plate II
Ridgway||Guinea Green|#0D7672|0|Plate VII
Ridgway||Gull Gray|#A5A59E|0|Plate LIII
Ridgway||Haematite Red|#70524C|0|Plate XXVII
Ridgway||Haematoxylin Violet|#705089|0|Plate XXV
Ridgway||Hair Brown|#7E7565|0|Plate XLVI
Ridgway||Hathi Gray|#8F9891|0|Plate LII
Ridgway||Hay's Blue|#3B4C94|0|Plate IX
Ridgway||Hay's Brown|#755B4E|0|Plate XXXIX
Ridgway||Hay's Green|#5C825D|0|Plate XVIII
Ridgway||Hay's Lilac|#B398B7|0|Plate XXXVII
Ridgway||Hay's Maroon|#654543|0|Plate XIII
Ridgway||Hay's Russet|#92513E|0|Plate XIV
Ridgway||Hazel|#A36442|0|Plate XIV
Ridgway||Heliotrope-Gray|#9F99A1|0|Plate L
Ridgway||Heliotrope-Slate|#625F67|0|Plate L
Ridgway||Hellebore Green|#646E46|0|Plate XVII
Ridgway||Hellebore Red|#B37988|0|Plate XXXVIII
Ridgway||Helvetia Blue|#3851A1|0|Plate IX
Ridgway||Hermosa Pink|#F9C4CB|0|Plate I
Ridgway||Hessian Brown|#67433E|0|Plate XIII
Ridgway||Honey Yellow|#BC995A|0|Plate XXX
Ridgway||Hortense Blue|#2F425F|0|Plate XXII
Ridgway||Hortense Violet|#AA6FCA|0|Plate XI
Ridgway||Hyacinth Blue|#504988|0|Plate X
Ridgway||Hyacinth Violet|#7D368B|0|Plate XI
Ridgway||Hydrangea Pink|#E1C1BA|0|Plate XXVII
Ridgway||Hydrangea Red|#9C6159|0|Plate XXVII
Ridgway||Hyssop Violet|#867093|0|Plate XXXVI
Ridgway||Indian Lake|#8A4955|0|Plate XXVI
Ridgway||Indian Purple|#644342|0|Plate XXXVIII
Ridgway||Indian Red|#885853|0|Plate XXVII
Ridgway||Indigo Blue|#3E586C|0|Plate XXXIV
Ridgway||Indulin Blue|#6984BA|0|Plate XXII
Ridgway||Invisible Green|#39615C|0|Plate XIX
Ridgway||Iron Gray|#505550|0|Plate LI
Ridgway||Isabella Color|#A98856|0|Plate XXX
Ridgway||Italian Blue|#0493BA|0|Plate VIII
Ridgway||Ivory Yellow|#F6E4C2|0|Plate XXX
Ridgway||Ivy Green|#5D6346|0|Plate XXXI
Ridgway||Jade Green|#767B4F|0|Plate XXXI
Ridgway||Japan Rose|#DC9176|0|Plate XXVIII
Ridgway||Jasper Green|#4E8075|0|Plate XXXIII
Ridgway||Jasper Pink|#E99193|0|Plate XIII
Ridgway||Jasper Red|#D9544F|0|Plate XIII
Ridgway||Javel Green|#B7B042|0|Plate V
Ridgway||Jay Blue|#566D93|0|Plate XXII
Ridgway||Jouvence Blue|#1B717A|0|Plate XX
Ridgway||Kaiser Brown|#935641|0|Plate XIV
Ridgway||Kildare Green|#B9C085|0|Plate XXXI
Ridgway||Killarney Green|#63926F|0|Plate XVIII
Ridgway||King's Blue|#7896C1|0|Plate XXII
Ridgway||Kronberg's Green|#7C7D52|0|Plate XXXI
Ridgway||La France Pink|#FDBDC5|0|Plate I
Ridgway||Laelia Pink|#D09AAA|0|Plate XXXVIII
Ridgway||Lavender|#D7CAD4|0|Plate XXXVI
Ridgway||Lavender-Blue|#A8B2EA|0|Plate XXI
Ridgway||Lavender-Gray|#B3B8C1|0|Plate XLIII
Ridgway||Lavender-Violet|#A788D6|0|Plate XXV
Ridgway||Leaf Green|#607059|0|Plate XLI
Ridgway||Leitch's Blue|#0E61A8|0|Plate VIII
Ridgway||Lemon Chrome|#FED01D|0|Plate IV
Ridgway||Lemon Yellow|#D4BD4E|0|Plate IV
Ridgway||Lettuce Green|#92984F|0|Plate V
Ridgway||Lichen Green|#C2D8C9|0|Plate XXXIII
Ridgway||Light Alice Blue|#A2B5C1|0|Plate XXXIV
Ridgway||Light Amparo Blue|#8FB0F3|0|Plate IX
Ridgway||Light Amparo Purple|#CF91DA|0|Plate XI
Ridgway||Light Bice Green|#879767|0|Plate XVII
Ridgway||Light Blue-Green|#84D0BA|0|Plate VII
Ridgway||Light Blue-Violet|#8993E1|0|Plate X
Ridgway||Light Bluish Violet|#8D8EDD|0|Plate X
Ridgway||Light Brownish Drab|#A28E85|0|Plate XLV
Ridgway||Light Brownish Olive|#8B7653|0|Plate XXX
Ridgway||Light Brownish Vinaceous|#CEB0AB|0|Plate XXXIX
Ridgway||Light Buff|#FDE0B6|0|Plate XV
Ridgway||Light Cadet Blue|#8AA7E4|0|Plate XXI
Ridgway||Light Cadmium|#CDAA47|0|Plate IV
Ridgway||Light Campanula Blue|#A7B2DE|0|Plate XXIV
Ridgway||Light Celandine Green|#97AAA3|0|Plate XLVII
Ridgway||Light Cendre Green|#A6D89C|0|Plate VI
Ridgway||Light Cerulean Blue|#66AFE2|0|Plate VIII
Ridgway||Light Chalcedony Yellow|#F1E595|0|Plate XVII
Ridgway||Light Chicory Blue|#BABCDB|0|Plate XXIV
Ridgway||Light Cinnamon-Drab|#AF9685|0|Plate XLVI
Ridgway||Light Columbia Blue|#97ABC0|0|Plate XXXIV
Ridgway||Light Congo Pink|#E3B09F|0|Plate XXVIII
Ridgway||Light Coral Red|#EE7767|0|Plate XIII
Ridgway||Light Corinthian Red|#B3AD9B|0|Plate XXVII
Ridgway||Light Cress Green|#949760|0|Plate XXXI
Ridgway||Light Danube Green|#457462|0|Plate XXXII
Ridgway||Light Drab|#AC9880|0|Plate XLVI
Ridgway||Light Dull Bluish Violet|#9D9BBD|0|Plate XXXVI
Ridgway||Light Dull Glaucous-Blue|#93B9BB|0|Plate XLII
Ridgway||Light Dull Green-Yellow|#E4E197|0|Plate XVII
Ridgway||Light Elm Green|#7F8960|0|Plate XVII
Ridgway||Light Fluorite Green|#CAD3A4|0|Plate XXXII
Ridgway||Light Forget-me-not Blue|#A4B4D1|0|Plate XXII
Ridgway||Light Glaucous-Blue|#A2BDBD|0|Plate XXXIV
Ridgway||Light Grape Green|#A4A67D|0|Plate XLI
Ridgway||Light Grayish Blue-Violet|#A9B4CC|0|Plate XXXV
Ridgway||Light Grayish Olive|#9B9682|0|Plate XLVI
Ridgway||Light Grayish Vinaceous|#CDB1A8|0|Plate XXXIX
Ridgway||Light Grayish Violet-Blue|#7E91CD|0|Plate XXIV
Ridgway||Light Green-Yellow|#F0ED91|0|Plate V
Ridgway||Light Greenish Yellow|#C3B360|0|Plate V
Ridgway||Light Gull Gray|#B0AFA6|0|Plate LIII
Ridgway||Light Heliotrope-Gray|#B3A9AE|0|Plate L
Ridgway||Light Hellebore Green|#7E825E|0|Plate XVII
Ridgway||Light Hortense Violet|#C17CD3|0|Plate XI
Ridgway||Light Hyssop Violet|#9E91B6|0|Plate XXXVI
Ridgway||Light Jasper Red|#E36D6D|0|Plate XIII
Ridgway||Light King's Blue|#9EB4CC|0|Plate XXII
Ridgway||Light Lavender-Blue|#C1C7F2|0|Plate XXI
Ridgway||Light Lavender-Violet|#B9A1E4|0|Plate XXV
Ridgway||Light Lobelia Violet|#B29DBA|0|Plate XXXVII
Ridgway||Light Lumiere Green|#D9DF9A|0|Plate XVII
Ridgway||Light Mallow Purple|#E989CE|0|Plate XII
Ridgway||Light Mauve|#CFABDD|0|Plate XXV
Ridgway||Light Medici Blue|#8BA1A4|0|Plate XLVIII
Ridgway||Light Methyl Blue|#5AA2DF|0|Plate VIII
Ridgway||Light Mineral Gray|#B9BCB0|0|Plate XLVII
Ridgway||Light Mouse Gray|#96928A|0|Plate LI
Ridgway||Light Neropalin Blue|#A2B6D2|0|Plate XXII
Ridgway||Light Neutral Gray|#939691|0|Plate LIII
Ridgway||Light Niagara Green|#ACC5B7|0|Plate XXXIII
Ridgway||Light Ochraceous-Buff|#FBC490|0|Plate XV
Ridgway||Light Ochraceous-Salmon|#EEBA92|0|Plate XV
Ridgway||Light Olive-Gray|#A5A495|0|Plate LI
Ridgway||Light Orange-Yellow|#FECF55|0|Plate III
Ridgway||Light Oriental Green|#8ABB8A|0|Plate XVIII
Ridgway||Light Paris Green|#B4D2A5|0|Plate XVIII
Ridgway||Light Payne's Gray|#909BA1|0|Plate XLIX
Ridgway||Light Perilla Purple|#95657B|0|Plate XXXVII
Ridgway||Light Phlox Purple|#DA89DA|0|Plate XI
Ridgway||Light Pinkish Cinnamon|#E8BA96|0|Plate XXIX
Ridgway||Light Pinkish Lilac|#E1C8CC|0|Plate XXXVII
Ridgway||Light Plumbago Gray|#ACA8AE|0|Plate L
Ridgway||Light Porcelain Green|#5F9288|0|Plate XXXIII
Ridgway||Light Purple-Drab|#9D8A88|0|Plate XLV
Ridgway||Light Purplish Gray|#86837F|0|Plate LIII
Ridgway||Light Purplish Vinaceous|#C4A3A6|0|Plate XXXIX
Ridgway||Light Quaker Drab|#898784|0|Plate LI
Ridgway||Light Rosolane Purple|#DD75AD|0|Plate XXVI
Ridgway||Light Russet-Vinaceous|#C4988B|0|Plate XXXIX
Ridgway||Light Salmon-Orange|#FEAD82|0|Plate II
Ridgway||Light Seal Brown|#554A42|0|Plate XXXIX
Ridgway||Light Sky Blue|#BDD6ED|0|Plate XX
Ridgway||Light Soft Blue-Violet|#8F95E3|0|Plate XXIII
Ridgway||Light Squill Blue|#98C6E3|0|Plate XX
Ridgway||Light Sulphate Green|#6EC5B2|0|Plate XIX
Ridgway||Light Terre Verte|#5C928D|0|Plate XXXIII
Ridgway||Light Turtle Green|#C3C08C|0|Plate XXXII
Ridgway||Light Tyrian Blue|#6B8199|0|Plate XXXIV
Ridgway||Light Varley's Gray|#81848B|0|Plate XLIX
Ridgway||Light Vinaceous-Cinnamon|#E7B395|0|Plate XXIX
Ridgway||Light Vinaceous-Drab|#A18E86|0|Plate XLV
Ridgway||Light Vinaceous-Fawn|#D0B2A4|0|Plate XL
Ridgway||Light Vinaceous-Gray|#C6B6B9|0|Plate L
Ridgway||Light Vinaceous-Lilac|#C3A2A8|0|Plate XLIV
Ridgway||Light Vinaceous-Purple|#A28497|0|Plate XLIV
Ridgway||Light Violet|#958DD6|0|Plate X
Ridgway||Light Violet-Blue|#8297DF|0|Plate IX
Ridgway||Light Violet-Gray|#8B8E8F|0|Plate LII
Ridgway||Light Violet-Plumbeous|#979EA4|0|Plate XLIX
Ridgway||Light Viridine Green|#EFECB0|0|Plate VI
Ridgway||Light Viridine Yellow|#C2B870|0|Plate V
Ridgway||Light Windsor Blue|#798EB1|0|Plate XXXV
Ridgway||Light Wistaria Blue|#AFAEE9|0|Plate XXIII
Ridgway||Light Wistaria Violet|#B5ADEC|0|Plate XXIII
Ridgway||Light Yellow-Green|#EEE072|0|Plate VI
Ridgway||Light Yellowish Olive|#A6955D|0|Plate XXX
Ridgway||Lilac|#CEACDA|0|Plate XXV
Ridgway||Lilac-Gray|#BEBBB7|0|Plate LII
Ridgway||Lily Green|#5A736C|0|Plate XLVII
Ridgway||Lime Green|#BDB661|0|Plate XXXI
Ridgway||Lincoln Green|#656D4F|0|Plate XLI
Ridgway||Liseran Purple|#D081BE|0|Plate XXVI
Ridgway||Litho Purple|#78588D|0|Plate XXV
Ridgway||Liver Brown|#65473E|0|Plate XIV
Ridgway||Livid Brown|#A47875|0|Plate XXXIX
Ridgway||Livid Pink|#EEC8C7|0|Plate XXVII
Ridgway||Livid Purple|#86617B|0|Plate XXXVII
Ridgway||Livid Violet|#7B5E79|0|Plate XXXVII
Ridgway||Lobelia Violet|#9F8DA9|0|Plate XXXVII
Ridgway||Lumiere Blue|#99C1BC|0|Plate XX
Ridgway||Lumiere Green|#CBD47E|0|Plate XVII
Ridgway||Lyons Blue|#2554C2|0|Plate IX
Ridgway||Madder Blue|#787D95|0|Plate XLIII
Ridgway||Madder Brown|#854841|0|Plate XIII
Ridgway||Madder Violet|#5F476A|0|Plate XXV
Ridgway||Magenta|#AE5287|0|Plate XXVI
Ridgway||Mahogany Red|#814831|0|Plate II
Ridgway||Maize Yellow|#FCE09A|0|Plate IV
Ridgway||Malachite Green|#9CBA89|0|Plate XXXII
Ridgway||Mallow Pink|#F7AFEB|0|Plate XII
Ridgway||Mallow Purple|#DD68B3|0|Plate XII
Ridgway||Manganese Violet|#895C9B|0|Plate XXV
Ridgway||Marguerite Yellow|#F4E5BD|0|Plate XXX
Ridgway||Marine Blue|#1F5B7E|0|Plate VIII
Ridgway||Maroon|#5B3B34|0|Plate I
Ridgway||Mars Brown|#775742|0|Plate XV
Ridgway||Mars Orange|#C05528|0|Plate II
Ridgway||Mars Violet|#664A48|0|Plate XXXVIII
Ridgway||Mars Yellow|#C3761A|0|Plate III
Ridgway||Martius Yellow|#FCEB9F|0|Plate IV
Ridgway||Massicot Yellow|#F6E4A6|0|Plate XVI
Ridgway||Mathews' Blue|#4894C4|0|Plate XX
Ridgway||Mathews' Purple|#9F5E9C|0|Plate XXV
Ridgway||Mauve|#A787CE|0|Plate XXV
Ridgway||Mauvette|#E0CAE2|0|Plate XXV
Ridgway||Mazarine Blue|#8EB5F2|0|Plate IX
Ridgway||Meadow Green|#4C785F|0|Plate VI
Ridgway||Medal Bronze|#756033|0|Plate IV
Ridgway||Medici Blue|#74908F|0|Plate XLVIII
Ridgway||Methyl Blue|#2378CA|0|Plate VIII
Ridgway||Methyl Green|#409A9B|0|Plate XIX
Ridgway||Microcline Green|#C1E4D4|0|Plate XIX
Ridgway||Mignonette Green|#A89E62|0|Plate XXXI
Ridgway||Mikado Brown|#AA7553|0|Plate XXIX
Ridgway||Mikado Orange|#FE9443|0|Plate III
Ridgway||Mineral Gray|#AEB1A3|0|Plate XLVII
Ridgway||Mineral Green|#ADBE60|0|Plate XVIII
Ridgway||Mineral Red|#895351|0|Plate XXVII
Ridgway||Montpellier Green|#649688|0|Plate XXXIII
Ridgway||Morocco Red|#823E30|0|Plate I
Ridgway||Motmot Blue|#3999AB|0|Plate XX
Ridgway||Motmot Green|#669D7A|0|Plate XVIII
Ridgway||Mouse Gray|#837E70|0|Plate LI
Ridgway||Mulberry Purple|#65416F|0|Plate XI
Ridgway||Mummy Brown|#68553D|0|Plate XV
Ridgway||Mustard Yellow|#F4C863|0|Plate XVI
Ridgway||Myrtle Green|#196164|0|Plate VII
Ridgway||Mytho Green|#9CAD8B|0|Plate XLI
Ridgway||Naphthalene Violet|#6E5260|0|Plate XXXVII
Ridgway||Naphthalene Yellow|#F9E9A7|0|Plate XVI
Ridgway||Naples Yellow|#ECCE88|0|Plate XVI
Ridgway||Natal Brown|#775E4B|0|Plate XL
Ridgway||Navy Blue|#51597B|0|Plate XXI
Ridgway||Neropalin Blue|#7E97C0|0|Plate XXII
Ridgway||Neutral Gray|#FAF5EA|0|Plate LIII
Ridgway||Neutral Red|#83484C|0|Plate XXXVIII
Ridgway||Neuvider Green|#B9DFA8|0|Plate VII
Ridgway||Neva Green|#A3B65C|0|Plate V
Ridgway||Niagara Green|#93B6A6|0|Plate XXXIII
Ridgway||Nickel Green|#506A59|0|Plate XXXIII
Ridgway||Night Green|#C6D857|0|Plate VI
Ridgway||Nigrosin Blue|#445067|0|Plate XXXV
Ridgway||Nigrosin Violet|#65476A|0|Plate XXV
Ridgway||Nile Blue|#8CCAC4|0|Plate XIX
Ridgway||Nopal Red|#C33837|0|Plate I
Ridgway||Ocher Red|#A66558|0|Plate XXVII
Ridgway||Ochraceous-Buff|#EEAA69|0|Plate XV
Ridgway||Ochraceous-Orange|#F0953B|0|Plate XV
Ridgway||Ochraceous-Salmon|#FAA66E|0|Plate XV
Ridgway||Ochraceous-Tawny|#C68545|0|Plate XV
Ridgway||Oil Green|#848944|0|Plate V
Ridgway||Oil Yellow|#B7AB46|0|Plate V
Ridgway||Old Gold|#BB9949|0|Plate XVI
Ridgway||Old Rose|#D9696F|0|Plate XIII
Ridgway||Olivaceous Black 1|#474D40|0|Plate XLVI
Ridgway||Olivaceous Black 2|#424D41|0|Plate XLVII
Ridgway||Olivaceous Black 3|#505550|0|Plate LI
Ridgway||Olive|#645F46|0|Plate XXX
Ridgway||Olive Lake|#9E894C|0|Plate XVI
Ridgway||Olive-Brown|#715F4A|0|Plate XL
Ridgway||Olive-Buff|#CFC2A1|0|Plate XL
Ridgway||Olive-Citrine|#6F6D44|0|Plate XVI
Ridgway||Olive-Gray|#939485|0|Plate LI
Ridgway||Olive-Green|#6D6D3F|0|Plate IV
Ridgway||Olive-Ocher|#C6A34C|0|Plate XXX
Ridgway||Olive-Yellow|#C5B554|0|Plate XXX
Ridgway||Olivine|#BCC99A|0|Plate XXXII
Ridgway||Olympic Blue|#5A93D1|0|Plate XX
Ridgway||Onion-skin Pink|#DA9678|0|Plate XXVIII
Ridgway||Ontario Violet|#9199C1|0|Plate XXXVI
Ridgway||Opaline Green|#DCE9C2|0|Plate VII
Ridgway||Orange|#FE8E07|0|Plate III
Ridgway||Orange Chrome|#FD7D1F|0|Plate II
Ridgway||Orange-Buff|#FED39C|0|Plate III
Ridgway||Orange-Cinnamon|#C48256|0|Plate XXIX
Ridgway||Orange-Citrine|#947629|0|Plate IV
Ridgway||Orange-Pink|#FECBA7|0|Plate II
Ridgway||Orange-Rufous|#CB6325|0|Plate II
Ridgway||Orange-Vinaceous|#C7887F|0|Plate XXVII
Ridgway||Orient Blue|#6489A5|0|Plate XXXIV
Ridgway||Orient Pink|#FEC5AF|0|Plate II
Ridgway||Oriental Green|#75AC79|0|Plate XVIII
Ridgway||Oural Green|#D0E0BA|0|Plate XVIII
Ridgway||Ox-blood Red|#7A3633|0|Plate I
Ridgway||Oxide Blue|#036AAD|0|Plate VIII
Ridgway||Pale Amaranth Pink|#FCC0EE|0|Plate XII
Ridgway||Pale Amparo Blue|#C3D5F7|0|Plate IX
Ridgway||Pale Amparo Purple|#EBB3F1|0|Plate XI
Ridgway||Pale Aniline Lilac|#C9C2CE|0|Plate XXXV
Ridgway||Pale Blue (Ethyl Blue)|#BDE2EC|0|Plate VIII
Ridgway||Pale Blue-Green|#D5EFD1|0|Plate VII
Ridgway||Pale Blue-Violet|#ADBAF3|0|Plate X
Ridgway||Pale Bluish Lavender|#D4CBD7|0|Plate XXXVI
Ridgway||Pale Bluish Violet|#B2B6EF|0|Plate X
Ridgway||Pale Brownish Drab|#BAABA3|0|Plate XLV
Ridgway||Pale Brownish Vinaceous|#DDC3BB|0|Plate XXXIX
Ridgway||Pale Cadet Blue|#A5BCED|0|Plate XXI
Ridgway||Pale Campanula Blue|#C7CCE3|0|Plate XXIV
Ridgway||Pale Cendre Green|#ECECBC|0|Plate VI
Ridgway||Pale Cerulean Blue|#94CCED|0|Plate VIII
Ridgway||Pale Chalcedony Yellow|#F0E8B5|0|Plate XVII
Ridgway||Pale Cinnamon-Pink|#F5D3C3|0|Plate XXIX
Ridgway||Pale Congo Pink|#E5C4B7|0|Plate XXVIII
Ridgway||Pale Drab-Gray|#C3BCB2|0|Plate XLVI
Ridgway||Pale Dull Glaucous-Blue|#B6CCCA|0|Plate XLII
Ridgway||Pale Dull Green-Yellow|#EFE9B0|0|Plate XVII
Ridgway||Pale Ecru-Drab|#C2B7AD|0|Plate XLVI
Ridgway||Pale Flesh Color|#F5CEC0|0|Plate XIV
Ridgway||Pale Fluorite Green|#DADDBC|0|Plate XXXII
Ridgway||Pale Forget-me-not Blue|#BAC4D4|0|Plate XXII
Ridgway||Pale Glass Green|#E4DCB1|0|Plate XXXI
Ridgway||Pale Glaucous-Blue|#BCCCCC|0|Plate XXXIV
Ridgway||Pale Glaucous-Green|#D6DDCC|0|Plate XXXIII
Ridgway||Pale Grayish Blue|#C5D8F6|0|Plate XXI
Ridgway||Pale Grayish Blue-Violet|#C2C0CF|0|Plate XXXV
Ridgway||Pale Grayish Vinaceous|#DCC5B8|0|Plate XXXIX
Ridgway||Pale Grayish Violet-Blue|#9FACD9|0|Plate XXIV
Ridgway||Pale Green-Blue Gray|#A8B2B4|0|Plate XLVIII
Ridgway||Pale Green-Yellow|#F8EEA3|0|Plate V
Ridgway||Pale Greenish Yellow|#C2B373|0|Plate V
Ridgway||Pale Gull Gray|#C4BFB1|0|Plate LIII
Ridgway||Pale Hortense Violet|#E0B7F2|0|Plate XI
Ridgway||Pale King's Blue|#C1CCD4|0|Plate XXII
Ridgway||Pale Laelia Pink|#DBBDC4|0|Plate XXXVIII
Ridgway||Pale Lavender-Violet|#D7C5E1|0|Plate XXV
Ridgway||Pale Lemon Yellow|#FEE562|0|Plate IV
Ridgway||Pale Lilac|#D8C5D0|0|Plate XXXVII
Ridgway||Pale Lobelia Violet|#D2C3CC|0|Plate XXXVII
Ridgway||Pale Lumiere Green|#E5E7B2|0|Plate XVII
Ridgway||Pale Mauve|#D9C8EF|0|Plate XXV
Ridgway||Pale Mazarine Blue|#C4DAF6|0|Plate IX
Ridgway||Pale Medici Blue|#A5B0B0|0|Plate XLVIII
Ridgway||Pale Methyl Blue|#91C4E4|0|Plate VIII
Ridgway||Pale Mouse Gray|#A9A49A|0|Plate LI
Ridgway||Pale Neropalin Blue|#B8C5D6|0|Plate XXII
Ridgway||Pale Neutral Gray|#A2A29A|0|Plate LIII
Ridgway||Pale Niagara Green|#C8D6C6|0|Plate XXXIII
Ridgway||Pale Nile Blue|#B9DED7|0|Plate XIX
Ridgway||Pale Ochraceous-Buff|#FCD9B6|0|Plate XV
Ridgway||Pale Ochraceous-Salmon|#FED9BB|0|Plate XV
Ridgway||Pale Olive-Buff|#DCD0B6|0|Plate XL
Ridgway||Pale Olive-Gray|#B8B4A4|0|Plate LI
Ridgway||Pale Olivine|#D1D9BC|0|Plate XXXII
Ridgway||Pale Orange-Yellow|#FED590|0|Plate III
Ridgway||Pale Payne's Gray|#9FA8AE|0|Plate XLIX
Ridgway||Pale Persian Lilac|#E4C0C9|0|Plate XXXVIII
Ridgway||Pale Pinkish Buff|#F2D6BC|0|Plate XXIX
Ridgway||Pale Pinkish Cinnamon|#F3D4C2|0|Plate XXIX
Ridgway||Pale Purple-Drab|#B3A29E|0|Plate XLV
Ridgway||Pale Purplish Gray|#9D9A95|0|Plate LIII
Ridgway||Pale Purplish Vinaceous|#D0BAB5|0|Plate XXXIX
Ridgway||Pale Quaker Drab|#9E9A95|0|Plate LI
Ridgway||Pale Rhodonite Pink|#EEC6CA|0|Plate XXXVIII
Ridgway||Pale Rose-Purple|#E6C4D7|0|Plate XXVI
Ridgway||Pale Rosolane Purple|#E9A0C9|0|Plate XXVI
Ridgway||Pale Russian Blue|#B5C6CA|0|Plate XLII
Ridgway||Pale Salmon Color|#F8D6C1|0|Plate XIV
Ridgway||Pale Smoke Gray|#BFB9AC|0|Plate XLVI
Ridgway||Pale Soft Blue-Violet|#ABAFEA|0|Plate XXIII
Ridgway||Pale Sulphate Green|#9DD6C3|0|Plate XIX
Ridgway||Pale Tiber Green|#DAE5B4|0|Plate XVIII
Ridgway||Pale Turquoise Green|#C1DED1|0|Plate VII
Ridgway||Pale Turtle Green|#D9D6AE|0|Plate XXXII
Ridgway||Pale Varley's Gray|#98999F|0|Plate XLIX
Ridgway||Pale Verbena Violet|#CEC9D8|0|Plate XXXVI
Ridgway||Pale Veronese Green|#DFE7B9|0|Plate XVIII
Ridgway||Pale Vinaceous|#D7B8BA|0|Plate XXVII
Ridgway||Pale Vinaceous-Drab|#BAA8A0|0|Plate XLV
Ridgway||Pale Vinaceous-Fawn|#D1C2B3|0|Plate XL
Ridgway||Pale Vinaceous-Lilac|#DBC5C8|0|Plate XLIV
Ridgway||Pale Vinaceous-Pink|#F1CFC2|0|Plate XXVIII
Ridgway||Pale Violet|#B3AFE7|0|Plate X
Ridgway||Pale Violet-Blue|#A3B5EC|0|Plate IX
Ridgway||Pale Violet-Gray|#A5A4A4|0|Plate LII
Ridgway||Pale Violet-Plumbeous|#B3B5B9|0|Plate XLIX
Ridgway||Pale Viridine Yellow|#F4F0AC|0|Plate V
Ridgway||Pale Windsor Blue|#9FADC4|0|Plate XXXV
Ridgway||Pale Wistaria Blue|#C1BFEE|0|Plate XXIII
Ridgway||Pale Wistaria Violet|#CAC4F1|0|Plate XXIII
Ridgway||Pale Yellow-Green|#DAE7AD|0|Plate VI
Ridgway||Pale Yellow-Orange|#FED39C|0|Plate III
Ridgway||Pallid Blue-Violet|#CED2F4|0|Plate X
Ridgway||Pallid Bluish Violet|#CDCEF5|0|Plate X
Ridgway||Pallid Brownish Drab|#CCC2B7|0|Plate XLV
Ridgway||Pallid Grayish Violet-Blue|#B6BDD5|0|Plate XXIV
Ridgway||Pallid Methyl Blue|#BFE0F3|0|Plate VIII
Ridgway||Pallid Mouse Gray|#B9B4A7|0|Plate LI
Ridgway||Pallid Neutral Gray|#BBB8AE|0|Plate LIII
Ridgway||Pallid Purple-Drab|#C5BDB8|0|Plate XLV
Ridgway||Pallid Purplish Gray|#BBB6AD|0|Plate LIII
Ridgway||Pallid Quaker Drab|#AFA89D|0|Plate LI
Ridgway||Pallid Soft Blue-Violet|#C3C7F3|0|Plate XXIII
Ridgway||Pallid Vinaceous-Drab|#CDC2BA|0|Plate XLV
Ridgway||Pallid Violet|#CECAF1|0|Plate X
Ridgway||Pallid Violet-Blue|#C1CEEF|0|Plate IX
Ridgway||Pansy Purple|#843751|0|Plate XII
Ridgway||Pansy Violet|#843D75|0|Plate XI
Ridgway||Paris Blue|#285F93|0|Plate VIII
Ridgway||Paris Green|#84B289|0|Plate XVIII
Ridgway||Parrot Green|#888C4D|0|Plate VI
Ridgway||Parula Blue|#6E90A1|0|Plate XLII
Ridgway||Patent Blue|#145A72|0|Plate VIII
Ridgway||Payne's Gray|#707D88|0|Plate XLIX
Ridgway||Pea Green|#92A287|0|Plate XLVII
Ridgway||Peach Red|#F9725C|0|Plate I
Ridgway||Peacock Blue|#026998|0|Plate VIII
Ridgway||Peacock Green|#548B67|0|Plate VI
Ridgway||Pearl Blue|#BFC1CD|0|Plate XXXV
Ridgway||Pearl Gray|#B1B0A3|0|Plate LII
Ridgway||Pecan Brown|#AE7257|0|Plate XXVIII
Ridgway||Perilla Purple|#794D58|0|Plate XXXVII
Ridgway||Persian Blue|#BED8EC|0|Plate XX
Ridgway||Persian Lilac|#D99AA9|0|Plate XXXVIII
Ridgway||Petunia Violet|#8D6196|0|Plate XXV
Ridgway||Phenyl Blue|#3E5CCD|0|Plate IX
Ridgway||Phlox Pink|#F0BEEA|0|Plate XI
Ridgway||Phlox Purple|#C961B5|0|Plate XI
Ridgway||Picnic Yellow|#FEE769|0|Plate IV
Ridgway||Pinard Yellow|#FEE97F|0|Plate IV
Ridgway||Pinkish Buff|#E8C098|0|Plate XXIX
Ridgway||Pinkish Cinnamon|#E0A074|0|Plate XXIX
Ridgway||Pinkish Vinaceous|#CDA19E|0|Plate XXVII
Ridgway||Pistachio Green|#7A9B7C|0|Plate XLI
Ridgway||Pleroma Violet|#8759A2|0|Plate XXV
Ridgway||Plum Purple|#35384E|0|Plate XXIV
Ridgway||Plumbago Blue|#BBBBC6|0|Plate XLIII
Ridgway||Plumbago Gray|#98959D|0|Plate L
Ridgway||Plumbago Slate|#63656D|0|Plate L
Ridgway||Plumbeous|#8B9298|0|Plate LII
Ridgway||Plumbeous-Black|#394647|0|Plate LII
Ridgway||Pois Green|#828B68|0|Plate XLI
Ridgway||Pomegranate Purple|#B83250|0|Plate XII
Ridgway||Pompeian Red|#AC524C|0|Plate XIII
Ridgway||Porcelain Blue|#6A949C|0|Plate XXXIV
Ridgway||Porcelain Green|#4F8582|0|Plate XXXIII
Ridgway||Primrose Yellow|#ECD596|0|Plate XXX
Ridgway||Primuline Yellow|#EFB83E|0|Plate XVI
Ridgway||Prout's Brown|#78593E|0|Plate XV
Ridgway||Prune Purple|#543556|0|Plate XI
Ridgway||Prussian Blue|#335084|0|Plate IX
Ridgway||Prussian Green|#2D7A72|0|Plate XIX
Ridgway||Prussian Red|#895B51|0|Plate XXVII
Ridgway||Puritan Gray|#ABB6AF|0|Plate XLVII
Ridgway||Purple (True)|#BE27A0|0|Plate XI
Ridgway||Purple-Drab|#927A79|0|Plate XLV
Ridgway||Purplish Gray|#797674|0|Plate LIII
Ridgway||Purplish Lilac|#C3A1B3|0|Plate XXXVII
Ridgway||Purplish Vinaceous|#BE8D8E|0|Plate XXXIX
Ridgway||Pyrite Yellow|#BDA33F|0|Plate IV
Ridgway||Quaker Drab|#858078|0|Plate LI
Ridgway||Rainette Green|#9C995F|0|Plate XXXI
Ridgway||Raisin Black|#484447|0|Plate XLIV
Ridgway||Raisin Purple|#7E4165|0|Plate XI
Ridgway||Ramier Blue|#7A7C8E|0|Plate XLIII
Ridgway||Raw Sienna|#C38213|0|Plate III
Ridgway||Raw Umber|#695332|0|Plate III
Ridgway||Reed Yellow|#DEC67F|0|Plate XXX
Ridgway||Rejane Green|#A0B893|0|Plate XXXIII
Ridgway||Rhodamine Purple|#D02395|0|Plate XII
Ridgway||Rhodonite Pink|#DF9FA8|0|Plate XXXVIII
Ridgway||Rinnemann's Green|#779064|0|Plate XVIII
Ridgway||Rivage Green|#B2CC81|0|Plate XVIII
Ridgway||Rocellin Purple|#D2838F|0|Plate XXXVIII
Ridgway||Roman Green|#6F7044|0|Plate XVI
Ridgway||Rood's Blue|#2B57A8|0|Plate IX
Ridgway||Rood's Brown|#8F6852|0|Plate XXVIII
Ridgway||Rood's Lavender|#A8A8AC|0|Plate XLIX
Ridgway||Rood's Violet|#894067|0|Plate XI
Ridgway||Rose Color|#EA598F|0|Plate XII
Ridgway||Rose Doree|#E9696B|0|Plate I
Ridgway||Rose Pink|#FEC2E4|0|Plate XII
Ridgway||Rose Red|#D1294E|0|Plate XII
Ridgway||Rose-Purple|#E09DDF|0|Plate XXVI
Ridgway||Roslyn Blue|#50457E|0|Plate X
Ridgway||Rosolane Pink|#F1C4D8|0|Plate XXVI
Ridgway||Rosolane Purple|#BF507E|0|Plate XXVI
Ridgway||Royal Purple|#69519A|0|Plate X
Ridgway||Rufous|#E97C55|0|Plate XIV
Ridgway||Russet|#966443|0|Plate XV
Ridgway||Russet-Vinaceous|#B77E6C|0|Plate XXXIX
Ridgway||Russian Blue|#97B0B9|0|Plate XLII
Ridgway||Russian Green|#69806C|0|Plate XLII
Ridgway||Saccardo's Olive|#81744C|0|Plate XVI
Ridgway||Saccardo's Slate|#3D585D|0|Plate XLVIII
Ridgway||Saccardo's Umber|#896F4C|0|Plate XXIX
Ridgway||Saccardo's Violet|#8C739A|0|Plate XXXVII
Ridgway||Safrano Pink|#FECCBE|0|Plate II
Ridgway||Sage Green|#80967B|0|Plate XLVII
Ridgway||Sailor Blue|#565F96|0|Plate XXI
Ridgway||Salmon Color|#F3AB89|0|Plate XIV
Ridgway||Salmon-Buff|#FDC39C|0|Plate XIV
Ridgway||Salmon-Orange|#FE9149|0|Plate II
Ridgway||Salvia Blue|#6190EB|0|Plate IX
Ridgway||Sanford's Brown|#A1562F|0|Plate II
Ridgway||Sayal Brown|#AC7E56|0|Plate XXIX
Ridgway||Scarlet|#E94527|0|Plate I
Ridgway||Scarlet-Red|#E12A32|0|Plate I
Ridgway||Scheele's Green|#A4AB59|0|Plate VI
Ridgway||Schoenfeld's Purple|#9D4673|0|Plate XXVI
Ridgway||Sea Green|#388783|0|Plate XIX
Ridgway||Seafoam Green|#E9E0B7|0|Plate XXXI
Ridgway||Seafoam Yellow|#EADFBB|0|Plate XXXI
Ridgway||Seal Brown|#574C46|0|Plate XXXIX
Ridgway||Seashell Pink|#F6D6BC|0|Plate XIV
Ridgway||Sepia|#665841|0|Plate XXIX
Ridgway||Serpentine Green|#8B8647|0|Plate XVI
Ridgway||Shamrock Green|#78976A|0|Plate XXXII
Ridgway||Shell Pink|#F3D1BF|0|Plate XXVIII
Ridgway||Shrimp Pink|#FDCABC|0|Plate I
Ridgway||Skobeloff Green|#038C84|0|Plate VII
Ridgway||Sky Blue|#95C1E7|0|Plate XX
Ridgway||Sky Gray|#B9C4CF|0|Plate XXXIV
Ridgway||Slate Color|#4F5B5D|0|Plate LIII
Ridgway||Slate-Black|#333F3A|0|Plate LIII
Ridgway||Slate-Blue|#637284|0|Plate XLIII
Ridgway||Slate-Gray|#687372|0|Plate LIII
Ridgway||Slate-Olive|#657465|0|Plate XLVII
Ridgway||Slate-Purple|#786070|0|Plate XLIV
Ridgway||Slate-Violet 1|#616173|0|Plate XLIII
Ridgway||Slate-Violet 2|#7D7183|0|Plate XLIV
Ridgway||Smalt Blue|#4A57B3|0|Plate IX
Ridgway||Smoke Gray|#B0A896|0|Plate XLVI
Ridgway||Snuff Brown|#8F6C4C|0|Plate XXIX
Ridgway||Soft Blue-Violet|#786FBA|0|Plate XXIII
Ridgway||Soft Bluish Violet|#7F6CB5|0|Plate XXIII
Ridgway||Sooty Black|#505550|0|Plate LI
Ridgway||Sorghum Brown|#936E5F|0|Plate XXXIX
Ridgway||Sorrento Green|#116F75|0|Plate VII
Ridgway||Spectrum Blue|#196CD6|0|Plate IX
Ridgway||Spectrum Red|#A43530|0|Plate I
Ridgway||Spectrum Violet|#6740A6|0|Plate X
Ridgway||Spinach Green|#687B4F|0|Plate V
Ridgway||Spinel Pink|#D86C85|0|Plate XXVI
Ridgway||Spinel Red|#CC526B|0|Plate XXVI
Ridgway||Squill Blue|#72AFD7|0|Plate XX
Ridgway||Stone Green|#689176|0|Plate XLII
Ridgway||Storm Gray|#838D7F|0|Plate LII
Ridgway||Straw Yellow|#FCE499|0|Plate XVI
Ridgway||Strawberry Pink|#FD8A73|0|Plate I
Ridgway||Strontian Yellow|#F6D14B|0|Plate XVI
Ridgway||Sudan Brown|#97622D|0|Plate III
Ridgway||Sulphate Green|#419F90|0|Plate XIX
Ridgway||Sulphine Yellow|#C6A641|0|Plate IV
Ridgway||Sulphur Yellow|#FAEDAD|0|Plate V
Ridgway||Taupe Brown|#4E4242|0|Plate XLIV
Ridgway||Tawny|#C27946|0|Plate XV
Ridgway||Tawny-Olive|#AD8557|0|Plate XXIX
Ridgway||Tea Green|#9EA185|0|Plate XLVII
Ridgway||Terra Cotta|#C4775D|0|Plate XXVIII
Ridgway||Terre Verte|#548478|0|Plate XXXIII
Ridgway||Testaceous|#CB8062|0|Plate XXVIII
Ridgway||Thulite Pink|#EA98B5|0|Plate XXVI
Ridgway||Tiber Green|#BDD99F|0|Plate XVIII
Ridgway||Tilleul Buff|#E4D1BD|0|Plate XL
Ridgway||Tourmaline Pink|#C18095|0|Plate XXXVIII
Ridgway||Turquoise Green|#8DD8C8|0|Plate VII
Ridgway||Turtle Green|#AFC181|0|Plate XXXII
Ridgway||Tyrian Blue|#647B96|0|Plate XXXIV
Ridgway||Tyrian Pink|#E661A0|0|Plate XII
Ridgway||Tyrian Rose|#DA2068|0|Plate XII
Ridgway||Tyrolite Green|#56AEA1|0|Plate VII
Ridgway||Ultramarine Ash|#6178B3|0|Plate XXII
Ridgway||Ultramarine Blue|#195DC6|0|Plate IX
Ridgway||Urania Blue|#32364C|0|Plate XXIV
Ridgway||Vanderpoel's Blue|#5B88BA|0|Plate XX
Ridgway||Vanderpoel's Green|#81A872|0|Plate VI
Ridgway||Vanderpoel's Violet|#7A719A|0|Plate XXXVI
Ridgway||Vandyke Brown|#6A5040|0|Plate XXVIII
Ridgway||Vandyke Red|#814042|0|Plate XIII
Ridgway||Variscite Green|#A2D4B5|0|Plate XIX
Ridgway||Varley's Gray|#747985|0|Plate XLIX
Ridgway||Varley's Green|#55694C|0|Plate XVIII
Ridgway||Venetian Blue|#6984BA|0|Plate XXII
Ridgway||Venetian Pink|#F2BFBF|0|Plate XIII
Ridgway||Venice Green|#5CC8B9|0|Plate VII
Ridgway||Verbena Violet|#A9A7C4|0|Plate XXXVI
Ridgway||Verdigris Green|#469C7E|0|Plate XIX
Ridgway||Vernonia Purple|#9A606B|0|Plate XXXVIII
Ridgway||Verona Brown|#8D6A4E|0|Plate XXIX
Ridgway||Veronese Green|#CADA96|0|Plate XVIII
Ridgway||Vetiver Green|#989973|0|Plate XLVII
Ridgway||Victoria Lake|#623C38|0|Plate I
Ridgway||Vinaceous|#C6959C|0|Plate XXVII
Ridgway||Vinaceous-Brown|#916A61|0|Plate XXXIX
Ridgway||Vinaceous-Buff|#CEB29A|0|Plate XL
Ridgway||Vinaceous-Cinnamon|#D49772|0|Plate XXIX
Ridgway||Vinaceous-Drab|#957B74|0|Plate XLV
Ridgway||Vinaceous-Fawn|#C09580|0|Plate XL
Ridgway||Vinaceous-Gray|#A89BA0|0|Plate L
Ridgway||Vinaceous-Lavender|#CCBAC1|0|Plate XLIV
Ridgway||Vinaceous-Lilac|#B58A96|0|Plate XLIV
Ridgway||Vinaceous-Pink|#EBB69F|0|Plate XXVIII
Ridgway||Vinaceous-Purple 1|#93606E|0|Plate XXXVIII
Ridgway||Vinaceous-Purple 2|#887082|0|Plate XLIV
Ridgway||Vinaceous-Rufous|#B55A40|0|Plate XIV
Ridgway||Vinaceous-Russet|#A16F5B|0|Plate XXVIII
Ridgway||Vinaceous-Slate|#655E60|0|Plate L
Ridgway||Vinaceous-Tawny|#CB7F5A|0|Plate XXVIII
Ridgway||Violet Carmine|#61373D|0|Plate XII
Ridgway||Violet Ultramarine|#5E47AB|0|Plate X
Ridgway||Violet-Gray|#7A7D80|0|Plate LII
Ridgway||Violet-Plumbeous|#838A98|0|Plate XLIX
Ridgway||Violet-Purple|#A13CA8|0|Plate XI
Ridgway||Violet-Slate|#5F686F|0|Plate XLIX
Ridgway||Viridian Green|#0C8970|0|Plate VII
Ridgway||Viridine Green|#DDE490|0|Plate VI
Ridgway||Viridine Yellow|#B1C060|0|Plate V
Ridgway||Vivid Green|#36A57B|0|Plate VII
Ridgway||Wall Green|#047571|0|Plate VII
Ridgway||Walnut Brown|#8F6450|0|Plate XXVIII
Ridgway||Warbler Green|#908538|0|Plate IV
Ridgway||Warm Blackish Brown|#554A45|0|Plate XXXIX
Ridgway||Warm Buff|#F9C78E|0|Plate XV
Ridgway||Warm Sepia|#6E5644|0|Plate XXIX
Ridgway||Water Green|#C1C6A0|0|Plate XLI
Ridgway||Wax Yellow|#F0C441|0|Plate XVI
Ridgway||Wedgewood Blue|#C0CBF4|0|Plate XXI
Ridgway||White|#FAF5EA|0|Plate LIII
Ridgway||Windsor Blue|#667399|0|Plate XXXV
Ridgway||Winter Green|#6A8F69|0|Plate XVIII
Ridgway||Wistaria Blue|#9592DC|0|Plate XXIII
Ridgway||Wistaria Violet|#A092DD|0|Plate XXIII
Ridgway||Wood Brown|#B2906E|0|Plate XL
Ridgway||Xanthine Orange|#D06D1D|0|Plate III
Ridgway||Yale Blue|#84ABDD|0|Plate XX
Ridgway||Yellow Ocher|#DF9A44|0|Plate XV
Ridgway||Yellow-Green|#DAD23F|0|Plate VI
Ridgway||Yellowish Citrine|#AD9E4B|0|Plate XVI
Ridgway||Yellowish Glaucous|#C7C8AF|0|Plate XLI
Ridgway||Yellowish Oil Green|#8D8745|0|Plate V
Ridgway||Yellowish Olive|#7C764D|0|Plate XXX
Ridgway||Yew Green|#556147|0|Plate XXXI
Ridgway||Yvette Violet|#59516A|0|Plate XXXVI
Ridgway||Zinc Green|#5A8E74|0|Plate XIX
Ridgway||Zinc Orange|#ED8D4B|0|Plate XV
