SherwinWilliams||Exuberant Pink|#B54D7F|1|SW 6840
SherwinWilliams||Dragon Fruit|#CC617F|1|SW 6855
SherwinWilliams||Cherries Jubilee|#AB3C51|1|SW 6862
SherwinWilliams||Radish|#A42E41|1|SW 6861
SherwinWilliams||Heartthrob|#A82E33|1|SW 6866
SherwinWilliams||Real Red|#BF2D32|1|SW 6868
SherwinWilliams||Positive Red|#AD2C34|1|SW 6871
SherwinWilliams||Stop|#C33A36|1|SW 6869
SherwinWilliams||Obstinate Orange|#D7552A|1|SW 6884
SherwinWilliams||Knockout Orange|#E16F3E|1|SW 6885
SherwinWilliams||Invigorate|#E47237|1|SW 6886
SherwinWilliams||Navel|#EC8430|1|SW 6887
SherwinWilliams||Carnival|#EB882C|1|SW 6892
SherwinWilliams||Osage Orange|#F4A045|1|SW 6890
SherwinWilliams||Gusto Gold|#F8AC1D|1|SW 6904
SherwinWilliams||Goldfinch|#FDB702|1|SW 6905
SherwinWilliams||Decisive Yellow|#FDCC4E|1|SW 6902
SherwinWilliams||Forsythia|#FFC801|1|SW 6907
SherwinWilliams||Lemon Twist|#FED95D|1|SW 6909
SherwinWilliams||Daisy|#FED340|1|SW 6910
SherwinWilliams||Confident Yellow|#FECB01|1|SW 6911
SherwinWilliams||Humorous Green|#C6B836|1|SW 6918
SherwinWilliams||Center Stage|#B2C216|1|SW 6920
SherwinWilliams||Electric Lime|#9ABA25|1|SW 6921
SherwinWilliams||Direct Green|#3F8A24|1|SW 6924
SherwinWilliams||Envy|#358C3F|1|SW 6925
SherwinWilliams||Lucky Green|#238652|1|SW 6926
SherwinWilliams||Greenbelt|#017244|1|SW 6927
SherwinWilliams||Jitterbug Jade|#019D6E|1|SW 6987
SherwinWilliams||Nifty Turquoise|#019187|1|SW 6941
SherwinWilliams||Splashy|#019196|1|SW 6942
SherwinWilliams||Intense Teal|#017680|1|SW 6943
SherwinWilliams||Calypso|#01B0BB|1|SW 6950
SherwinWilliams||Dynamic Blue|#0192C6|1|SW 6958
SherwinWilliams||Hyper Blue|#015F97|1|SW 6965
SherwinWilliams||Blue Chip|#016EA7|1|SW 6959
SherwinWilliams||Blueblood|#015086|1|SW 6966
SherwinWilliams||Frank Blue|#225288|1|SW 6967
SherwinWilliams||Morning Glory|#3C4C80|1|SW 6971
SherwinWilliams||Fully Purple|#514C7E|1|SW 6983
SherwinWilliams||African Violet|#665385|1|SW 6982
SherwinWilliams||Passionate Purple|#795484|1|SW 6981
SherwinWilliams||Requisite Gray|#B9B2A9|1|SW 7023
SherwinWilliams||Versatile Gray|#C1B6AB|1|SW 6072
SherwinWilliams||Mindful Gray|#BCB7AD|1|SW 7016
SherwinWilliams||Amazing Gray|#BEB5A9|1|SW 7044
SherwinWilliams||Jogging Path|#C0B9A9|1|SW 7638
SherwinWilliams||Loggia|#C4B7A5|1|SW 7506
SherwinWilliams||Balanced Beige|#C0B2A2|1|SW 7037
SherwinWilliams||Pearly White|#E8E3D9|1|SW 7009
SherwinWilliams||Alabaster|#EDEAE0|1|SW 7008
SherwinWilliams||Snowbound|#EDEAE5|1|SW 7004
SherwinWilliams||Dover White|#F0EADC|1|SW 6385
SherwinWilliams||Casa Blanca|#EDE1CE|1|SW 7571
SherwinWilliams||Neutral Ground|#E2DACA|1|SW 7568
SherwinWilliams||Muslin|#EADFC9|1|SW 6133
SherwinWilliams||Teaberry|#EBD1DB|1|SW 6561
SherwinWilliams||Lighthearted Pink|#EDD5DD|1|SW 6568
SherwinWilliams||Priscilla|#F1D3DA|1|SW 6575
SherwinWilliams||Impatiens Petal|#F1D2D7|1|SW 6582
SherwinWilliams||Alyssum|#F2D5D7|1|SW 6589
SherwinWilliams||Bella Pink|#F1C6C4|1|SW 6596
SherwinWilliams||Oleander|#F2CCC5|1|SW 6603
SherwinWilliams||Irresistible|#E3C0CF|1|SW 6562
SherwinWilliams||Childlike|#E8C0CF|1|SW 6569
SherwinWilliams||Azalea Flower|#EFC0CB|1|SW 6576
SherwinWilliams||In the Pink|#F0BCC9|1|SW 6583
SherwinWilliams||Loveable|#F0C1C6|1|SW 6590
SherwinWilliams||Hopeful|#F0B3B2|1|SW 6597
SherwinWilliams||Youthful Coral|#F0AFA8|1|SW 6604
SherwinWilliams||Rosebay|#CB9AAD|1|SW 6563
SherwinWilliams||Haute Pink|#D899B1|1|SW 6570
SherwinWilliams||Jaipur Pink|#E392A1|1|SW 6577
SherwinWilliams||Cheery|#EB92A3|1|SW 6584
SherwinWilliams||Amaryllis|#ED939D|1|SW 6591
SherwinWilliams||Dishy Coral|#ED9190|1|SW 6598
SherwinWilliams||Charisma|#EE9489|1|SW 6605
SherwinWilliams||Red Clover|#B87E93|1|SW 6564
SherwinWilliams||Cyclamen|#C47B95|1|SW 6571
SherwinWilliams||Tuberose|#D47C8C|1|SW 6578
SherwinWilliams||Coming up Roses|#DD7788|1|SW 6585
SherwinWilliams||Grenadine|#D66972|1|SW 6592
SherwinWilliams||Begonia|#D76C6E|1|SW 6599
SherwinWilliams||Coral Reef|#D9766C|1|SW 6606
SherwinWilliams||Grandeur Plum|#92576F|1|SW 6565
SherwinWilliams||Ruby Shade|#A2566F|1|SW 6572
SherwinWilliams||Gala Pink|#B04B63|1|SW 6579
SherwinWilliams||Eros Pink|#C84F68|1|SW 6860
SherwinWilliams||Coral Bells|#BB4B51|1|SW 6593
SherwinWilliams||Enticing Red|#B74E4F|1|SW 6600
SherwinWilliams||Red Tomato|#B24743|1|SW 6607
SherwinWilliams||Dynamo|#953D68|1|SW 6841
SherwinWilliams||Juneberry|#854158|1|SW 6573
SherwinWilliams||Hot|#AC4362|1|SW 6843
SherwinWilliams||Heartfelt|#BD4C5F|1|SW 6586
SherwinWilliams||Show Stopper|#A42E37|1|SW 7588
SherwinWilliams||Tanager|#A43834|1|SW 6601
SherwinWilliams||Rave Red|#A13B34|1|SW 6608
SherwinWilliams||Forward Fuchsia|#92345B|1|SW 6842
SherwinWilliams||Framboise|#7C3655|1|SW 6566
SherwinWilliams||Cerise|#99324E|1|SW 6580
SherwinWilliams||Valentine|#A53A4E|1|SW 6587
SherwinWilliams||Poinsettia|#9D373C|1|SW 6594
SherwinWilliams||Antique Red|#9F4442|1|SW 7587
SherwinWilliams||Bolero|#903934|1|SW 7600
SherwinWilliams||Koral Kicks|#F2D1C3|1|SW 6610
SherwinWilliams||Blushing|#F0D1C3|1|SW 6617
SherwinWilliams||Peach Blossom|#F3D0BD|1|SW 6624
SherwinWilliams||Naive Peach|#F3D3BF|1|SW 6631
SherwinWilliams||Flattering Peach|#F4D3B3|1|SW 6638
SherwinWilliams||Flan|#F4D4AF|1|SW 6652
SherwinWilliams||Captivating Cream|#F4D9B1|1|SW 6659
SherwinWilliams||Jovial|#F2B8A7|1|SW 6611
SherwinWilliams||Cosmetic Peach|#F3C1AB|1|SW 6618
SherwinWilliams||Certain Peach|#F2BDA2|1|SW 6625
SherwinWilliams||Neighborly Peach|#F3C1A3|1|SW 6632
SherwinWilliams||Avid Apricot|#F4C69F|1|SW 6639
SherwinWilliams||Delicious Melon|#F5C894|1|SW 6653
SherwinWilliams||Honey Blush|#F5CF9B|1|SW 6660
SherwinWilliams||Ravishing Coral|#E79580|1|SW 6612
SherwinWilliams||Sockeye|#E49780|1|SW 6619
SherwinWilliams||Sunset|#E2946F|1|SW 6626
SherwinWilliams||Inventive Orange|#E89D6F|1|SW 6633
SherwinWilliams||Melón Meloso|#F2B88C|1|SW 9007
SherwinWilliams||Surprise Amber|#EFB57A|1|SW 6654
SherwinWilliams||Bellini Fizz|#F5C78E|1|SW 9008
SherwinWilliams||Lei Flower|#D87B6A|1|SW 6613
SherwinWilliams||Rejuvenate|#DD7861|1|SW 6620
SherwinWilliams||Emberglow|#D67C56|1|SW 6627
SherwinWilliams||Copper Harbor|#D57E52|1|SW 6634
SherwinWilliams||Tangerine|#F2AC78|1|SW 6640
SherwinWilliams||Adventure Orange|#E69F5F|1|SW 6655
SherwinWilliams||Papaya|#EFB97B|1|SW 6661
SherwinWilliams||Quite Coral|#C76356|1|SW 6614
SherwinWilliams||Emotional|#C65F47|1|SW 6621
SherwinWilliams||Robust Orange|#C4633E|1|SW 6628
SherwinWilliams||Determined Orange|#C56639|1|SW 6635
SherwinWilliams||Outgoing Orange|#E6955F|1|SW 6641
SherwinWilliams||Serape|#D88B4D|1|SW 6656
SherwinWilliams||Summer Day|#EAAA62|1|SW 6662
SherwinWilliams||Peppery|#B85444|1|SW 6615
SherwinWilliams||Hearty Orange|#B44B34|1|SW 6622
SherwinWilliams||Jalapeño|#B1533C|1|SW 6629
SherwinWilliams||Husky Orange|#BB613E|1|SW 6636
SherwinWilliams||Rhumba Orange|#CB7841|1|SW 6642
SherwinWilliams||Amber Wave|#D28240|1|SW 6657
SherwinWilliams||Saffron Thread|#DF984E|1|SW 6663
SherwinWilliams||Habanero Chile|#B8473D|1|SW 7589
SherwinWilliams||Cayenne|#C04D35|1|SW 6881
SherwinWilliams||Brick Paver|#93402F|1|SW 7599
SherwinWilliams||Raucous Orange|#C35530|1|SW 6883
SherwinWilliams||Yam|#C36F3E|1|SW 6643
SherwinWilliams||Earthen Jug|#A85E39|1|SW 7703
SherwinWilliams||Marigold|#D28233|1|SW 6664
SherwinWilliams||Enjoyable Yellow|#F5D6A9|1|SW 6666
SherwinWilliams||Banana Cream|#F5DEAF|1|SW 6673
SherwinWilliams||They call it Mellow|#FBE4B3|1|SW 9015
SherwinWilliams||Friendly Yellow|#F5E0B1|1|SW 6680
SherwinWilliams||Lantern Light|#F4E1AE|1|SW 6687
SherwinWilliams||Glad Yellow|#F5E1AC|1|SW 6694
SherwinWilliams||Pineapple Cream|#F2EAC3|1|SW 1668
SherwinWilliams||Afterglow|#F6CD8E|1|SW 6667
SherwinWilliams||Jonquil|#F7D391|1|SW 6674
SherwinWilliams||La Luna Amarilla|#FDDFA0|1|SW 9016
SherwinWilliams||Butter Up|#F6DDA3|1|SW 6681
SherwinWilliams||Solaria|#F5D68F|1|SW 6688
SherwinWilliams||Midday|#F7D78A|1|SW 6695
SherwinWilliams||Icy Lemonade|#F4E8B2|1|SW 1667
SherwinWilliams||Sunrise|#F4BF77|1|SW 6668
SherwinWilliams||Pollen Powder|#FBD187|1|SW 9014
SherwinWilliams||Sunny Veranda|#FEDF94|1|SW 9017
SherwinWilliams||Naples Yellow|#F6D58F|1|SW 9021
SherwinWilliams||Yellow Bird|#F1CD7B|1|SW 9022
SherwinWilliams||Quilt Gold|#EAC365|1|SW 6696
SherwinWilliams||Venetian Yellow|#F6E3A1|1|SW 1666
SherwinWilliams||Olden Amber|#EEB76B|1|SW 9013
SherwinWilliams||Afternoon|#FBCB78|1|SW 6675
SherwinWilliams||Honey Bees|#FBD682|1|SW 9018
SherwinWilliams||June Day|#F6C973|1|SW 6682
SherwinWilliams||Overjoy|#EEC25F|1|SW 6689
SherwinWilliams||Nugget|#DBB04A|1|SW 6697
SherwinWilliams||Fun Yellow|#F7E594|1|SW 6908
SherwinWilliams||Yarrow|#EBAD5E|1|SW 6669
SherwinWilliams||Butterfield|#F7BE5B|1|SW 6676
SherwinWilliams||Golden Plumeria|#FBD073|1|SW 9019
SherwinWilliams||Bee|#F1BA55|1|SW 6683
SherwinWilliams||Gambol Gold|#E1B047|1|SW 6690
SherwinWilliams||Kingdom Gold|#D1A436|1|SW 6698
SherwinWilliams||Funky Yellow|#EDD26F|1|SW 6913
SherwinWilliams||Gold Crest|#DF9938|1|SW 6670
SherwinWilliams||Goldenrod|#F2AF46|1|SW 6677
SherwinWilliams||Rayo de Sol|#F4C454|1|SW 9020
SherwinWilliams||Brittlebush|#EAAE47|1|SW 6684
SherwinWilliams||Glitzy Gold|#D6A02B|1|SW 6691
SherwinWilliams||Crispy Gold|#C49832|1|SW 6699
SherwinWilliams||Eye Catching|#DDB835|1|SW 6914
SherwinWilliams||Curry|#D88F32|1|SW 6671
SherwinWilliams||Sunflower|#E39A33|1|SW 6678
SherwinWilliams||Cheerful|#FFC723|1|SW 6903
SherwinWilliams||Trinket|#D69835|1|SW 6685
SherwinWilliams||Auric|#C48919|1|SW 6692
SherwinWilliams||Olde World Gold|#8F6C3E|1|SW 7700
SherwinWilliams||Citronella|#CBA901|1|SW 6915
SherwinWilliams||Moonraker|#EEE3B2|1|SW 6701
SherwinWilliams||Springtime|#E9E5B3|1|SW 6708
SherwinWilliams||Lime Granita|#DCE1B8|1|SW 6715
SherwinWilliams||Lacewing|#D7E3CA|1|SW 6729
SherwinWilliams||Cucumber|#D3DFC3|1|SW 6722
SherwinWilliams||Jocular Green|#CCE2CA|1|SW 6736
SherwinWilliams||Mint Condition|#D1E3D2|1|SW 6743
SherwinWilliams||Lively Yellow|#E6D88E|1|SW 6702
SherwinWilliams||Gleeful|#DAD790|1|SW 6709
SherwinWilliams||Dancing Green|#C5CD8F|1|SW 6716
SherwinWilliams||Romaine|#C0D2AD|1|SW 6730
SherwinWilliams||Jardin|#BDD0AB|1|SW 6723
SherwinWilliams||Kiwi|#AED2B0|1|SW 6737
SherwinWilliams||Reclining Green|#B7D7BF|1|SW 6744
SherwinWilliams||Frolic|#D9C661|1|SW 6703
SherwinWilliams||Primavera|#D2D083|1|SW 9031
SherwinWilliams||Lime Rickey|#AFB96A|1|SW 6717
SherwinWilliams||Oh Pistachio|#ABCA99|1|SW 9033
SherwinWilliams||Seawashed Glass|#A9C095|1|SW 9034
SherwinWilliams||Vegan|#8EC298|1|SW 6738
SherwinWilliams||Retro Mint|#9FCDB1|1|SW 9036
SherwinWilliams||Limón Fresco|#CEBC55|1|SW 9030
SherwinWilliams||Mélange Green|#C4C476|1|SW 6710
SherwinWilliams||Stay in Lime|#9FAC5C|1|SW 9032
SherwinWilliams||Picnic|#99C285|1|SW 6731
SherwinWilliams||Mesclun Green|#9DB682|1|SW 6724
SherwinWilliams||Frosted Emerald|#78B185|1|SW 9035
SherwinWilliams||Lark Green|#8AC1A1|1|SW 6745
SherwinWilliams||Hep Green|#C4B146|1|SW 6704
SherwinWilliams||Parakeet|#B4B05A|1|SW 6711
SherwinWilliams||Overt Green|#97A554|1|SW 6718
SherwinWilliams||Organic Green|#7FAC6E|1|SW 6732
SherwinWilliams||Pickle|#85A16A|1|SW 6725
SherwinWilliams||Eco Green|#68A678|1|SW 6739
SherwinWilliams||Julep|#57AA80|1|SW 6746
SherwinWilliams||High Strung|#AC9825|1|SW 6705
SherwinWilliams||Luau Green|#989746|1|SW 6712
SherwinWilliams||Gecko|#7A8833|1|SW 6719
SherwinWilliams||Grasshopper|#4F854A|1|SW 6733
SherwinWilliams||Talipot Palm|#648149|1|SW 6726
SherwinWilliams||Kilkenny|#498555|1|SW 6740
SherwinWilliams||Argyle|#348A5D|1|SW 6747
SherwinWilliams||Offbeat Green|#9C8B1F|1|SW 6706
SherwinWilliams||Verdant|#847E35|1|SW 6713
SherwinWilliams||Paradise|#6C7B30|1|SW 6720
SherwinWilliams||Espalier|#2F5F3A|1|SW 6734
SherwinWilliams||Houseplant|#58713F|1|SW 6727
SherwinWilliams||Derbyshire|#245E36|1|SW 6741
SherwinWilliams||Greens|#016844|1|SW 6748
SherwinWilliams||Waterfall|#C0E3DA|1|SW 6750
SherwinWilliams||Tame Teal|#C1E6DF|1|SW 6757
SherwinWilliams||Swimming|#C2E5E5|1|SW 6764
SherwinWilliams||Bathe Blue|#C2E0E3|1|SW 6771
SherwinWilliams||Aviary Blue|#C6E3E8|1|SW 6778
SherwinWilliams||Quench Blue|#B4E0E7|1|SW 6785
SherwinWilliams||Minor Blue|#B7DFE8|1|SW 6792
SherwinWilliams||Refresh|#A1D4C8|1|SW 6751
SherwinWilliams||Aqueduct|#A1D5CB|1|SW 6758
SherwinWilliams||Spa|#A7DCDC|1|SW 6765
SherwinWilliams||Cay|#A6D0D6|1|SW 6772
SherwinWilliams||Liquid Blue|#A6D4DE|1|SW 6779
SherwinWilliams||Cloudless|#8FD0DD|1|SW 6786
SherwinWilliams||Bluebell|#A2D5E7|1|SW 6793
SherwinWilliams||Aquastone|#89C6B7|1|SW 9043
SherwinWilliams||Little Blue Box|#8AC5BA|1|SW 9044
SherwinWilliams||Bora Bora Shore|#92D0D0|1|SW 9045
SherwinWilliams||Gentle Aquamarine|#97CBD2|1|SW 9046
SherwinWilliams||After the Rain|#8BC4D1|1|SW 9047
SherwinWilliams||Surfin'|#73C0D2|1|SW 9048
SherwinWilliams||Sky Fall|#89C6DF|1|SW 9049
SherwinWilliams||Larchmere|#70BAA7|1|SW 6752
SherwinWilliams||Cooled Blue|#75B9AE|1|SW 6759
SherwinWilliams||Mariner|#6EC2C4|1|SW 6766
SherwinWilliams||Rapture Blue|#7DC1CB|1|SW 6773
SherwinWilliams||Nautilus|#71B8C7|1|SW 6780
SherwinWilliams||Fountain|#56B5CA|1|SW 6787
SherwinWilliams||Flyway|#5DB3D4|1|SW 6794
SherwinWilliams||Jargon Jade|#53A38F|1|SW 6753
SherwinWilliams||Rivulet|#61A89D|1|SW 6760
SherwinWilliams||Aquarium|#3AA9AE|1|SW 6767
SherwinWilliams||Freshwater|#4DA6B2|1|SW 6774
SherwinWilliams||Jamaica Bay|#34A3B6|1|SW 6781
SherwinWilliams||Capri|#01A0B8|1|SW 6788
SherwinWilliams||Major Blue|#289EC4|1|SW 6795
SherwinWilliams||Ionian|#368976|1|SW 6754
SherwinWilliams||Thermal Spring|#3B8C80|1|SW 6761
SherwinWilliams||Gulfstream|#01858B|1|SW 6768
SherwinWilliams||Briny|#08808E|1|SW 6775
SherwinWilliams||Cruising|#018498|1|SW 6782
SherwinWilliams||Blue Mosque|#01819E|1|SW 6789
SherwinWilliams||Blue Plate|#017CA7|1|SW 6796
SherwinWilliams||Starboard|#016C4F|1|SW 6755
SherwinWilliams||Poseidon|#016D60|1|SW 6762
SherwinWilliams||Maxi Teal|#017478|1|SW 6769
SherwinWilliams||Blue Nile|#01717E|1|SW 6776
SherwinWilliams||Amalfi|#016E85|1|SW 6783
SherwinWilliams||Adriatic Sea|#016081|1|SW 6790
SherwinWilliams||Jay Blue|#015D87|1|SW 6797
SherwinWilliams||Soar|#C3DFE8|1|SW 6799
SherwinWilliams||Icelandic|#CBD8E1|1|SW 6526
SherwinWilliams||Rhythmic Blue|#CCDBE5|1|SW 6806
SherwinWilliams||Wishful Blue|#D8DDE6|1|SW 6813
SherwinWilliams||Inspired Lilac|#DFD9E4|1|SW 6820
SherwinWilliams||Elation|#DFDCE5|1|SW 6827
SherwinWilliams||Spangle|#E5DBE5|1|SW 6834
SherwinWilliams||Something Blue|#B0D6E6|1|SW 6800
SherwinWilliams||Blissful Blue|#B2C8D8|1|SW 6527
SherwinWilliams||Wondrous Blue|#B8CDDD|1|SW 6807
SherwinWilliams||Breathtaking|#C7D1E2|1|SW 6814
SherwinWilliams||Potentially Purple|#D1CBDF|1|SW 6821
SherwinWilliams||Rhapsody Lilac|#D2C8DD|1|SW 6828
SherwinWilliams||Euphoric Lilac|#DAC7DA|1|SW 6835
SherwinWilliams||Porch Ceiling|#9BC8DE|1|SW 9063
SherwinWilliams||Cosmos|#8EA9C2|1|SW 6528
SherwinWilliams||Celestial|#97B3D0|1|SW 6808
SherwinWilliams||Agapanthus|#BBC5DE|1|SW 9066
SherwinWilliams||Wisteria|#BDB4D4|1|SW 6822
SherwinWilliams||Magical|#C0AFD0|1|SW 6829
SherwinWilliams||Novel Lilac|#C2A4C2|1|SW 6836
SherwinWilliams||Regale Blue|#7DB5D3|1|SW 6801
SherwinWilliams||Bluesy Note|#7C9AB5|1|SW 9064
SherwinWilliams||Lobelia|#7498BE|1|SW 6809
SherwinWilliams||Awesome Violet|#A7B2D4|1|SW 6815
SherwinWilliams||Forever Lilac|#AFA5C7|1|SW 9067
SherwinWilliams||Berry Frappé|#B3A1C6|1|SW 9068
SherwinWilliams||Baroness|#A785A7|1|SW 6837
SherwinWilliams||Jacaranda|#5A9EC0|1|SW 6802
SherwinWilliams||Scanda|#6B8CA9|1|SW 6529
SherwinWilliams||Perfect Periwinkle|#6487B0|1|SW 9065
SherwinWilliams||Dahlia|#8B98C4|1|SW 6816
SherwinWilliams||Brave Purple|#968DB8|1|SW 6823
SherwinWilliams||Kismet|#A18AB7|1|SW 6830
SherwinWilliams||Veri Berri|#937496|1|SW 9069
SherwinWilliams||Danube|#2377A2|1|SW 6803
SherwinWilliams||Revel Blue|#4C6B8A|1|SW 6530
SherwinWilliams||Lupine|#4E739F|1|SW 6810
SherwinWilliams||Gentian|#6572A5|1|SW 6817
SherwinWilliams||Forget-Me-Not|#716998|1|SW 6824
SherwinWilliams||Clematis|#7E6596|1|SW 6831
SherwinWilliams||Vigorous Violet|#7C5A7E|1|SW 6838
SherwinWilliams||Dignity Blue|#094C73|1|SW 6804
SherwinWilliams||Indigo|#284A70|1|SW 6531
SherwinWilliams||Honorable Blue|#164576|1|SW 6811
SherwinWilliams||Valiant Violet|#3E4371|1|SW 6818
SherwinWilliams||Izmir Purple|#4D426E|1|SW 6825
SherwinWilliams||Impulsive Purple|#624977|1|SW 6832
SherwinWilliams||Kimono Violet|#5D395F|1|SW 6839
SherwinWilliams||Reflection|#D3D5D3|1|SW 7661
SherwinWilliams||Olympus White|#D4D8D7|1|SW 6253
SherwinWilliams||Gray Screen|#C6CACA|1|SW 7071
SherwinWilliams||Passive|#CBCCC9|1|SW 7064
SherwinWilliams||Silver Strand|#C8CBC4|1|SW 7057
SherwinWilliams||Gossamer Veil|#D3CEC4|1|SW 9165
SherwinWilliams||Silverpointe|#D1D2CB|1|SW 7653
SherwinWilliams||Evening Shadow|#C9CCCD|1|SW 7662
SherwinWilliams||Lazy Gray|#BEC1C3|1|SW 6254
SherwinWilliams||Online|#B0B5B5|1|SW 7072
SherwinWilliams||Argos|#BDBDB7|1|SW 7065
SherwinWilliams||Magnetic Gray|#B2B5AF|1|SW 7058
SherwinWilliams||Drift of Mist|#DCD8D0|1|SW 9166
SherwinWilliams||Lattice|#CECEC6|1|SW 7654
SherwinWilliams||Monorail Silver|#B8BCBB|1|SW 7663
SherwinWilliams||Morning Fog|#A8AEB1|1|SW 6255
SherwinWilliams||Network Gray|#A0A5A7|1|SW 7073
SherwinWilliams||Gray Matters|#A7A8A2|1|SW 7066
SherwinWilliams||Unusual Gray|#A3A7A0|1|SW 7059
SherwinWilliams||Gray Clouds|#B7B7B2|1|SW 7658
SherwinWilliams||Front Porch|#CCCCC5|1|SW 7651
SherwinWilliams||Steely Gray|#90979B|1|SW 7664
SherwinWilliams||Dustblu|#959BA0|1|SW 9161
SherwinWilliams||African Gray|#939899|1|SW 9162
SherwinWilliams||Tin Lizzie|#939591|1|SW 9163
SherwinWilliams||Illusive Green|#92948D|1|SW 9164
SherwinWilliams||Mineral Deposit|#ABB0AC|1|SW 7652
SherwinWilliams||Tinsmith|#C5C8C4|1|SW 7657
SherwinWilliams||Wall Street|#656D73|1|SW 7665
SherwinWilliams||Serious Gray|#7D848B|1|SW 6256
SherwinWilliams||Software|#7F8486|1|SW 7074
SherwinWilliams||Cityscape|#7F817E|1|SW 7067
SherwinWilliams||Attitude Gray|#7C7D75|1|SW 7060
SherwinWilliams||Gris|#A5A9A8|1|SW 7659
SherwinWilliams||Silverplate|#C2C0BA|1|SW 7649
SherwinWilliams||Slate Tile|#606E74|1|SW 7624
SherwinWilliams||Gibraltar|#626970|1|SW 6257
SherwinWilliams||Web Gray|#616669|1|SW 7075
SherwinWilliams||Grizzle Gray|#636562|1|SW 7068
SherwinWilliams||Night Owl|#63655F|1|SW 7061
SherwinWilliams||Earl Grey|#969A96|1|SW 7660
SherwinWilliams||Ellie Gray|#AAA9A4|1|SW 7650
SherwinWilliams||Smoky Blue|#596E79|1|SW 7604
SherwinWilliams||Sea Serpent|#3E4B54|1|SW 7615
SherwinWilliams||Cyberspace|#44484D|1|SW 7076
SherwinWilliams||Peppercorn|#585858|1|SW 7674
SherwinWilliams||Laurel Woods|#44493D|1|SW 7749
SherwinWilliams||Homburg Gray|#666D69|1|SW 7622
SherwinWilliams||Stamped Concrete|#A0A09A|1|SW 7655
SherwinWilliams||Greek Villa|#F0ECE2|1|SW 7551
SherwinWilliams||Pure White|#EDECE6|1|SW 7005
SherwinWilliams||High Reflective White|#F7F7F1|1|SW 7757
SherwinWilliams||Extra White|#EEEFEA|1|SW 7006
SherwinWilliams||Spare White|#E4E4DD|1|SW 6203
SherwinWilliams||Heron Plume|#E5E1D8|1|SW 6070
SherwinWilliams||Arcade White|#F3EEE7|1|SW 7100
SherwinWilliams||Pearly White|#E8E3D9|1|SW 7009
SherwinWilliams||Alabaster|#EDEAE0|1|SW 7008
SherwinWilliams||Snowbound|#EDEAE5|1|SW 7004
SherwinWilliams||Ceiling Bright White|#E9EBE7|1|SW 7007
SherwinWilliams||Reserved White|#E0E0D9|1|SW 7056
SherwinWilliams||Zurich White|#E6E1D9|1|SW 7626
SherwinWilliams||Ibis White|#F2ECE6|1|SW 7000
SherwinWilliams||Ivory Lace|#ECE5D8|1|SW 7013
SherwinWilliams||Westhighland White|#F3EEE3|1|SW 7566
SherwinWilliams||Toque White|#E7E2DA|1|SW 7003
SherwinWilliams||Ice Cube|#E3E4E1|1|SW 6252
SherwinWilliams||Fleur de Sel|#DCDDD8|1|SW 7666
SherwinWilliams||Origami White|#E5E2DA|1|SW 7636
SherwinWilliams||Cultured Pearl|#E5DCD6|1|SW 6028
SherwinWilliams||Shoji White|#E6DFD3|1|SW 7042
SherwinWilliams||Egret White|#DFD9CF|1|SW 7570
SherwinWilliams||Incredible White|#E3DED7|1|SW 7028
SherwinWilliams||Rhinestone|#DEE0DE|1|SW 7656
SherwinWilliams||Frosty White|#DDDDD6|1|SW 6196
SherwinWilliams||Aesthetic White|#E3DDD3|1|SW 7035
SherwinWilliams||Nice White|#E6DDD5|1|SW 6063
SherwinWilliams||White Duck|#E5DFD2|1|SW 7010
SherwinWilliams||Pediment|#D3CCC4|1|SW 7634
SherwinWilliams||Eider White|#E2DED8|1|SW 7014
SherwinWilliams||Nebulous White|#DEDFDC|1|SW 7063
SherwinWilliams||Ethereal White|#E3E2D9|1|SW 6182
SherwinWilliams||White Heron|#E7E1D7|1|SW 7627
SherwinWilliams||Everyday White|#E4DCD4|1|SW 6077
SherwinWilliams||Natural Choice|#E3DED0|1|SW 7011
SherwinWilliams||Crushed Ice|#D6D3CC|1|SW 7647
SherwinWilliams||First Star|#DAD9D4|1|SW 7646
SherwinWilliams||Rock Candy|#DEE1DF|1|SW 6231
SherwinWilliams||Moderne White|#E2E0D7|1|SW 6168
SherwinWilliams||City Loft|#DFDAD1|1|SW 7631
SherwinWilliams||Gauzy White|#E3DBD4|1|SW 6035
SherwinWilliams||Oyster White|#E2DDD0|1|SW 7637
SherwinWilliams||On the Rocks|#D0CEC8|1|SW 7671
SherwinWilliams||Big Chill|#D0CEC9|1|SW 7648
SherwinWilliams||Site White|#DCDEDC|1|SW 7070
SherwinWilliams||Nuance|#E2E0D6|1|SW 7049
SherwinWilliams||Windfresh White|#DED8CF|1|SW 7628
SherwinWilliams||Simple White|#DFD9D2|1|SW 7021
SherwinWilliams||Rosebud|#E0CDD1|1|SW 6288
SherwinWilliams||Demure|#E8D4D5|1|SW 6295
SherwinWilliams||Innocence|#EBD1CF|1|SW 6302
SherwinWilliams||Charming Pink|#EDD3D2|1|SW 6309
SherwinWilliams||Rosy Outlook|#EBCECB|1|SW 6316
SherwinWilliams||Romance|#EBCFC3|1|SW 6323
SherwinWilliams||Quaint Peche|#EACDC1|1|SW 6330
SherwinWilliams||Delightful|#D2B6BE|1|SW 6289
SherwinWilliams||Fading Rose|#DABDC1|1|SW 6296
SherwinWilliams||Rose Colored|#DCB6B5|1|SW 6303
SherwinWilliams||Lotus Flower|#E6BDBD|1|SW 6310
SherwinWilliams||Gracious Rose|#E3B7B1|1|SW 6317
SherwinWilliams||Mellow Coral|#E3B5A8|1|SW 6324
SherwinWilliams||Smoky Salmon|#E2B6A7|1|SW 6331
SherwinWilliams||Rosé|#B995A1|1|SW 6290
SherwinWilliams||Rose Embroidery|#C79EA2|1|SW 6297
SherwinWilliams||Pressed Flower|#C39393|1|SW 6304
SherwinWilliams||Memorable Rose|#CF8A8D|1|SW 6311
SherwinWilliams||Resounding Rose|#CD8E89|1|SW 6318
SherwinWilliams||Constant Coral|#CD8E7F|1|SW 6325
SherwinWilliams||Coral Island|#CE9382|1|SW 6332
SherwinWilliams||Moss Rose|#9E6D79|1|SW 6291
SherwinWilliams||Audrey's Blush|#AE8087|1|SW 9001
SherwinWilliams||Carley's Rose|#A87376|1|SW 9002
SherwinWilliams||Rita's Rouge|#BA7176|1|SW 9003
SherwinWilliams||Coral Rose|#C37F7A|1|SW 9004
SherwinWilliams||Coral Clay|#BF796E|1|SW 9005
SherwinWilliams||Rojo Dust|#B57466|1|SW 9006
SherwinWilliams||Berry Bush|#8D5869|1|SW 6292
SherwinWilliams||Concerto|#9E6B75|1|SW 6298
SherwinWilliams||Rambling Rose|#995D62|1|SW 6305
SherwinWilliams||Redbud|#AD5E65|1|SW 6312
SherwinWilliams||Reddish|#B56966|1|SW 6319
SherwinWilliams||Henna Shade|#B3675D|1|SW 6326
SherwinWilliams||Foxy|#A85E53|1|SW 6333
SherwinWilliams||Fabulous Grape|#6D344F|1|SW 6293
SherwinWilliams||Aged Wine|#895460|1|SW 6299
SherwinWilliams||Cordial|#864C52|1|SW 6306
SherwinWilliams||Kirsch Red|#974953|1|SW 6313
SherwinWilliams||Bravado Red|#A0524E|1|SW 6320
SherwinWilliams||Bold Brick|#A0584F|1|SW 6327
SherwinWilliams||Flower Pot|#8F4438|1|SW 6334
SherwinWilliams||Blackberry|#533640|1|SW 7577
SherwinWilliams||Burgundy|#63333E|1|SW 6300
SherwinWilliams||Fine Wine|#723941|1|SW 6307
SherwinWilliams||Luxurious Red|#863A42|1|SW 6314
SherwinWilliams||Red Bay|#8E3738|1|SW 6321
SherwinWilliams||Fireweed|#7B3730|1|SW 6328
SherwinWilliams||Fired Brick|#83382A|1|SW 6335
SherwinWilliams||Spun Sugar|#EDD2C0|1|SW 6337
SherwinWilliams||Peach Fuzz|#ECCFBB|1|SW 6344
SherwinWilliams||Sweet Orange|#EBCCB3|1|SW 6351
SherwinWilliams||Creamery|#EDD0B6|1|SW 6358
SherwinWilliams||Cachet Cream|#F3D9BA|1|SW 6365
SherwinWilliams||Inviting Ivory|#F2D5B0|1|SW 6372
SherwinWilliams||Jersey Cream|#F5DEBB|1|SW 6379
SherwinWilliams||Warming Peach|#E4B9A2|1|SW 6338
SherwinWilliams||Sumptuous Peach|#E5B99B|1|SW 6345
SherwinWilliams||Soft Apricot|#E0B392|1|SW 6352
SherwinWilliams||Sociable|#E8BE9B|1|SW 6359
SherwinWilliams||Ambitious Amber|#F0CB97|1|SW 6366
SherwinWilliams||Harvester|#EDC38E|1|SW 6373
SherwinWilliams||Humble Gold|#EDC796|1|SW 6380
SherwinWilliams||Persimmon|#D9987C|1|SW 6339
SherwinWilliams||Fame Orange|#DB9C7B|1|SW 6346
SherwinWilliams||Windswept Canyon|#DBA480|1|SW 9010
SherwinWilliams||Sun Bleached Ochre|#E3AB7B|1|SW 9011
SherwinWilliams||Viva Gold|#E3AC72|1|SW 6367
SherwinWilliams||Polvo de Oro|#E8B87F|1|SW 9012
SherwinWilliams||Bee's Wax|#EABF86|1|SW 7682
SherwinWilliams||Subdued Sienna|#CC896C|1|SW 9009
SherwinWilliams||Chrysanthemum|#C47B5B|1|SW 6347
SherwinWilliams||Chivalry Copper|#D4966E|1|SW 6353
SherwinWilliams||Folksy Gold|#D69969|1|SW 6360
SherwinWilliams||Bakelite Gold|#D7995D|1|SW 6368
SherwinWilliams||Torchlight|#E5AE6B|1|SW 6374
SherwinWilliams||Anjou Pear|#DDAC6D|1|SW 6381
SherwinWilliams||Baked Clay|#C1785C|1|SW 6340
SherwinWilliams||Reynard|#B46848|1|SW 6348
SherwinWilliams||Armagnac|#C38058|1|SW 6354
SherwinWilliams||Autumnal|#CD8C5D|1|SW 6361
SherwinWilliams||Tassel|#C6884A|1|SW 6369
SherwinWilliams||Honeycomb|#D59858|1|SW 6375
SherwinWilliams||Ceremonial Gold|#D69E59|1|SW 6382
SherwinWilliams||Red Cent|#AD654C|1|SW 6341
SherwinWilliams||Pennywise|#A2583A|1|SW 6349
SherwinWilliams||Truepenny|#B46C42|1|SW 6355
SherwinWilliams||Tigereye|#BB7748|1|SW 6362
SherwinWilliams||Saucy Gold|#B6743B|1|SW 6370
SherwinWilliams||Gold Coast|#C78538|1|SW 6376
SherwinWilliams||Golden Rule|#CC9249|1|SW 6383
SherwinWilliams||Spicy Hue|#994B35|1|SW 6342
SherwinWilliams||Sierra Redwood|#924E3C|1|SW 7598
SherwinWilliams||Copper Mountain|#A6613C|1|SW 6356
SherwinWilliams||Gingery|#B06C3E|1|SW 6363
SherwinWilliams||Copper Pot|#B16A37|1|SW 7709
SherwinWilliams||Butterscotch|#B67D3C|1|SW 6377
SherwinWilliams||Cut the Mustard|#BA7F38|1|SW 6384
SherwinWilliams||Napery|#EFDDC1|1|SW 6386
SherwinWilliams||Ivoire|#E4CEAC|1|SW 6127
SherwinWilliams||Believable Buff|#DBC7A8|1|SW 6120
SherwinWilliams||Convivial Yellow|#E9D6B0|1|SW 6393
SherwinWilliams||Lucent Yellow|#E4D0A5|1|SW 6400
SherwinWilliams||Ancestral Gold|#DDCDA6|1|SW 6407
SherwinWilliams||Rice Paddy|#DFD4B0|1|SW 6414
SherwinWilliams||Compatible Cream|#E8C89E|1|SW 6387
SherwinWilliams||Blonde|#DCBD92|1|SW 6128
SherwinWilliams||Whole Wheat|#CDB592|1|SW 6121
SherwinWilliams||Sequin|#E1C28D|1|SW 6394
SherwinWilliams||Pale Moss|#DCC797|1|SW 9027
SherwinWilliams||Wheat Grass|#CBB584|1|SW 6408
SherwinWilliams||Hearts of Palm|#CFC291|1|SW 6415
SherwinWilliams||Dakota Wheat|#E1BD8E|1|SW 9023
SherwinWilliams||Restrained Gold|#D2B084|1|SW 6129
SherwinWilliams||Camelback|#C5AA85|1|SW 6122
SherwinWilliams||Tarnished Trumpet|#D5B176|1|SW 9026
SherwinWilliams||Independent Gold|#D2BA83|1|SW 6401
SherwinWilliams||Dusted Olive|#BEA775|1|SW 9028
SherwinWilliams||Cool Avocado|#C4B47D|1|SW 9029
SherwinWilliams||Golden Fleece|#D6AD78|1|SW 6388
SherwinWilliams||Vintage Gold|#CBA576|1|SW 9024
SherwinWilliams||Coriander Powder|#BA9C75|1|SW 9025
SherwinWilliams||Alchemy|#C99E53|1|SW 6395
SherwinWilliams||Antiquity|#C2A462|1|SW 6402
SherwinWilliams||Edgy Gold|#B1975F|1|SW 6409
SherwinWilliams||Sassy Green|#BBA86A|1|SW 6416
SherwinWilliams||Butternut|#CC9B5C|1|SW 6389
SherwinWilliams||Mannered Gold|#C19763|1|SW 6130
SherwinWilliams||Baguette|#B39167|1|SW 6123
SherwinWilliams||Different Gold|#BC934D|1|SW 6396
SherwinWilliams||Escapade Gold|#B89B59|1|SW 6403
SherwinWilliams||Brassy|#9D8344|1|SW 6410
SherwinWilliams||Tupelo Tree|#9C9152|1|SW 6417
SherwinWilliams||Bosc Pear|#C09056|1|SW 6390
SherwinWilliams||Chamois|#AD8451|1|SW 6131
SherwinWilliams||Cardboard|#9C7A56|1|SW 6124
SherwinWilliams||Nankeen|#AA803A|1|SW 6397
SherwinWilliams||Grandiose|#9C7F41|1|SW 6404
SherwinWilliams||Bengal Grass|#8E773F|1|SW 6411
SherwinWilliams||Rural Green|#8D844D|1|SW 6418
SherwinWilliams||Gallant Gold|#A4763C|1|SW 6391
SherwinWilliams||Relic Bronze|#906A3A|1|SW 6132
SherwinWilliams||Craft Paper|#8A6645|1|SW 6125
SherwinWilliams||Sconce Gold|#996F32|1|SW 6398
SherwinWilliams||Fervent Brass|#95793D|1|SW 6405
SherwinWilliams||Eminent Bronze|#7A6841|1|SW 6412
SherwinWilliams||Saguaro|#655F2D|1|SW 6419
SherwinWilliams||Celery|#E0DDBD|1|SW 6421
SherwinWilliams||Honeydew|#DBDDBD|1|SW 6428
SherwinWilliams||Gratifying Green|#DAE2CD|1|SW 6435
SherwinWilliams||Supreme Green|#CFDDC7|1|SW 6442
SherwinWilliams||Topiary Tint|#C8D8C4|1|SW 6449
SherwinWilliams||Slow Green|#C6D5C9|1|SW 6456
SherwinWilliams||Breaktime|#C4D9CE|1|SW 6463
SherwinWilliams||Shagreen|#CBC99D|1|SW 6422
SherwinWilliams||Baize Green|#C7CDA8|1|SW 6429
SherwinWilliams||Bonsai Tint|#C5D1B2|1|SW 6436
SherwinWilliams||Relish|#B3CBAA|1|SW 6443
SherwinWilliams||Easy Green|#ACC2A8|1|SW 6450
SherwinWilliams||Kind Green|#AAC2B3|1|SW 6457
SherwinWilliams||Aloe|#ACCABC|1|SW 6464
SherwinWilliams||Baby Bok Choy|#BBB98A|1|SW 9037
SherwinWilliams||Great Green|#ABB486|1|SW 6430
SherwinWilliams||Haven|#A3B48C|1|SW 6437
SherwinWilliams||Lounge Green|#8BA97F|1|SW 6444
SherwinWilliams||Nurture Green|#98B092|1|SW 6451
SherwinWilliams||Restful|#91AF9D|1|SW 6458
SherwinWilliams||Spearmint|#94B5A6|1|SW 6465
SherwinWilliams||Ryegrass|#AEAC7A|1|SW 6423
SherwinWilliams||Cucuzza Verde|#9BA373|1|SW 9038
SherwinWilliams||Broccoflower|#8FA277|1|SW 9039
SherwinWilliams||Reseda Green|#75946B|1|SW 9040
SherwinWilliams||Agate Green|#8EA486|1|SW 7742
SherwinWilliams||Parisian Patina|#7D9B89|1|SW 9041
SherwinWilliams||Verdigreen|#81A595|1|SW 9042
SherwinWilliams||Tansy Green|#95945C|1|SW 6424
SherwinWilliams||Leapfrog|#88915D|1|SW 6431
SherwinWilliams||Dill|#788D60|1|SW 6438
SherwinWilliams||Garden Grove|#5E7F57|1|SW 6445
SherwinWilliams||Inland|#6C8867|1|SW 6452
SherwinWilliams||Jadite|#61826C|1|SW 6459
SherwinWilliams||Grandview|#6B927F|1|SW 6466
SherwinWilliams||Relentless Olive|#71713E|1|SW 6425
SherwinWilliams||Garden Spot|#6D7645|1|SW 6432
SherwinWilliams||Greenfield|#60724F|1|SW 6439
SherwinWilliams||Arugula|#42603C|1|SW 6446
SherwinWilliams||Cilantro|#537150|1|SW 6453
SherwinWilliams||Kale Green|#4F6A56|1|SW 6460
SherwinWilliams||Kendal Green|#547867|1|SW 6467
SherwinWilliams||Basque Green|#5F6033|1|SW 6426
SherwinWilliams||Inverness|#576238|1|SW 6433
SherwinWilliams||Courtyard|#475842|1|SW 6440
SherwinWilliams||Evergreens|#405840|1|SW 6447
SherwinWilliams||Shamrock|#205134|1|SW 6454
SherwinWilliams||Isle of Pines|#3D5541|1|SW 6461
SherwinWilliams||Hunt Club|#2A4F43|1|SW 6468
SherwinWilliams||Waterscape|#BFD2C9|1|SW 6470
SherwinWilliams||Tidewater|#C3D7D3|1|SW 6477
SherwinWilliams||Meander Blue|#BEDBD8|1|SW 6484
SherwinWilliams||Open Air|#C7DFE0|1|SW 6491
SherwinWilliams||Little Boy Blu|#C7D8DB|1|SW 9054
SherwinWilliams||Byte Blue|#C5DCE0|1|SW 6498
SherwinWilliams||Atmospheric|#C2DAE0|1|SW 6505
SherwinWilliams||Hazel|#A8C1B7|1|SW 6471
SherwinWilliams||Watery|#B4CCC9|1|SW 6478
SherwinWilliams||Raindrop|#9EC6C6|1|SW 6485
SherwinWilliams||Jetstream|#B0D2D6|1|SW 6492
SherwinWilliams||Billowy Breeze|#AFC7CD|1|SW 9055
SherwinWilliams||Stream|#ADCCD3|1|SW 6499
SherwinWilliams||Vast Sky|#A9C9D7|1|SW 6506
SherwinWilliams||Vintage Vessel|#94B2A6|1|SW 9050
SherwinWilliams||Aquaverde|#A3C0BD|1|SW 9051
SherwinWilliams||Blithe Blue|#90BDBD|1|SW 9052
SherwinWilliams||Agua Fría|#9FC5CC|1|SW 9053
SherwinWilliams||French Moire|#9FBBC3|1|SW 9056
SherwinWilliams||Rest Assured|#9BBFC9|1|SW 9061
SherwinWilliams||Resolute Blue|#85B0C4|1|SW 6507
SherwinWilliams||Composed|#7EA298|1|SW 6472
SherwinWilliams||Drizzle|#8CAEAB|1|SW 6479
SherwinWilliams||Reflecting Pool|#7BB1B2|1|SW 6486
SherwinWilliams||Ebbtide|#84B4BE|1|SW 6493
SherwinWilliams||Aquitaine|#88ABB4|1|SW 9057
SherwinWilliams||Open Seas|#83AFBC|1|SW 6500
SherwinWilliams||Bluebird Feather|#6F9DB3|1|SW 9062
SherwinWilliams||Surf Green|#5F887D|1|SW 6473
SherwinWilliams||Lagoon|#518682|1|SW 6480
SherwinWilliams||Cloudburst|#5C9598|1|SW 6487
SherwinWilliams||Lakeshore|#5B96A2|1|SW 6494
SherwinWilliams||Secret Cove|#68909D|1|SW 9058
SherwinWilliams||Manitou Blue|#5B92A2|1|SW 6501
SherwinWilliams||Secure Blue|#5389A1|1|SW 6508
SherwinWilliams||Raging Sea|#476F65|1|SW 6474
SherwinWilliams||Green Bay|#2E6864|1|SW 6481
SherwinWilliams||Grand Canal|#3C797D|1|SW 6488
SherwinWilliams||Great Falls|#217786|1|SW 6495
SherwinWilliams||Silken Peacock|#427584|1|SW 9059
SherwinWilliams||Loch Blue|#2F778B|1|SW 6502
SherwinWilliams||Georgian Bay|#22657F|1|SW 6509
SherwinWilliams||Country Squire|#124A42|1|SW 6475
SherwinWilliams||Cape Verde|#01554F|1|SW 6482
SherwinWilliams||Really Teal|#016367|1|SW 6489
SherwinWilliams||Oceanside|#015A6B|1|SW 6496
SherwinWilliams||Connor's Lakefront|#175A6C|1|SW 9060
SherwinWilliams||Bosporus|#015D75|1|SW 6503
SherwinWilliams||Loyal Blue|#01455E|1|SW 6510
SherwinWilliams||Balmy|#C5D8DE|1|SW 6512
SherwinWilliams||Hinting Blue|#CED9DD|1|SW 6519
SherwinWilliams||Mild Blue|#CBD5DB|1|SW 6533
SherwinWilliams||Starry Night|#D6D9DE|1|SW 6540
SherwinWilliams||Silver Peony|#DAD6DB|1|SW 6547
SherwinWilliams||Lite Lavender|#E0DADF|1|SW 6554
SherwinWilliams||Wallflower|#DBCFD4|1|SW 6281
SherwinWilliams||Take Five|#B3C9D3|1|SW 6513
SherwinWilliams||Honest Blue|#B2C7D3|1|SW 6520
SherwinWilliams||Icy|#BBC7D2|1|SW 6534
SherwinWilliams||Daydream|#BDC3CD|1|SW 6541
SherwinWilliams||Grape Mist|#C5C0C9|1|SW 6548
SherwinWilliams||Enchant|#D1C6D2|1|SW 6555
SherwinWilliams||Mauve Finery|#CBB8C0|1|SW 6282
SherwinWilliams||Respite|#97B4C3|1|SW 6514
SherwinWilliams||Notable Hue|#8BA7BB|1|SW 6521
SherwinWilliams||Solitude|#99A7B8|1|SW 6535
SherwinWilliams||Vesper Violet|#99A0B2|1|SW 6542
SherwinWilliams||Ash Violet|#A29BAA|1|SW 6549
SherwinWilliams||Obi Lilac|#B0A3B6|1|SW 6556
SherwinWilliams||Thistle|#AA8E9A|1|SW 6283
SherwinWilliams||Baby Blue Eyes|#83A2B4|1|SW 9070
SherwinWilliams||Dyer's Woad|#7B99B0|1|SW 9071
SherwinWilliams||Dried Lavender|#8595AA|1|SW 9072
SherwinWilliams||Dusty Heather|#8990A3|1|SW 9073
SherwinWilliams||Gentle Grape|#908A9B|1|SW 9074
SherwinWilliams||Berry Cream|#9A8CA2|1|SW 9075
SherwinWilliams||Ruby Violet|#9B7E8B|1|SW 9076
SherwinWilliams||Leisure Blue|#6A8EA1|1|SW 6515
SherwinWilliams||Sporty Blue|#6A8AA4|1|SW 6522
SherwinWilliams||Searching Blue|#6C7F9A|1|SW 6536
SherwinWilliams||Soulful Blue|#757C91|1|SW 6543
SherwinWilliams||Mythical|#7E778E|1|SW 6550
SherwinWilliams||Wood Violet|#7A6B85|1|SW 6557
SherwinWilliams||Plum Dandy|#8B6878|1|SW 6284
SherwinWilliams||Down Pour|#43718B|1|SW 6516
SherwinWilliams||Denim|#506B84|1|SW 6523
SherwinWilliams||Luxe Blue|#516582|1|SW 6537
SherwinWilliams||Mesmerize|#5D657B|1|SW 6544
SherwinWilliams||Purple Passage|#645E77|1|SW 6551
SherwinWilliams||Plummy|#675A75|1|SW 6558
SherwinWilliams||Grape Harvest|#7E5A6D|1|SW 6285
SherwinWilliams||Regatta|#215772|1|SW 6517
SherwinWilliams||Commodore|#25476A|1|SW 6524
SherwinWilliams||Dignified|#3B496D|1|SW 6538
SherwinWilliams||Majestic Purple|#3B3C5A|1|SW 6545
SherwinWilliams||Dewberry|#3E385A|1|SW 6552
SherwinWilliams||Concord Grape|#443757|1|SW 6559
SherwinWilliams||Mature Grape|#5F3F54|1|SW 6286
SherwinWilliams||Grayish|#CFCAC7|1|SW 6001
SherwinWilliams||Alpaca|#CCC5BD|1|SW 7022
SherwinWilliams||Popular Gray|#D4CCC3|1|SW 6071
SherwinWilliams||Agreeable Gray|#D1CBC1|1|SW 7029
SherwinWilliams||Repose Gray|#CCC9C0|1|SW 7015
SherwinWilliams||Worldly Gray|#CEC6BB|1|SW 7043
SherwinWilliams||Useful Gray|#CFCABD|1|SW 7050
SherwinWilliams||Essential Gray|#BCB8B6|1|SW 6002
SherwinWilliams||Requisite Gray|#B9B2A9|1|SW 7023
SherwinWilliams||Versatile Gray|#C1B6AB|1|SW 6072
SherwinWilliams||Anew Gray|#BFB6AA|1|SW 7030
SherwinWilliams||Mindful Gray|#BCB7AD|1|SW 7016
SherwinWilliams||Amazing Gray|#BEB5A9|1|SW 7044
SherwinWilliams||Analytical Gray|#BFB6A7|1|SW 7051
SherwinWilliams||Proper Gray|#ADA8A5|1|SW 6003
SherwinWilliams||Functional Gray|#ABA39A|1|SW 7024
SherwinWilliams||Perfect Greige|#B7AB9F|1|SW 6073
SherwinWilliams||Mega Greige|#ADA295|1|SW 7031
SherwinWilliams||Dorian Gray|#ACA79E|1|SW 7017
SherwinWilliams||Intellectual Gray|#A8A093|1|SW 7045
SherwinWilliams||Gray Area|#AFA696|1|SW 7052
SherwinWilliams||Polished Concrete|#9E9793|1|SW 9167
SherwinWilliams||Elephant Ear|#988F85|1|SW 9168
SherwinWilliams||Chatura Gray|#A09287|1|SW 9169
SherwinWilliams||Keystone Gray|#9E9284|1|SW 7504
SherwinWilliams||Acier|#9E9991|1|SW 9170
SherwinWilliams||Felted Wool|#979083|1|SW 9171
SherwinWilliams||Studio Clay|#958D7F|1|SW 9172
SherwinWilliams||Mink|#847B77|1|SW 6004
SherwinWilliams||Backdrop|#867A6F|1|SW 7025
SherwinWilliams||Spalding Gray|#8D7F75|1|SW 6074
SherwinWilliams||Warm Stone|#887B6C|1|SW 7032
SherwinWilliams||Dovetail|#908A83|1|SW 7018
SherwinWilliams||Anonymous|#817A6E|1|SW 7046
SherwinWilliams||Adaptive Shade|#867E70|1|SW 7053
SherwinWilliams||Folkstone|#6D6562|1|SW 6005
SherwinWilliams||Griffin|#6F6459|1|SW 7026
SherwinWilliams||Garret Gray|#756861|1|SW 6075
SherwinWilliams||Brainstorm Bronze|#74685A|1|SW 7033
SherwinWilliams||Gauntlet Gray|#78736E|1|SW 7019
SherwinWilliams||Porpoise|#6B645B|1|SW 7047
SherwinWilliams||Oak Leaf Brown|#645A4B|1|SW 7054
SherwinWilliams||Manor House|#665D57|1|SW 7505
SherwinWilliams||Hickory Smoke|#564537|1|SW 7027
SherwinWilliams||Chateau Brown|#5B4B44|1|SW 7510
SherwinWilliams||Status Bronze|#5C4D3C|1|SW 7034
SherwinWilliams||Black Fox|#4F4842|1|SW 7020
SherwinWilliams||Urbane Bronze|#54504A|1|SW 7048
SherwinWilliams||Enduring Bronze|#554C3E|1|SW 7055
SherwinWilliams||Whitetail|#F4EFE4|1|SW 7103
SherwinWilliams||Paperwhite|#F7EFDE|1|SW 7105
SherwinWilliams||Roman Column|#F6F0E2|1|SW 7562
SherwinWilliams||Shell White|#F0EBE0|1|SW 8917
SherwinWilliams||Cotton White|#F7EFE3|1|SW 7104
SherwinWilliams||Steamed Milk|#ECE1D1|1|SW 7554
SherwinWilliams||Marshmallow|#EEE9E0|1|SW 7001
SherwinWilliams||Dover White|#F0EADC|1|SW 6385
SherwinWilliams||Honied White|#F8EEDB|1|SW 7106
SherwinWilliams||Nacre|#E8E2D4|1|SW 6154
SherwinWilliams||Eggwhite|#F3E5D2|1|SW 6364
SherwinWilliams||Medici Ivory|#F3E9D7|1|SW 7558
SherwinWilliams||Panda White|#EAE2D4|1|SW 6147
SherwinWilliams||White Flour|#F4EFE5|1|SW 7102
SherwinWilliams||Creamy|#EFE8DB|1|SW 7012
SherwinWilliams||Summer White|#F4E9D6|1|SW 7557
SherwinWilliams||Restful White|#EEE8D7|1|SW 7563
SherwinWilliams||Crisp Linen|#F3E6D4|1|SW 6378
SherwinWilliams||Biscuit|#EBDDCB|1|SW 6112
SherwinWilliams||Moderate White|#E9DECF|1|SW 6140
SherwinWilliams||Downy|#EFE8DD|1|SW 7002
SherwinWilliams||Aged White|#E8DECD|1|SW 9180
SherwinWilliams||Crème|#F4E8D2|1|SW 7556
SherwinWilliams||Polar Bear|#E8DFCA|1|SW 7564
SherwinWilliams||Casa Blanca|#EDE1CE|1|SW 7571
SherwinWilliams||Intricate Ivory|#EDDDCA|1|SW 6350
SherwinWilliams||Divine White|#E6DCCD|1|SW 6105
SherwinWilliams||Futon|#EDE6DB|1|SW 7101
SherwinWilliams||Neutral Ground|#E2DACA|1|SW 7568
SherwinWilliams||Décor White|#F2E5CF|1|SW 7559
SherwinWilliams||Muslin|#EADFC9|1|SW 6133
SherwinWilliams||Navajo White|#E9DCC6|1|SW 6126
SherwinWilliams||Choice Cream|#F0E1D0|1|SW 6357
SherwinWilliams||Kestrel White|#E0D6C8|1|SW 7516
SherwinWilliams||Modest White|#E6DDD4|1|SW 6084
SherwinWilliams||Canvas Tan|#DCD1BF|1|SW 7531
SherwinWilliams||Vanillin|#F2E3CA|1|SW 6371
SherwinWilliams||Antique White|#E8DCC6|1|SW 6119
SherwinWilliams||Lotus Pod|#E7D7C2|1|SW 7572
SherwinWilliams||Fragile Beauty|#E7D7C6|1|SW 7553
SherwinWilliams||Bauhaus Buff|#E7DBCC|1|SW 7552
SherwinWilliams||Reliable White|#E8DED3|1|SW 6091
SherwinWilliams||Patience|#E2D3BF|1|SW 7555
SherwinWilliams||Eaglet Beige|#E9D9C0|1|SW 7573
SherwinWilliams||Chopsticks|#E0D1B8|1|SW 7575
SherwinWilliams||Echelon Ecru|#E7D8BE|1|SW 7574
SherwinWilliams||Irish Cream|#E3D2B8|1|SW 7537
SherwinWilliams||Only Natural|#E2D3C4|1|SW 7596
SherwinWilliams||Pacer White|#E5DDD0|1|SW 6098
SherwinWilliams||Breathless|#D6C2BE|1|SW 6022
SherwinWilliams||White Truffle|#D7C8C2|1|SW 6029
SherwinWilliams||Unfussy Beige|#D6C8C0|1|SW 6043
SherwinWilliams||Abalone Shell|#DBC7BD|1|SW 6050
SherwinWilliams||Malted Milk|#DECABD|1|SW 6057
SherwinWilliams||Reticence|#D9CDC3|1|SW 6064
SherwinWilliams||Simplify Beige|#D6C7B9|1|SW 6085
SherwinWilliams||Insightful Rose|#C9B0AB|1|SW 6023
SherwinWilliams||Artistic Taupe|#C3B1AC|1|SW 6030
SherwinWilliams||Doeskin|#C6B3A9|1|SW 6044
SherwinWilliams||Sashay Sand|#CFB4A8|1|SW 6051
SherwinWilliams||Likeable Sand|#D1B7A8|1|SW 6058
SherwinWilliams||Bona Fide Beige|#CBB9AB|1|SW 6065
SherwinWilliams||Sand Dune|#C5B1A2|1|SW 6086
SherwinWilliams||Dressy Rose|#B89D9A|1|SW 6024
SherwinWilliams||Glamour|#B6A09A|1|SW 6031
SherwinWilliams||Emerging Taupe|#B8A196|1|SW 6045
SherwinWilliams||Sandbank|#C3A497|1|SW 6052
SherwinWilliams||Interface Tan|#C1A392|1|SW 6059
SherwinWilliams||Sand Trap|#BBA595|1|SW 6066
SherwinWilliams||Trusty Tan|#B59F8F|1|SW 6087
SherwinWilliams||Rosaline Pearl|#A38887|1|SW 9077
SherwinWilliams||Cocoa Berry|#A08882|1|SW 9078
SherwinWilliams||Velvety Chestnut|#A2877D|1|SW 9079
SherwinWilliams||Hushed Auburn|#A8857A|1|SW 9080
SherwinWilliams||Redend Point|#AE8E7E|1|SW 9081
SherwinWilliams||Chocolate Powder|#A58C7B|1|SW 9082
SherwinWilliams||Dusted Truffle|#9C8373|1|SW 9083
SherwinWilliams||Socialite|#907676|1|SW 6025
SherwinWilliams||Dutch Cocoa|#8C706A|1|SW 6032
SherwinWilliams||Swing Brown|#947569|1|SW 6046
SherwinWilliams||Reddened Earth|#9C6E63|1|SW 6053
SherwinWilliams||Moroccan Spice|#9D7868|1|SW 6060
SherwinWilliams||Mocha|#967A6A|1|SW 6067
SherwinWilliams||Nuthatch|#8E725F|1|SW 6088
SherwinWilliams||River Rouge|#76595D|1|SW 6026
SherwinWilliams||Bateau Brown|#7A5F5A|1|SW 6033
SherwinWilliams||Hot Cocoa|#806257|1|SW 6047
SherwinWilliams||Canyon Clay|#85594F|1|SW 6054
SherwinWilliams||Tanbark|#896656|1|SW 6061
SherwinWilliams||Brevity Brown|#715243|1|SW 6068
SherwinWilliams||Grounded|#785B47|1|SW 6089
SherwinWilliams||Cordovan|#5F3D3F|1|SW 6027
SherwinWilliams||Dark Auburn|#5A3532|1|SW 6034
SherwinWilliams||Terra Brun|#5A382D|1|SW 6048
SherwinWilliams||Fiery Brown|#5D3831|1|SW 6055
SherwinWilliams||Vintage Leather|#694336|1|SW 6062
SherwinWilliams||French Roast|#4F3426|1|SW 6069
SherwinWilliams||Java|#634533|1|SW 6090
SherwinWilliams||Realist Beige|#D3C8BD|1|SW 6078
SherwinWilliams||Touch of Sand|#D5C7BA|1|SW 9085
SherwinWilliams||Lightweight Beige|#DAC8B8|1|SW 6092
SherwinWilliams||Sand Dollar|#D7C5B3|1|SW 6099
SherwinWilliams||Playa Arenosa|#DCC7B3|1|SW 9094
SherwinWilliams||Tres Naturale|#DCC7AD|1|SW 9101
SherwinWilliams||Kilim Beige|#D7C5AE|1|SW 6106
SherwinWilliams||Diverse Beige|#C2B4A7|1|SW 6079
SherwinWilliams||Cool Beige|#C6B5A7|1|SW 9086
SherwinWilliams||Familiar Beige|#CAB3A0|1|SW 6093
SherwinWilliams||Practical Beige|#C9B29C|1|SW 6100
SherwinWilliams||Ginger Root|#D2B79E|1|SW 9095
SherwinWilliams||Quinoa|#CFB597|1|SW 9102
SherwinWilliams||Nomadic Desert|#C7B198|1|SW 6107
SherwinWilliams||Utterly Beige|#B5A597|1|SW 6080
SherwinWilliams||Smoky Beige|#B9A796|1|SW 9087
SherwinWilliams||Sensational Sand|#BFA38D|1|SW 6094
SherwinWilliams||Sands of Time|#BCA38B|1|SW 6101
SherwinWilliams||Beige Intenso|#C5A88D|1|SW 9096
SherwinWilliams||Farro|#C1A485|1|SW 9103
SherwinWilliams||Latte|#BAA185|1|SW 6108
SherwinWilliams||Cocoa Whip|#A08E7E|1|SW 9084
SherwinWilliams||Utaupeia|#A58F7B|1|SW 9088
SherwinWilliams||Iced Mocha|#A3846C|1|SW 9092
SherwinWilliams||Nearly Brown|#A88E76|1|SW 9093
SherwinWilliams||Soft Fawn|#B59778|1|SW 9097
SherwinWilliams||Woven Wicker|#B99974|1|SW 9104
SherwinWilliams||Double Latte|#A78C71|1|SW 9108
SherwinWilliams||Down Home|#907865|1|SW 6081
SherwinWilliams||Llama Wool|#917864|1|SW 9089
SherwinWilliams||Toasty|#957258|1|SW 6095
SherwinWilliams||Portabello|#947A62|1|SW 6102
SherwinWilliams||Baked Cookie|#89674A|1|SW 9098
SherwinWilliams||Almond Roca|#A78361|1|SW 9105
SherwinWilliams||Hopsack|#9E8163|1|SW 6109
SherwinWilliams||Cobble Brown|#7A6455|1|SW 6082
SherwinWilliams||Caraïbe|#785F4C|1|SW 9090
SherwinWilliams||Jute Brown|#815D40|1|SW 6096
SherwinWilliams||Tea Chest|#7D644D|1|SW 6103
SherwinWilliams||Saddle Up|#725237|1|SW 9099
SherwinWilliams||El Caramelo|#946E48|1|SW 9106
SherwinWilliams||Steady Brown|#8A6B4D|1|SW 6110
SherwinWilliams||Sable|#5F4B3F|1|SW 6083
SherwinWilliams||Half-Caff|#604C3D|1|SW 9091
SherwinWilliams||Sturdy Brown|#69482C|1|SW 6097
SherwinWilliams||Kaffee|#65503D|1|SW 6104
SherwinWilliams||Umber Rust|#765138|1|SW 9100
SherwinWilliams||Über Umber|#7B5838|1|SW 9107
SherwinWilliams||Coconut Husk|#70573F|1|SW 6111
SherwinWilliams||Natural Linen|#DFD3C3|1|SW 9109
SherwinWilliams||Softer Tan|#DACAB2|1|SW 6141
SherwinWilliams||Wool Skein|#D9CFBA|1|SW 6148
SherwinWilliams||Netsuke|#E0CFB0|1|SW 6134
SherwinWilliams||Dirty Martini|#DDD0B6|1|SW 9119
SherwinWilliams||Rice Grain|#DBD0B9|1|SW 6155
SherwinWilliams||Sedate Gray|#D1CDBF|1|SW 6169
SherwinWilliams||Malabar|#CFBEA9|1|SW 9110
SherwinWilliams||Macadamia|#CCB79B|1|SW 6142
SherwinWilliams||Relaxed Khaki|#C8BBA3|1|SW 6149
SherwinWilliams||Ecru|#D0BA94|1|SW 6135
SherwinWilliams||Tumblin' Tumbleweed|#CDBB9C|1|SW 9120
SherwinWilliams||Ramie|#CDBDA2|1|SW 6156
SherwinWilliams||Techno Gray|#BFB9AA|1|SW 6170
SherwinWilliams||Antler Velvet|#C0AD96|1|SW 9111
SherwinWilliams||Basket Beige|#C0A98B|1|SW 6143
SherwinWilliams||Universal Khaki|#B8A992|1|SW 6150
SherwinWilliams||Harmonic Tan|#C6B08A|1|SW 6136
SherwinWilliams||Sawgrass Basket|#C3B090|1|SW 9121
SherwinWilliams||Favorite Tan|#C1AE91|1|SW 6157
SherwinWilliams||Chatroom|#B0AB9C|1|SW 6171
SherwinWilliams||Song Thrush|#AF987F|1|SW 9112
SherwinWilliams||Serengeti Grass|#AB9579|1|SW 9116
SherwinWilliams||Urban Jungle|#A4947E|1|SW 9117
SherwinWilliams||Tarnished Treasure|#B9A47E|1|SW 9118
SherwinWilliams||Dried Edamame|#B19F80|1|SW 9122
SherwinWilliams||Fenland|#AC9D83|1|SW 7544
SherwinWilliams||Honed Soapstone|#9D9887|1|SW 9126
SherwinWilliams||Mudslide|#A08568|1|SW 9113
SherwinWilliams||Dapper Tan|#947F65|1|SW 6144
SherwinWilliams||Quiver Tan|#8E7F6A|1|SW 6151
SherwinWilliams||Burlap|#AC9571|1|SW 6137
SherwinWilliams||Barro Verde|#9F8E71|1|SW 9123
SherwinWilliams||Sawdust|#998970|1|SW 6158
SherwinWilliams||Hardware|#8B8372|1|SW 6172
SherwinWilliams||Fallen Leaves|#8F7659|1|SW 9114
SherwinWilliams||Thatch Brown|#867057|1|SW 6145
SherwinWilliams||Superior Bronze|#786957|1|SW 6152
SherwinWilliams||Artifact|#9A815E|1|SW 6138
SherwinWilliams||Verde Marrón|#877459|1|SW 9124
SherwinWilliams||High Tea|#7E6F59|1|SW 6159
SherwinWilliams||Cocoon|#726B5B|1|SW 6173
SherwinWilliams||Cowboy Boots|#695239|1|SW 9115
SherwinWilliams||Umber|#6E543C|1|SW 6146
SherwinWilliams||Protégé Bronze|#66543E|1|SW 6153
SherwinWilliams||Mossy Gold|#7F6743|1|SW 6139
SherwinWilliams||Oliva Oscuro|#665439|1|SW 9125
SherwinWilliams||Best Bronze|#5D513E|1|SW 6160
SherwinWilliams||Muddled Basil|#5A5243|1|SW 7745
SherwinWilliams||Ancient Marble|#D1CCB9|1|SW 6162
SherwinWilliams||Liveable Green|#CECEBD|1|SW 6176
SherwinWilliams||Filmy Green|#D1D3C7|1|SW 6190
SherwinWilliams||Conservative Gray|#D1D0C6|1|SW 6183
SherwinWilliams||Aloof Gray|#C9C9C0|1|SW 6197
SherwinWilliams||Sea Salt|#CDD2CA|1|SW 6204
SherwinWilliams||Rainwashed|#C2CDC5|1|SW 6211
SherwinWilliams||Grassland|#C1BCA7|1|SW 6163
SherwinWilliams||Softened Green|#BBBCA7|1|SW 6177
SherwinWilliams||Contented|#BDC0B3|1|SW 6191
SherwinWilliams||Austere Gray|#BEBFB2|1|SW 6184
SherwinWilliams||Sensible Hue|#B6B5AB|1|SW 6198
SherwinWilliams||Comfort Gray|#BEC3BB|1|SW 6205
SherwinWilliams||Quietude|#ADBBB2|1|SW 6212
SherwinWilliams||Svelte Sage|#B2AC96|1|SW 6164
SherwinWilliams||Clary Sage|#ACAD97|1|SW 6178
SherwinWilliams||Coastal Plain|#9FA694|1|SW 6192
SherwinWilliams||Escape Gray|#ABAC9F|1|SW 6185
SherwinWilliams||Rare Gray|#A6A69B|1|SW 6199
SherwinWilliams||Oyster Bay|#AEB3A9|1|SW 6206
SherwinWilliams||Halcyon Green|#9BAAA2|1|SW 6213
SherwinWilliams||At Ease Soldier|#9E9985|1|SW 9127
SherwinWilliams||Green Onyx|#989A82|1|SW 9128
SherwinWilliams||Jade Dragon|#909886|1|SW 9129
SherwinWilliams||Evergreen Fog|#95978A|1|SW 9130
SherwinWilliams||Cornwall Slate|#949488|1|SW 9131
SherwinWilliams||Acacia Haze|#969C92|1|SW 9132
SherwinWilliams||Jasper Stone|#8D9E97|1|SW 9133
SherwinWilliams||Connected Gray|#898473|1|SW 6165
SherwinWilliams||Artichoke|#7F8266|1|SW 6179
SherwinWilliams||Privilege Green|#7A8775|1|SW 6193
SherwinWilliams||Dried Thyme|#7B8070|1|SW 6186
SherwinWilliams||Link Gray|#7F7E72|1|SW 6200
SherwinWilliams||Retreat|#7A8076|1|SW 6207
SherwinWilliams||Underseas|#7C8E87|1|SW 6214
SherwinWilliams||Eclipse|#6B6757|1|SW 6166
SherwinWilliams||Oakmoss|#65684C|1|SW 6180
SherwinWilliams||Basil|#626E60|1|SW 6194
SherwinWilliams||Rosemary|#64695C|1|SW 6187
SherwinWilliams||Thunderous|#6D6C62|1|SW 6201
SherwinWilliams||Pewter Green|#5E6259|1|SW 6208
SherwinWilliams||Rocky River|#5E706A|1|SW 6215
SherwinWilliams||Garden Gate|#5E5949|1|SW 6167
SherwinWilliams||Secret Garden|#4F523A|1|SW 6181
SherwinWilliams||Rock Garden|#465448|1|SW 6195
SherwinWilliams||Shade-Grown|#4E5147|1|SW 6188
SherwinWilliams||Cast Iron|#64645A|1|SW 6202
SherwinWilliams||Ripe Olive|#44483D|1|SW 6209
SherwinWilliams||Jasper|#343B36|1|SW 6216
SherwinWilliams||Tradewind|#C2CFCF|1|SW 6218
SherwinWilliams||Sleepy Blue|#BCCBCE|1|SW 6225
SherwinWilliams||Lullaby|#CBD4D4|1|SW 9136
SherwinWilliams||Misty|#CDD2D2|1|SW 6232
SherwinWilliams||Moonmist|#C9D9E0|1|SW 9144
SherwinWilliams||Upward|#BFC9D0|1|SW 6239
SherwinWilliams||North Star|#CAD0D2|1|SW 6246
SherwinWilliams||Rain|#ABBEBF|1|SW 6219
SherwinWilliams||Languid Blue|#A4B7BD|1|SW 6226
SherwinWilliams||Niebla Azul|#B6C3C4|1|SW 9137
SherwinWilliams||Samovar Silver|#B8BEBE|1|SW 6233
SherwinWilliams||Sleepy Hollow|#B7C9D1|1|SW 9145
SherwinWilliams||Windy Blue|#AABAC6|1|SW 6240
SherwinWilliams||Krypton|#B8C0C3|1|SW 6247
SherwinWilliams||Interesting Aqua|#9BAFB2|1|SW 6220
SherwinWilliams||Meditative|#96AAB0|1|SW 6227
SherwinWilliams||Stardew|#A6B2B5|1|SW 9138
SherwinWilliams||Uncertain Gray|#A9B0B1|1|SW 6234
SherwinWilliams||Faded Flaxflower|#9EB4C0|1|SW 9146
SherwinWilliams||Aleutian|#98A9B7|1|SW 6241
SherwinWilliams||Jubilee|#ADB5B9|1|SW 6248
SherwinWilliams||Delft|#8B9FA0|1|SW 9134
SherwinWilliams||Whirlpool|#80969D|1|SW 9135
SherwinWilliams||Debonair|#90A0A6|1|SW 9139
SherwinWilliams||Cadet|#91999C|1|SW 9143
SherwinWilliams||Favorite Jeans|#8AA3B1|1|SW 9147
SherwinWilliams||Daphne|#899CAA|1|SW 9151
SherwinWilliams||Let it Rain|#979FA5|1|SW 9152
SherwinWilliams||Moody Blue|#7A9192|1|SW 6221
SherwinWilliams||Refuge|#607D84|1|SW 6228
SherwinWilliams||Blustery Sky|#6F848C|1|SW 9140
SherwinWilliams||Foggy Day|#727C7F|1|SW 6235
SherwinWilliams||Smoky Azurite|#708D9E|1|SW 9148
SherwinWilliams||Bracing Blue|#768B9A|1|SW 6242
SherwinWilliams||Storm Cloud|#7A848D|1|SW 6249
SherwinWilliams||Riverway|#5D7274|1|SW 6222
SherwinWilliams||Tempe Star|#47626A|1|SW 6229
SherwinWilliams||Waterloo|#536872|1|SW 9141
SherwinWilliams||Grays Harbor|#596368|1|SW 6236
SherwinWilliams||Inky Blue|#4E7287|1|SW 9149
SherwinWilliams||Distance|#5D6F7F|1|SW 6243
SherwinWilliams||Granite Peak|#606B75|1|SW 6250
SherwinWilliams||Still Water|#4A5D5F|1|SW 6223
SherwinWilliams||Rainstorm|#244653|1|SW 6230
SherwinWilliams||Moscow Midnight|#204652|1|SW 9142
SherwinWilliams||Dark Night|#23383F|1|SW 6237
SherwinWilliams||Endless Sea|#32586E|1|SW 9150
SherwinWilliams||Indigo Batik|#3E5063|1|SW 7602
SherwinWilliams||Outerspace|#586168|1|SW 6251
SherwinWilliams||Destiny|#CFC9C8|1|SW 6274
SherwinWilliams||Minute Mauve|#CFC9C8|1|SW 7078
SherwinWilliams||Unique Gray|#CBC9C9|1|SW 6260
SherwinWilliams||Sensitive Tint|#CEC9CC|1|SW 6267
SherwinWilliams||Vaguely Mauve|#D1C5C4|1|SW 6015
SherwinWilliams||Individual White|#D4CDCA|1|SW 6008
SherwinWilliams||Angora|#D1C5BE|1|SW 6036
SherwinWilliams||Fashionable Gray|#BDB8B8|1|SW 6275
SherwinWilliams||Ponder|#BCB6B6|1|SW 7079
SherwinWilliams||Swanky Gray|#B5B1B5|1|SW 6261
SherwinWilliams||Veiled Violet|#BDB5B9|1|SW 6268
SherwinWilliams||Chaise Mauve|#C1B2B3|1|SW 6016
SherwinWilliams||Imagine|#C2B6B6|1|SW 6009
SherwinWilliams||Temperate Taupe|#BFB1AA|1|SW 6037
SherwinWilliams||Mystical Shade|#AEA9AA|1|SW 6276
SherwinWilliams||Quest Gray|#ADA5A5|1|SW 7080
SherwinWilliams||Mysterious Mauve|#A6A3A9|1|SW 6262
SherwinWilliams||Beguiling Mauve|#AFA7AC|1|SW 6269
SherwinWilliams||Intuitive|#B3A3A5|1|SW 6017
SherwinWilliams||Flexible Gray|#B1A3A1|1|SW 6010
SherwinWilliams||Truly Taupe|#AC9E97|1|SW 6038
SherwinWilliams||Moonlit Orchid|#949194|1|SW 9153
SherwinWilliams||Slate Violet|#989192|1|SW 9155
SherwinWilliams||Gris Morado|#8F8A91|1|SW 9156
SherwinWilliams||Autumn Orchid|#9D9093|1|SW 9157
SherwinWilliams||Coquina|#9D8D8E|1|SW 9158
SherwinWilliams||Auger Shell|#9F9291|1|SW 9159
SherwinWilliams||Armadillo|#9E9089|1|SW 9160
SherwinWilliams||Special Gray|#7B787D|1|SW 6277
SherwinWilliams||Sensuous Gray|#837D7F|1|SW 7081
SherwinWilliams||Exclusive Plum|#736F78|1|SW 6263
SherwinWilliams||Soulmate|#85777B|1|SW 6270
SherwinWilliams||Enigma|#8B7C7E|1|SW 6018
SherwinWilliams||Chinchilla|#867875|1|SW 6011
SherwinWilliams||Poised Taupe|#8C7E78|1|SW 6039
SherwinWilliams||Cloak Gray|#605E63|1|SW 6278
SherwinWilliams||Stunning Shade|#676064|1|SW 7082
SherwinWilliams||Midnight|#5D5962|1|SW 6264
SherwinWilliams||Expressive Plum|#695C62|1|SW 6271
SherwinWilliams||Poetry Plum|#6F5C5F|1|SW 6019
SherwinWilliams||Browse Brown|#6E615F|1|SW 6012
SherwinWilliams||Nutshell|#756761|1|SW 6040
SherwinWilliams||Perle Noir|#4F4D51|1|SW 9154
SherwinWilliams||Darkroom|#443E40|1|SW 7083
SherwinWilliams||Quixotic Plum|#4A4653|1|SW 6265
SherwinWilliams||Plum Brown|#4E4247|1|SW 6272
SherwinWilliams||Marooned|#4E3132|1|SW 6020
SherwinWilliams||Bitter Chocolate|#4D3C3C|1|SW 6013
SherwinWilliams||Otter|#56433B|1|SW 6041
SherwinWilliams||Grecian Ivory|#D8CFBE|1|SW 7541
SherwinWilliams||Shiitake|#C8BCAB|1|SW 9173
SherwinWilliams||Accessible Beige|#D1C7B8|1|SW 7036
SherwinWilliams||Rivers Edge|#DBCEBD|1|SW 7517
SherwinWilliams||Tricorn Black|#2F2F30|1|SW 6258
SherwinWilliams||Rockweed|#443735|1|SW 2735
SherwinWilliams||Dress Blues|#2B4360|1|SW 9176
SherwinWilliams||Jogging Path|#C0B9A9|1|SW 7638
SherwinWilliams||Loggia|#C4B7A5|1|SW 7506
SherwinWilliams||Balanced Beige|#C0B2A2|1|SW 7037
SherwinWilliams||Bungalow Beige|#CDBFB0|1|SW 7511
SherwinWilliams||Caviar|#313031|1|SW 6990
SherwinWilliams||Black Bean|#403330|1|SW 6006
SherwinWilliams||Salty Dog|#234058|1|SW 9177
SherwinWilliams||Gateway Gray|#B2AC9C|1|SW 7644
SherwinWilliams||Stone Lion|#B3A491|1|SW 7507
SherwinWilliams||Tony Taupe|#B1A290|1|SW 7038
SherwinWilliams||Dhurrie Beige|#CABAA8|1|SW 7524
SherwinWilliams||Black Magic|#323132|1|SW 6991
SherwinWilliams||Raisin|#392B2D|1|SW 7630
SherwinWilliams||In the Navy|#283849|1|SW 9178
SherwinWilliams||Ethereal Mood|#AEA594|1|SW 7639
SherwinWilliams||Taupe Tone|#ADA090|1|SW 7633
SherwinWilliams||Moth Wing|#A0907F|1|SW 9174
SherwinWilliams||Pavilion Beige|#C5B6A4|1|SW 7512
SherwinWilliams||Inkwell|#31363A|1|SW 6992
SherwinWilliams||Deep Forest Brown|#393437|1|SW 9175
SherwinWilliams||Charcoal Blue|#3D4450|1|SW 2739
SherwinWilliams||Fawn Brindle|#A7A094|1|SW 7640
SherwinWilliams||Sanderling|#A79582|1|SW 7513
SherwinWilliams||Virtual Taupe|#8A7A6A|1|SW 7039
SherwinWilliams||Threshold Taupe|#AC9A8A|1|SW 7501
SherwinWilliams||Black of Night|#323639|1|SW 6993
SherwinWilliams||Domino|#353337|1|SW 6989
SherwinWilliams||Mineral Gray|#515763|1|SW 2740
SherwinWilliams||Rushing River|#A19C8F|1|SW 7746
SherwinWilliams||Tavern Taupe|#9C8A79|1|SW 7508
SherwinWilliams||Smokehouse|#716354|1|SW 7040
SherwinWilliams||Dry Dock|#A18D7D|1|SW 7502
SherwinWilliams||Greenblack|#373A3A|1|SW 6994
SherwinWilliams||Bohemian Black|#3B373C|1|SW 6988
SherwinWilliams||Naval|#2F3D4C|1|SW 6244
SherwinWilliams||Mountain Road|#868578|1|SW 7743
SherwinWilliams||Foothills|#827466|1|SW 7514
SherwinWilliams||Van Dyke Brown|#564536|1|SW 7041
SherwinWilliams||Tiki Hut|#826F5E|1|SW 7509
SherwinWilliams||Iron Ore|#434341|1|SW 7069
SherwinWilliams||Black Swan|#3A373E|1|SW 6279
SherwinWilliams||Anchors Aweigh|#2B3441|1|SW 9179
SherwinWilliams||Gardenia|#F3E2C9|1|SW 6665
SherwinWilliams||Restoration Ivory|#E9E1CA|1|SW 6413
SherwinWilliams||Nonchalant White|#DEDDD1|1|SW 6161
SherwinWilliams||Glimmer|#E0E7E2|1|SW 6476
SherwinWilliams||Sky High|#DCE7E8|1|SW 6504
SherwinWilliams||Mountain Air|#D8E0DF|1|SW 6224
SherwinWilliams||Polite White|#E9DDD4|1|SW 6056
SherwinWilliams||Welcome White|#F3E3CA|1|SW 6658
SherwinWilliams||Ionic Ivory|#E7DFC5|1|SW 6406
SherwinWilliams||Spinach White|#E4E8DA|1|SW 6434
SherwinWilliams||Opaline|#DCDFD7|1|SW 6189
SherwinWilliams||Snowdrop|#E0E8E7|1|SW 6511
SherwinWilliams||Quicksilver|#DDE2E0|1|SW 6245
SherwinWilliams||Gorgeous White|#E7DBD3|1|SW 6049
SherwinWilliams||Champagne|#F2E3CE|1|SW 6644
SherwinWilliams||Chamomile|#E9E0C5|1|SW 6399
SherwinWilliams||White Mint|#E0E7DA|1|SW 6441
SherwinWilliams||Window Pane|#D7DFD8|1|SW 6210
SherwinWilliams||Topsail|#DAE2E0|1|SW 6217
SherwinWilliams||Icicle|#DBDFE0|1|SW 6238
SherwinWilliams||Hush White|#E5DAD4|1|SW 6042
SherwinWilliams||Nearly Peach|#EFDED1|1|SW 6336
SherwinWilliams||Vital Yellow|#EDE0C5|1|SW 6392
SherwinWilliams||Sagey|#E2E2D1|1|SW 6175
SherwinWilliams||Fleeting Green|#D8E2D8|1|SW 6455
SherwinWilliams||Blue Horizon|#D8E7E6|1|SW 6497
SherwinWilliams||Rarified Air|#E1E6E6|1|SW 6525
SherwinWilliams||Dreamy White|#E3D9D5|1|SW 6021
SherwinWilliams||Faint Coral|#EEDED5|1|SW 6329
SherwinWilliams||Daybreak|#F3EAC6|1|SW 6700
SherwinWilliams||Queen Anne's Lace|#ECEAD5|1|SW 6420
SherwinWilliams||Green Trance|#D7E4DB|1|SW 6462
SherwinWilliams||Bravo Blue|#D3E7E9|1|SW 6784
SherwinWilliams||Snowfall|#E0DEDA|1|SW 6000
SherwinWilliams||Smart White|#E4DBD8|1|SW 6007
SherwinWilliams||Intimate White|#F0E1D8|1|SW 6322
SherwinWilliams||Lily|#F3E8C2|1|SW 6693
SherwinWilliams||Sprout|#E4E4CE|1|SW 6427
SherwinWilliams||Embellished Blue|#D7EBE2|1|SW 6749
SherwinWilliams||Iceberg|#D6E4E7|1|SW 6798
SherwinWilliams||Spatial White|#DDDCDB|1|SW 6259
SherwinWilliams||Original White|#E2DEDB|1|SW 7077
SherwinWilliams||Comical Coral|#F3D1C8|1|SW 6876
SherwinWilliams||Daffodil|#FAD97A|1|SW 6901
SherwinWilliams||Green Vibes|#D4E7C3|1|SW 6928
SherwinWilliams||Tantalizing Teal|#87DCCE|1|SW 6937
SherwinWilliams||Undercool|#7FC3E1|1|SW 6957
SherwinWilliams||Hyacinth Tint|#C2CBE0|1|SW 6968
SherwinWilliams||Free Spirit|#CAB2D2|1|SW 6973
