w3|2017|greenery|#92B558|1|
w3|2017|grenadine|#DC4C46|1|
w3|2017|tawny port|#672e3b|1|
w3|2017|ballet slipper|#f3d6e4|1|
w3|2017|butterum|#c48f65|1|
w3|2017|navy peony|#223a5e|1|
w3|2017|neutral gray|#898e8c|1|
w3|2017|neutral grey|#898e8c|1|
w3|2017|shaded spruce|#005960|1|
w3|2017|golden lime|#9c9a40|1|
w3|2017|marina|#4F84C4|1|
w3|2017|autumn maple|#d2691e|1|
w3|2017|niagara|#578CA9|1|
w3|2017|primrose yellow|#f6d155|1|
w3|2017|lapis blue|#004b8d|1|
w3|2017|flame|#f2552c|1|
w3|2017|island paradise|#95dee3|1|
w3|2017|pale dogwood|#edcdc2|1|
w3|2017|pink yarrow|#ce3175|1|
w3|2017|kale|#5a7247|1|
w3|2017|hazelnut|#cfb095|1|
w3|2018|red pear|#7F4145|1|
w3|2018|valiant poppy|#BD3D3A|1|
w3|2018|nebulas blue|#3F69AA|1|
w3|2018|ceylon yellow|#D5AE41|1|
w3|2018|martini olive|#766F57|1|
w3|2018|russet orange|#E47A2E|1|
w3|2018|crocus petal|#BE9EC9|1|
w3|2018|limelight|#F1EA7F|1|
w3|2018|quetzal green|#006E6D|1|
w3|2018|sargasso sea|#485167|1|
w3|2018|tofu|#EAE6DA|1|
w3|2018|almond buff|#D1B894|1|
w3|2018|quiet gray|#BCBCBE|1|
w3|2018|quiet grey|#BCBCBE|1|
w3|2018|meerkat|#95dee3|1|
w3|2018|meadowlark|#ECDB54|1|
w3|2018|cherry tomato|#E94B3C|1|
w3|2018|little boy blue|#6F9FD8|1|
w3|2018|chili oil|#944743|1|
w3|2018|pink lavender|#DBB1CD|1|
w3|2018|blooming dahlia|#EC9787|1|
w3|2018|arcadia|#00A591|1|
w3|2018|emperador|#6C4F3D|1|
w3|2018|ultra violet|#6B5B95|1|
w3|2018|almost mauve|#EADEDB|1|
w3|2018|spring crocus|#BC70A4|1|
w3|2018|lime punch|#BFD641|1|
w3|2018|sailor blue|#2E4A62|1|
w3|2018|harbor mist|#B4B7BA|1|
w3|2018|warm sand|#C0AB8E|1|
w3|2018|coconut milk|#F0EDE5|1|
w3|2019|fiesta|#DD4132|1|
w3|2019|jester red|#9E1030|1|
w3|2019|turmeric|#FE840E|1|
w3|2019|living coral|#FF6F61|1|
w3|2019|pink peacock|#C62168|1|
w3|2019|pepper stem|#8D9440|1|
w3|2019|aspen gold|#FFD662|1|
w3|2019|princess blue|#00539C|1|
w3|2019|toffee|#755139|1|
w3|2019|mango mojito|#D69C2F|1|
w3|2019|terrarium moss|#616247|1|
w3|2019|sweet lilac|#E8B5CE|1|
w3|2019|soybean|#D2C29D|1|
w3|2019|eclipse|#343148|1|
w3|2019|sweet corn|#F0EAD6|1|
w3|2019|brown granite|#615550|1|
w3|2019|chili pepper|#9B1B30|1|
w3|2019|biking red|#77212E|1|
w3|2019|creme de peche|#F5D6C6|1|
w3|2019|peach pink|#FA9A85|1|
w3|2019|rocky road|#5A3E36|1|
w3|2019|fruit dove|#CE5B78|1|
w3|2019|sugar almond|#935529|1|
w3|2019|dark cheddar|#E08119|1|
w3|2019|galaxy blue|#2A4B7C|1|
w3|2019|bluestone|#577284|1|
w3|2019|orange tiger|#F96714|1|
w3|2019|eden|#264E36|1|
w3|2019|vanilla custard|#F3E0BE|1|
w3|2019|evening blue|#2A293E|1|
w3|2019|paloma|#9F9C99|1|
w3|2019|guacamole|#797B3A|1|
w3|2020|classic blue|#34568B|1|
w3|2020|flame scarlet|#CD212A|1|
w3|2020|saffron|#FFA500|1|
w3|2020|biscay green|#56C6A9|1|
w3|2020|chive|#4B5335|1|
w3|2020|faded denim|#798EA4|1|
w3|2020|orange peel|#FA7A35|1|
w3|2020|mosaic blue|#00758F|1|
w3|2020|sunlight|#EDD59E|1|
w3|2020|coral pink|#E8A798|1|
w3|2020|cinnamon stick|#9C4722|1|
w3|2020|grape compote|#6B5876|1|
w3|2020|lark|#B89B72|1|
w3|2020|navy blazer|#282D3C|1|
w3|2020|brilliant white|#EDF1FF|1|
w3|2020|ash|#A09998|1|
w3|2020|amberglow|#DC793E|1|
w3|2020|samba|#A2242F|1|
w3|2020|sandstone|#C48A69|1|
w3|2020|green sheen|#D9CE52|1|
w3|2020|rose tan|#D19C97|1|
w3|2020|ultramarine green|#006B54|1|
w3|2020|fired brick|#6A2E2A|1|
w3|2020|peach nougat|#E6AF91|1|
w3|2020|magenta purple|#6C244C|1|
w3|2021|marigold|#FDAC53|1|
w3|2021|cerulean|#9BB7D4|1|
w3|2021|rust|#B55A30|1|
w3|2021|illuminating|#F5DF4D|1|
w3|2021|french blue|#0072B5|1|
w3|2021|green ash|#A0DAA9|1|
w3|2021|burnt coral|#E9897E|1|
w3|2021|mint|#00A170|1|
w3|2021|amethyst orchid|#926AA6|1|
w3|2021|raspberry sorbet|#D2386C|1|
w3|2021|inkwell|#363945|1|
w3|2021|ultimate gray|#939597|1|
w3|2021|buttercream|#EFE1CE|1|
w3|2021|desert mist|#E0B589|1|
w3|2021|willow|#9A8B4F|1|
w3|camo|brown|#594d45|1|
w3|camo|red|#79533d|1|
w3|camo|olive|#595142|1|
w3|camo|field|#745d46|1|
w3|camo|earth|#ac7e54|1|
w3|camo|sand|#a9947b|1|
w3|camo|tan|#b49d80|1|
w3|camo|sandstone|#bcab90|1|
w3|camo|dark green|#535640|1|
w3|camo|forest|#54504b|1|
w3|camo|light green|#63613e|1|
w3|camo|green|#4a5444|1|
w3|camo|dark gray|#5c5c5b|1|
w3|camo|dark grey|#5c5c5b|1|
w3|camo|gray|#9495a5|1|
w3|camo|grey|#9495a5|1|
w3|camo|black|#373538|1|
w3|flat|turquoise|#1abc9c|1|
w3|flat|emerald|#2ecc71|1|
w3|flat|peter river|#3498db|1|
w3|flat|amethyst|#9b59b6|1|
w3|flat|wet asphalt|#34495e|1|
w3|flat|green sea|#16a085|1|
w3|flat|nephritis|#27ae60|1|
w3|flat|belize hole|#2980b9|1|
w3|flat|wisteria|#8e44ad|1|
w3|flat|midnight blue|#2c3e50|1|
w3|flat|sun flower|#f1c40f|1|
w3|flat|carrot|#e67e22|1|
w3|flat|alizarin|#e74c3c|1|
w3|flat|clouds|#ecf0f1|1|
w3|flat|concrete|#95a5a6|1|
w3|flat|orange|#f39c12|1|
w3|flat|pumpkin|#d35400|1|
w3|flat|pomegranate|#c0392b|1|
w3|flat|silver|#bdc3c7|1|
w3|flat|asbestos|#7f8c8d|1|
w3|food|apple|#76cd26|1|
w3|food|aspargus|#77ab56|1|
w3|food|apricot|#ffb16d|1|
w3|food|aubergine|#3d0734|1|
w3|food|avocado|#87a922|1|
w3|food|banana|#fafe4b|1|
w3|food|butter|#ffff81|1|
w3|food|blueberry|#464196|1|
w3|food|carrot|#e67e22|1|
w3|food|cherry|#cf0234|1|
w3|food|chocolate|#411900|1|
w3|food|cranberry|#9e003a|1|
w3|food|coffee|#a6814c|1|
w3|food|egg|#fffcc4|1|
w3|food|grape|#6c3461|1|
w3|food|kiwi|#8ee53f|1|
w3|food|lemon|#fdff52|1|
w3|food|lime|#bffe28|1|
w3|food|mango|#ffa62b|1|
w3|food|mushroom|#ba9e88|1|
w3|food|mustard|#ceb301|1|
w3|food|mint|#c0fa8b|1|
w3|food|olive|#6e750e|1|
w3|food|orange|#f97306|1|
w3|food|pea|#a4bf20|1|
w3|food|peach|#ffb07c|1|
w3|food|pear|#cbf85f|1|
w3|food|pistachio|#c0fa8b|1|
w3|food|plum|#3f012c|1|
w3|food|pomegranate|#c0392b|1|
w3|food|pumpkin|#d35400|1|
w3|food|raspberry|#b00149|1|
w3|food|saffron|#feb209|1|
w3|food|salmon|#ff796c|1|
w3|food|spearmint|#1ef876|1|
w3|food|squash|#f2ab15|1|
w3|food|strawberry|#fb2943|1|
w3|food|tomato|#ec2d01|1|
w3|food|wheat|#fbdd7e|1|
w3|food|wine|#80013f|1|
w3|highway|brown|#633517|1|
w3|highway|red|#a6001a|1|
w3|highway|orange|#e06000|1|
w3|highway|schoolbus|#ee9600|1|
w3|highway|yellow|#ffab00|1|
w3|highway|green|#004d33|1|
w3|highway|blue|#00477e|1|
w3|ios|dark blue|#5856d6|1|
w3|ios|deep blue|#007AFF|1|
w3|ios|blue|#34AADC|1|
w3|ios|light blue|#5AC8FA|1|
w3|ios|green|#4cd964|1|
w3|ios|pink|#ff2d55|1|
w3|ios|red|#ff3b30|1|
w3|ios|orange|#ff9500|1|
w3|ios|yellow|#ffcc00|1|
w3|ios|grey|#8e8e93|1|
w3|ios|light grey|#ceced2|1|
w3|ios|background|#efeff4|1|
w3|metro|light green|#99b433|1|
w3|metro|green|#00a300|1|
w3|metro|dark green|#1e7145|1|
w3|metro|magenta|#ff0097|1|
w3|metro|light purple|#9f00a7|1|
w3|metro|purple|#7e3878|1|
w3|metro|dark purple|#603cba|1|
w3|metro|darken|#1d1d1d|1|
w3|metro|teal|#00aba9|1|
w3|metro|light blue|#eff4ff|1|
w3|metro|blue|#2d89ef|1|
w3|metro|dark blue|#2b5797|1|
w3|metro|yellow|#ffc40d|1|
w3|metro|orange|#e3a21a|1|
w3|metro|dark orange|#da532c|1|
w3|metro|red|#ee1111|1|
w3|metro|dark red|#b91d47|1|
w3|safety|red|#bd1e24|1|
w3|safety|orange|#e97600|1|
w3|safety|yellow|#f6c700|1|
w3|safety|green|#007256|1|
w3|safety|blue|#0067a7|1|
w3|safety|purple|#964f8e|1|
w3|signal|yellow|#f7ba0b|1|
w3|signal|orange|#d4652f|1|
w3|signal|red|#a02128|1|
w3|signal|violet|#904684|1|
w3|signal|blue|#154889|1|
w3|signal|green|#317f43|1|
w3|signal|grey|#9b9b9b|1|
w3|signal|brown|#7b5141|1|
w3|signal|white|#f4f4f4|1|
w3|signal|black|#282828|1|
w3|vivid|pink|#ffb5bA|1|
w3|vivid|red|#be0032|1|
w3|vivid|orange|#f38400|1|
w3|vivid|yellow|#f3c300|1|
w3|vivid|green|#008856|1|
w3|vivid|blue|#00a1c2|1|
w3|vivid|black|#000000|1|
w3|vivid|white|#ffffff|1|
w3|vivid|purple|#9a4eae|1|
w3|vivid|yellowish pink|#ffb7a5|1|
w3|vivid|reddish orange|#e25822|1|
w3|vivid|orange yellow|#f6a600|1|
w3|vivid|greenish yellow|#dcd300|1|
w3|vivid|yellow green|#8db600|1|
w3|vivid|yellowish green|#27a64c|1|
w3|vivid|bluish green|#008882|1|
w3|vivid|greenish blue|#0085a1|1|
w3|vivid|purplish blue|#30267a|1|
w3|vivid|reddish purple|#870074|1|
w3|vivid|purplish red|#ce4676|1|
w3|win8|lime|#a4c400|1|
w3|win8|green|#60a917|1|
w3|win8|emerald|#008a00|1|
w3|win8|teal|#00aba9|1|
w3|win8|cyan|#1ba1e2|1|
w3|win8|blue|#3e65ff|1|
w3|win8|cobalt|#0050ef|1|
w3|win8|indigo|#6a00ff|1|
w3|win8|violet|#aa00ff|1|
w3|win8|pink|#f472d0|1|
w3|win8|magenta|#d80073|1|
w3|win8|crimson|#a20025|1|
w3|win8|red|#e51400|1|
w3|win8|orange|#fa6800|1|
w3|win8|amber|#f0a30a|1|
w3|win8|yellow|#e3c800|1|
w3|win8|brown|#825a2c|1|
w3|win8|olive|#6d8764|1|
w3|win8|steel|#647687|1|
w3|win8|mauve|#76608a|1|
w3|win8|taupe|#87794e|1|
w3|win8|sienna|#a0522d|1|
w3|colors|amber|#ffc107|1|
w3|colors|aqua|#00ffff|1|
w3|colors|blue|#2196F3|1|
w3|colors|light blue|#87CEEB|1|
w3|colors|brown|#795548|1|
w3|colors|cyan|#00bcd4|1|
w3|colors|blue grey|#607d8b|1|
w3|colors|green|#4CAF50|1|
w3|colors|light green|#8bc34a|1|
w3|colors|indigo|#3f51b5|1|
w3|colors|khaki|#f0e68c|1|
w3|colors|lime|#cddc39|1|
w3|colors|orange|#ff9800|1|
w3|colors|deep orange|#ff5722|1|
w3|colors|pink|#e91e63|1|
w3|colors|purple|#9c27b0|1|
w3|colors|deep purple|#673ab7|1|
w3|colors|red|#f44336|1|
w3|colors|sand|#fdf5e6|1|
w3|colors|teal|#009688|1|
w3|colors|yellow|#ffeb3b|1|
w3|colors|white|#ffffff|1|
w3|colors|black|#000000|1|
w3|colors|grey|#9e9e9e|1|
w3|colors|gray|#9e9e9e|1|
w3|colors|light grey|#f1f1f1|1|
w3|colors|dark grey|#616161|1|
w3|colors|pale red|#ffdddd|1|
w3|colors|pale green|#ddffdd|1|
w3|colors|pale yellow|#ffffcc|1|
w3|colors|pale blue|#ddffff|1|
