x11|rgb.txt 1.1|snow|#FFFAFA|1|
x11|rgb.txt 1.1|ghost-white|#F8F8FF|1|
x11|rgb.txt 1.1|ghostwhite|#F8F8FF|1|
x11|rgb.txt 1.1|white-smoke|#F5F5F5|1|
x11|rgb.txt 1.1|whitesmoke|#F5F5F5|1|
x11|rgb.txt 1.1|gainsboro|#DCDCDC|1|
x11|rgb.txt 1.1|floral-white|#FFFAF0|1|
x11|rgb.txt 1.1|floralwhite|#FFFAF0|1|
x11|rgb.txt 1.1|old-lace|#FDF5E6|1|
x11|rgb.txt 1.1|oldlace|#FDF5E6|1|
x11|rgb.txt 1.1|linen|#FAF0E6|1|
x11|rgb.txt 1.1|antique-white|#FAEBD7|1|
x11|rgb.txt 1.1|antiquewhite|#FAEBD7|1|
x11|rgb.txt 1.1|papaya-whip|#FFEFD5|1|
x11|rgb.txt 1.1|papayawhip|#FFEFD5|1|
x11|rgb.txt 1.1|blanched-almond|#FFEBCD|1|
x11|rgb.txt 1.1|blanchedalmond|#FFEBCD|1|
x11|rgb.txt 1.1|bisque|#FFE4C4|1|
x11|rgb.txt 1.1|peach-puff|#FFDAB9|1|
x11|rgb.txt 1.1|peachpuff|#FFDAB9|1|
x11|rgb.txt 1.1|navajo-white|#FFDEAD|1|
x11|rgb.txt 1.1|navajowhite|#FFDEAD|1|
x11|rgb.txt 1.1|moccasin|#FFE4B5|1|
x11|rgb.txt 1.1|cornsilk|#FFF8DC|1|
x11|rgb.txt 1.1|ivory|#FFFFF0|1|
x11|rgb.txt 1.1|lemon-chiffon|#FFFACD|1|
x11|rgb.txt 1.1|lemonchiffon|#FFFACD|1|
x11|rgb.txt 1.1|seashell|#FFF5EE|1|
x11|rgb.txt 1.1|honeydew|#F0FFF0|1|
x11|rgb.txt 1.1|mint-cream|#F5FFFA|1|
x11|rgb.txt 1.1|mintcream|#F5FFFA|1|
x11|rgb.txt 1.1|azure|#F0FFFF|1|
x11|rgb.txt 1.1|alice-blue|#F0F8FF|1|
x11|rgb.txt 1.1|aliceblue|#F0F8FF|1|
x11|rgb.txt 1.1|lavender|#E6E6FA|1|
x11|rgb.txt 1.1|lavender-blush|#FFF0F5|1|
x11|rgb.txt 1.1|lavenderblush|#FFF0F5|1|
x11|rgb.txt 1.1|misty-rose|#FFE4E1|1|
x11|rgb.txt 1.1|mistyrose|#FFE4E1|1|
x11|rgb.txt 1.1|white|#FFFFFF|1|
x11|rgb.txt 1.1|black|#000000|1|
x11|rgb.txt 1.1|dark-slate-gray|#2F4F4F|1|
x11|rgb.txt 1.1|darkslategray|#2F4F4F|1|
x11|rgb.txt 1.1|dark-slate-grey|#2F4F4F|1|
x11|rgb.txt 1.1|darkslategrey|#2F4F4F|1|
x11|rgb.txt 1.1|dim-gray|#696969|1|
x11|rgb.txt 1.1|dimgray|#696969|1|
x11|rgb.txt 1.1|dim-grey|#696969|1|
x11|rgb.txt 1.1|dimgrey|#696969|1|
x11|rgb.txt 1.1|slate-gray|#708090|1|
x11|rgb.txt 1.1|slategray|#708090|1|
x11|rgb.txt 1.1|slate-grey|#708090|1|
x11|rgb.txt 1.1|slategrey|#708090|1|
x11|rgb.txt 1.1|light-slate-gray|#778899|1|
x11|rgb.txt 1.1|lightslategray|#778899|1|
x11|rgb.txt 1.1|light-slate-grey|#778899|1|
x11|rgb.txt 1.1|lightslategrey|#778899|1|
x11|rgb.txt 1.1|gray|#BEBEBE|1|
x11|rgb.txt 1.1|grey|#BEBEBE|1|
x11|rgb.txt 1.1|light-grey|#D3D3D3|1|
x11|rgb.txt 1.1|lightgrey|#D3D3D3|1|
x11|rgb.txt 1.1|light-gray|#D3D3D3|1|
x11|rgb.txt 1.1|lightgray|#D3D3D3|1|
x11|rgb.txt 1.1|midnight-blue|#191970|1|
x11|rgb.txt 1.1|midnightblue|#191970|1|
x11|rgb.txt 1.1|navy|#000080|1|
x11|rgb.txt 1.1|navy-blue|#000080|1|
x11|rgb.txt 1.1|navyblue|#000080|1|
x11|rgb.txt 1.1|cornflower-blue|#6495ED|1|
x11|rgb.txt 1.1|cornflowerblue|#6495ED|1|
x11|rgb.txt 1.1|dark-slate-blue|#483D8B|1|
x11|rgb.txt 1.1|darkslateblue|#483D8B|1|
x11|rgb.txt 1.1|slate-blue|#6A5ACD|1|
x11|rgb.txt 1.1|slateblue|#6A5ACD|1|
x11|rgb.txt 1.1|medium-slate-blue|#7B68EE|1|
x11|rgb.txt 1.1|mediumslateblue|#7B68EE|1|
x11|rgb.txt 1.1|light-slate-blue|#8470FF|1|
x11|rgb.txt 1.1|lightslateblue|#8470FF|1|
x11|rgb.txt 1.1|medium-blue|#0000CD|1|
x11|rgb.txt 1.1|mediumblue|#0000CD|1|
x11|rgb.txt 1.1|royal-blue|#4169E1|1|
x11|rgb.txt 1.1|royalblue|#4169E1|1|
x11|rgb.txt 1.1|blue|#0000FF|1|
x11|rgb.txt 1.1|dodger-blue|#1E90FF|1|
x11|rgb.txt 1.1|dodgerblue|#1E90FF|1|
x11|rgb.txt 1.1|deep-sky-blue|#00BFFF|1|
x11|rgb.txt 1.1|deepskyblue|#00BFFF|1|
x11|rgb.txt 1.1|sky-blue|#87CEEB|1|
x11|rgb.txt 1.1|skyblue|#87CEEB|1|
x11|rgb.txt 1.1|light-sky-blue|#87CEFA|1|
x11|rgb.txt 1.1|lightskyblue|#87CEFA|1|
x11|rgb.txt 1.1|steel-blue|#4682B4|1|
x11|rgb.txt 1.1|steelblue|#4682B4|1|
x11|rgb.txt 1.1|light-steel-blue|#B0C4DE|1|
x11|rgb.txt 1.1|lightsteelblue|#B0C4DE|1|
x11|rgb.txt 1.1|light-blue|#ADD8E6|1|
x11|rgb.txt 1.1|lightblue|#ADD8E6|1|
x11|rgb.txt 1.1|powder-blue|#B0E0E6|1|
x11|rgb.txt 1.1|powderblue|#B0E0E6|1|
x11|rgb.txt 1.1|pale-turquoise|#AFEEEE|1|
x11|rgb.txt 1.1|paleturquoise|#AFEEEE|1|
x11|rgb.txt 1.1|dark-turquoise|#00CED1|1|
x11|rgb.txt 1.1|darkturquoise|#00CED1|1|
x11|rgb.txt 1.1|medium-turquoise|#48D1CC|1|
x11|rgb.txt 1.1|mediumturquoise|#48D1CC|1|
x11|rgb.txt 1.1|turquoise|#40E0D0|1|
x11|rgb.txt 1.1|cyan|#00FFFF|1|
x11|rgb.txt 1.1|light-cyan|#E0FFFF|1|
x11|rgb.txt 1.1|lightcyan|#E0FFFF|1|
x11|rgb.txt 1.1|cadet-blue|#5F9EA0|1|
x11|rgb.txt 1.1|cadetblue|#5F9EA0|1|
x11|rgb.txt 1.1|medium-aquamarine|#66CDAA|1|
x11|rgb.txt 1.1|mediumaquamarine|#66CDAA|1|
x11|rgb.txt 1.1|aquamarine|#7FFFD4|1|
x11|rgb.txt 1.1|dark-green|#006400|1|
x11|rgb.txt 1.1|darkgreen|#006400|1|
x11|rgb.txt 1.1|dark-olive-green|#556B2F|1|
x11|rgb.txt 1.1|darkolivegreen|#556B2F|1|
x11|rgb.txt 1.1|dark-sea-green|#8FBC8F|1|
x11|rgb.txt 1.1|darkseagreen|#8FBC8F|1|
x11|rgb.txt 1.1|sea-green|#2E8B57|1|
x11|rgb.txt 1.1|seagreen|#2E8B57|1|
x11|rgb.txt 1.1|medium-sea-green|#3CB371|1|
x11|rgb.txt 1.1|mediumseagreen|#3CB371|1|
x11|rgb.txt 1.1|light-sea-green|#20B2AA|1|
x11|rgb.txt 1.1|lightseagreen|#20B2AA|1|
x11|rgb.txt 1.1|pale-green|#98FB98|1|
x11|rgb.txt 1.1|palegreen|#98FB98|1|
x11|rgb.txt 1.1|spring-green|#00FF7F|1|
x11|rgb.txt 1.1|springgreen|#00FF7F|1|
x11|rgb.txt 1.1|lawn-green|#7CFC00|1|
x11|rgb.txt 1.1|lawngreen|#7CFC00|1|
x11|rgb.txt 1.1|green|#00FF00|1|
x11|rgb.txt 1.1|chartreuse|#7FFF00|1|
x11|rgb.txt 1.1|medium-spring-green|#00FA9A|1|
x11|rgb.txt 1.1|mediumspringgreen|#00FA9A|1|
x11|rgb.txt 1.1|green-yellow|#ADFF2F|1|
x11|rgb.txt 1.1|greenyellow|#ADFF2F|1|
x11|rgb.txt 1.1|lime-green|#32CD32|1|
x11|rgb.txt 1.1|limegreen|#32CD32|1|
x11|rgb.txt 1.1|yellow-green|#9ACD32|1|
x11|rgb.txt 1.1|yellowgreen|#9ACD32|1|
x11|rgb.txt 1.1|forest-green|#228B22|1|
x11|rgb.txt 1.1|forestgreen|#228B22|1|
x11|rgb.txt 1.1|olive-drab|#6B8E23|1|
x11|rgb.txt 1.1|olivedrab|#6B8E23|1|
x11|rgb.txt 1.1|dark-khaki|#BDB76B|1|
x11|rgb.txt 1.1|darkkhaki|#BDB76B|1|
x11|rgb.txt 1.1|khaki|#F0E68C|1|
x11|rgb.txt 1.1|pale-goldenrod|#EEE8AA|1|
x11|rgb.txt 1.1|palegoldenrod|#EEE8AA|1|
x11|rgb.txt 1.1|light-goldenrod-yellow|#FAFAD2|1|
x11|rgb.txt 1.1|lightgoldenrodyellow|#FAFAD2|1|
x11|rgb.txt 1.1|light-yellow|#FFFFE0|1|
x11|rgb.txt 1.1|lightyellow|#FFFFE0|1|
x11|rgb.txt 1.1|yellow|#FFFF00|1|
x11|rgb.txt 1.1|gold|#FFD700|1|
x11|rgb.txt 1.1|light-goldenrod|#EEDD82|1|
x11|rgb.txt 1.1|lightgoldenrod|#EEDD82|1|
x11|rgb.txt 1.1|goldenrod|#DAA520|1|
x11|rgb.txt 1.1|dark-goldenrod|#B8860B|1|
x11|rgb.txt 1.1|darkgoldenrod|#B8860B|1|
x11|rgb.txt 1.1|rosy-brown|#BC8F8F|1|
x11|rgb.txt 1.1|rosybrown|#BC8F8F|1|
x11|rgb.txt 1.1|indian-red|#CD5C5C|1|
x11|rgb.txt 1.1|indianred|#CD5C5C|1|
x11|rgb.txt 1.1|saddle-brown|#8B4513|1|
x11|rgb.txt 1.1|saddlebrown|#8B4513|1|
x11|rgb.txt 1.1|sienna|#A0522D|1|
x11|rgb.txt 1.1|peru|#CD853F|1|
x11|rgb.txt 1.1|burlywood|#DEB887|1|
x11|rgb.txt 1.1|beige|#F5F5DC|1|
x11|rgb.txt 1.1|wheat|#F5DEB3|1|
x11|rgb.txt 1.1|sandy-brown|#F4A460|1|
x11|rgb.txt 1.1|sandybrown|#F4A460|1|
x11|rgb.txt 1.1|tan|#D2B48C|1|
x11|rgb.txt 1.1|chocolate|#D2691E|1|
x11|rgb.txt 1.1|firebrick|#B22222|1|
x11|rgb.txt 1.1|brown|#A52A2A|1|
x11|rgb.txt 1.1|dark-salmon|#E9967A|1|
x11|rgb.txt 1.1|darksalmon|#E9967A|1|
x11|rgb.txt 1.1|salmon|#FA8072|1|
x11|rgb.txt 1.1|light-salmon|#FFA07A|1|
x11|rgb.txt 1.1|lightsalmon|#FFA07A|1|
x11|rgb.txt 1.1|orange|#FFA500|1|
x11|rgb.txt 1.1|dark-orange|#FF8C00|1|
x11|rgb.txt 1.1|darkorange|#FF8C00|1|
x11|rgb.txt 1.1|coral|#FF7F50|1|
x11|rgb.txt 1.1|light-coral|#F08080|1|
x11|rgb.txt 1.1|lightcoral|#F08080|1|
x11|rgb.txt 1.1|tomato|#FF6347|1|
x11|rgb.txt 1.1|orange-red|#FF4500|1|
x11|rgb.txt 1.1|orangered|#FF4500|1|
x11|rgb.txt 1.1|red|#FF0000|1|
x11|rgb.txt 1.1|hot-pink|#FF69B4|1|
x11|rgb.txt 1.1|hotpink|#FF69B4|1|
x11|rgb.txt 1.1|deep-pink|#FF1493|1|
x11|rgb.txt 1.1|deeppink|#FF1493|1|
x11|rgb.txt 1.1|pink|#FFC0CB|1|
x11|rgb.txt 1.1|light-pink|#FFB6C1|1|
x11|rgb.txt 1.1|lightpink|#FFB6C1|1|
x11|rgb.txt 1.1|pale-violet-red|#DB7093|1|
x11|rgb.txt 1.1|palevioletred|#DB7093|1|
x11|rgb.txt 1.1|maroon|#B03060|1|
x11|rgb.txt 1.1|medium-violet-red|#C71585|1|
x11|rgb.txt 1.1|mediumvioletred|#C71585|1|
x11|rgb.txt 1.1|violet-red|#D02090|1|
x11|rgb.txt 1.1|violetred|#D02090|1|
x11|rgb.txt 1.1|magenta|#FF00FF|1|
x11|rgb.txt 1.1|violet|#EE82EE|1|
x11|rgb.txt 1.1|plum|#DDA0DD|1|
x11|rgb.txt 1.1|orchid|#DA70D6|1|
x11|rgb.txt 1.1|medium-orchid|#BA55D3|1|
x11|rgb.txt 1.1|mediumorchid|#BA55D3|1|
x11|rgb.txt 1.1|dark-orchid|#9932CC|1|
x11|rgb.txt 1.1|darkorchid|#9932CC|1|
x11|rgb.txt 1.1|dark-violet|#9400D3|1|
x11|rgb.txt 1.1|darkviolet|#9400D3|1|
x11|rgb.txt 1.1|blue-violet|#8A2BE2|1|
x11|rgb.txt 1.1|blueviolet|#8A2BE2|1|
x11|rgb.txt 1.1|purple|#A020F0|1|
x11|rgb.txt 1.1|medium-purple|#9370DB|1|
x11|rgb.txt 1.1|mediumpurple|#9370DB|1|
x11|rgb.txt 1.1|thistle|#D8BFD8|1|
x11|rgb.txt 1.1|snow1|#FFFAFA|1|
x11|rgb.txt 1.1|snow2|#EEE9E9|1|
x11|rgb.txt 1.1|snow3|#CDC9C9|1|
x11|rgb.txt 1.1|snow4|#8B8989|1|
x11|rgb.txt 1.1|seashell1|#FFF5EE|1|
x11|rgb.txt 1.1|seashell2|#EEE5DE|1|
x11|rgb.txt 1.1|seashell3|#CDC5BF|1|
x11|rgb.txt 1.1|seashell4|#8B8682|1|
x11|rgb.txt 1.1|antiquewhite1|#FFEFDB|1|
x11|rgb.txt 1.1|antiquewhite2|#EEDFCC|1|
x11|rgb.txt 1.1|antiquewhite3|#CDC0B0|1|
x11|rgb.txt 1.1|antiquewhite4|#8B8378|1|
x11|rgb.txt 1.1|bisque1|#FFE4C4|1|
x11|rgb.txt 1.1|bisque2|#EED5B7|1|
x11|rgb.txt 1.1|bisque3|#CDB79E|1|
x11|rgb.txt 1.1|bisque4|#8B7D6B|1|
x11|rgb.txt 1.1|peachpuff1|#FFDAB9|1|
x11|rgb.txt 1.1|peachpuff2|#EECBAD|1|
x11|rgb.txt 1.1|peachpuff3|#CDAF95|1|
x11|rgb.txt 1.1|peachpuff4|#8B7765|1|
x11|rgb.txt 1.1|navajowhite1|#FFDEAD|1|
x11|rgb.txt 1.1|navajowhite2|#EECFA1|1|
x11|rgb.txt 1.1|navajowhite3|#CDB38B|1|
x11|rgb.txt 1.1|navajowhite4|#8B795E|1|
x11|rgb.txt 1.1|lemonchiffon1|#FFFACD|1|
x11|rgb.txt 1.1|lemonchiffon2|#EEE9BF|1|
x11|rgb.txt 1.1|lemonchiffon3|#CDC9A5|1|
x11|rgb.txt 1.1|lemonchiffon4|#8B8970|1|
x11|rgb.txt 1.1|cornsilk1|#FFF8DC|1|
x11|rgb.txt 1.1|cornsilk2|#EEE8CD|1|
x11|rgb.txt 1.1|cornsilk3|#CDC8B1|1|
x11|rgb.txt 1.1|cornsilk4|#8B8878|1|
x11|rgb.txt 1.1|ivory1|#FFFFF0|1|
x11|rgb.txt 1.1|ivory2|#EEEEE0|1|
x11|rgb.txt 1.1|ivory3|#CDCDC1|1|
x11|rgb.txt 1.1|ivory4|#8B8B83|1|
x11|rgb.txt 1.1|honeydew1|#F0FFF0|1|
x11|rgb.txt 1.1|honeydew2|#E0EEE0|1|
x11|rgb.txt 1.1|honeydew3|#C1CDC1|1|
x11|rgb.txt 1.1|honeydew4|#838B83|1|
x11|rgb.txt 1.1|lavenderblush1|#FFF0F5|1|
x11|rgb.txt 1.1|lavenderblush2|#EEE0E5|1|
x11|rgb.txt 1.1|lavenderblush3|#CDC1C5|1|
x11|rgb.txt 1.1|lavenderblush4|#8B8386|1|
x11|rgb.txt 1.1|mistyrose1|#FFE4E1|1|
x11|rgb.txt 1.1|mistyrose2|#EED5D2|1|
x11|rgb.txt 1.1|mistyrose3|#CDB7B5|1|
x11|rgb.txt 1.1|mistyrose4|#8B7D7B|1|
x11|rgb.txt 1.1|azure1|#F0FFFF|1|
x11|rgb.txt 1.1|azure2|#E0EEEE|1|
x11|rgb.txt 1.1|azure3|#C1CDCD|1|
x11|rgb.txt 1.1|azure4|#838B8B|1|
x11|rgb.txt 1.1|slateblue1|#836FFF|1|
x11|rgb.txt 1.1|slateblue2|#7A67EE|1|
x11|rgb.txt 1.1|slateblue3|#6959CD|1|
x11|rgb.txt 1.1|slateblue4|#473C8B|1|
x11|rgb.txt 1.1|royalblue1|#4876FF|1|
x11|rgb.txt 1.1|royalblue2|#436EEE|1|
x11|rgb.txt 1.1|royalblue3|#3A5FCD|1|
x11|rgb.txt 1.1|royalblue4|#27408B|1|
x11|rgb.txt 1.1|blue1|#0000FF|1|
x11|rgb.txt 1.1|blue2|#0000EE|1|
x11|rgb.txt 1.1|blue3|#0000CD|1|
x11|rgb.txt 1.1|blue4|#00008B|1|
x11|rgb.txt 1.1|dodgerblue1|#1E90FF|1|
x11|rgb.txt 1.1|dodgerblue2|#1C86EE|1|
x11|rgb.txt 1.1|dodgerblue3|#1874CD|1|
x11|rgb.txt 1.1|dodgerblue4|#104E8B|1|
x11|rgb.txt 1.1|steelblue1|#63B8FF|1|
x11|rgb.txt 1.1|steelblue2|#5CACEE|1|
x11|rgb.txt 1.1|steelblue3|#4F94CD|1|
x11|rgb.txt 1.1|steelblue4|#36648B|1|
x11|rgb.txt 1.1|deepskyblue1|#00BFFF|1|
x11|rgb.txt 1.1|deepskyblue2|#00B2EE|1|
x11|rgb.txt 1.1|deepskyblue3|#009ACD|1|
x11|rgb.txt 1.1|deepskyblue4|#00688B|1|
x11|rgb.txt 1.1|skyblue1|#87CEFF|1|
x11|rgb.txt 1.1|skyblue2|#7EC0EE|1|
x11|rgb.txt 1.1|skyblue3|#6CA6CD|1|
x11|rgb.txt 1.1|skyblue4|#4A708B|1|
x11|rgb.txt 1.1|lightskyblue1|#B0E2FF|1|
x11|rgb.txt 1.1|lightskyblue2|#A4D3EE|1|
x11|rgb.txt 1.1|lightskyblue3|#8DB6CD|1|
x11|rgb.txt 1.1|lightskyblue4|#607B8B|1|
x11|rgb.txt 1.1|slategray1|#C6E2FF|1|
x11|rgb.txt 1.1|slategray2|#B9D3EE|1|
x11|rgb.txt 1.1|slategray3|#9FB6CD|1|
x11|rgb.txt 1.1|slategray4|#6C7B8B|1|
x11|rgb.txt 1.1|lightsteelblue1|#CAE1FF|1|
x11|rgb.txt 1.1|lightsteelblue2|#BCD2EE|1|
x11|rgb.txt 1.1|lightsteelblue3|#A2B5CD|1|
x11|rgb.txt 1.1|lightsteelblue4|#6E7B8B|1|
x11|rgb.txt 1.1|lightblue1|#BFEFFF|1|
x11|rgb.txt 1.1|lightblue2|#B2DFEE|1|
x11|rgb.txt 1.1|lightblue3|#9AC0CD|1|
x11|rgb.txt 1.1|lightblue4|#68838B|1|
x11|rgb.txt 1.1|lightcyan1|#E0FFFF|1|
x11|rgb.txt 1.1|lightcyan2|#D1EEEE|1|
x11|rgb.txt 1.1|lightcyan3|#B4CDCD|1|
x11|rgb.txt 1.1|lightcyan4|#7A8B8B|1|
x11|rgb.txt 1.1|paleturquoise1|#BBFFFF|1|
x11|rgb.txt 1.1|paleturquoise2|#AEEEEE|1|
x11|rgb.txt 1.1|paleturquoise3|#96CDCD|1|
x11|rgb.txt 1.1|paleturquoise4|#668B8B|1|
x11|rgb.txt 1.1|cadetblue1|#98F5FF|1|
x11|rgb.txt 1.1|cadetblue2|#8EE5EE|1|
x11|rgb.txt 1.1|cadetblue3|#7AC5CD|1|
x11|rgb.txt 1.1|cadetblue4|#53868B|1|
x11|rgb.txt 1.1|turquoise1|#00F5FF|1|
x11|rgb.txt 1.1|turquoise2|#00E5EE|1|
x11|rgb.txt 1.1|turquoise3|#00C5CD|1|
x11|rgb.txt 1.1|turquoise4|#00868B|1|
x11|rgb.txt 1.1|cyan1|#00FFFF|1|
x11|rgb.txt 1.1|cyan2|#00EEEE|1|
x11|rgb.txt 1.1|cyan3|#00CDCD|1|
x11|rgb.txt 1.1|cyan4|#008B8B|1|
x11|rgb.txt 1.1|darkslategray1|#97FFFF|1|
x11|rgb.txt 1.1|darkslategray2|#8DEEEE|1|
x11|rgb.txt 1.1|darkslategray3|#79CDCD|1|
x11|rgb.txt 1.1|darkslategray4|#528B8B|1|
x11|rgb.txt 1.1|aquamarine1|#7FFFD4|1|
x11|rgb.txt 1.1|aquamarine2|#76EEC6|1|
x11|rgb.txt 1.1|aquamarine3|#66CDAA|1|
x11|rgb.txt 1.1|aquamarine4|#458B74|1|
x11|rgb.txt 1.1|darkseagreen1|#C1FFC1|1|
x11|rgb.txt 1.1|darkseagreen2|#B4EEB4|1|
x11|rgb.txt 1.1|darkseagreen3|#9BCD9B|1|
x11|rgb.txt 1.1|darkseagreen4|#698B69|1|
x11|rgb.txt 1.1|seagreen1|#54FF9F|1|
x11|rgb.txt 1.1|seagreen2|#4EEE94|1|
x11|rgb.txt 1.1|seagreen3|#43CD80|1|
x11|rgb.txt 1.1|seagreen4|#2E8B57|1|
x11|rgb.txt 1.1|palegreen1|#9AFF9A|1|
x11|rgb.txt 1.1|palegreen2|#90EE90|1|
x11|rgb.txt 1.1|palegreen3|#7CCD7C|1|
x11|rgb.txt 1.1|palegreen4|#548B54|1|
x11|rgb.txt 1.1|springgreen1|#00FF7F|1|
x11|rgb.txt 1.1|springgreen2|#00EE76|1|
x11|rgb.txt 1.1|springgreen3|#00CD66|1|
x11|rgb.txt 1.1|springgreen4|#008B45|1|
x11|rgb.txt 1.1|green1|#00FF00|1|
x11|rgb.txt 1.1|green2|#00EE00|1|
x11|rgb.txt 1.1|green3|#00CD00|1|
x11|rgb.txt 1.1|green4|#008B00|1|
x11|rgb.txt 1.1|chartreuse1|#7FFF00|1|
x11|rgb.txt 1.1|chartreuse2|#76EE00|1|
x11|rgb.txt 1.1|chartreuse3|#66CD00|1|
x11|rgb.txt 1.1|chartreuse4|#458B00|1|
x11|rgb.txt 1.1|olivedrab1|#C0FF3E|1|
x11|rgb.txt 1.1|olivedrab2|#B3EE3A|1|
x11|rgb.txt 1.1|olivedrab3|#9ACD32|1|
x11|rgb.txt 1.1|olivedrab4|#698B22|1|
x11|rgb.txt 1.1|darkolivegreen1|#CAFF70|1|
x11|rgb.txt 1.1|darkolivegreen2|#BCEE68|1|
x11|rgb.txt 1.1|darkolivegreen3|#A2CD5A|1|
x11|rgb.txt 1.1|darkolivegreen4|#6E8B3D|1|
x11|rgb.txt 1.1|khaki1|#FFF68F|1|
x11|rgb.txt 1.1|khaki2|#EEE685|1|
x11|rgb.txt 1.1|khaki3|#CDC673|1|
x11|rgb.txt 1.1|khaki4|#8B864E|1|
x11|rgb.txt 1.1|lightgoldenrod1|#FFEC8B|1|
x11|rgb.txt 1.1|lightgoldenrod2|#EEDC82|1|
x11|rgb.txt 1.1|lightgoldenrod3|#CDBE70|1|
x11|rgb.txt 1.1|lightgoldenrod4|#8B814C|1|
x11|rgb.txt 1.1|lightyellow1|#FFFFE0|1|
x11|rgb.txt 1.1|lightyellow2|#EEEED1|1|
x11|rgb.txt 1.1|lightyellow3|#CDCDB4|1|
x11|rgb.txt 1.1|lightyellow4|#8B8B7A|1|
x11|rgb.txt 1.1|yellow1|#FFFF00|1|
x11|rgb.txt 1.1|yellow2|#EEEE00|1|
x11|rgb.txt 1.1|yellow3|#CDCD00|1|
x11|rgb.txt 1.1|yellow4|#8B8B00|1|
x11|rgb.txt 1.1|gold1|#FFD700|1|
x11|rgb.txt 1.1|gold2|#EEC900|1|
x11|rgb.txt 1.1|gold3|#CDAD00|1|
x11|rgb.txt 1.1|gold4|#8B7500|1|
x11|rgb.txt 1.1|goldenrod1|#FFC125|1|
x11|rgb.txt 1.1|goldenrod2|#EEB422|1|
x11|rgb.txt 1.1|goldenrod3|#CD9B1D|1|
x11|rgb.txt 1.1|goldenrod4|#8B6914|1|
x11|rgb.txt 1.1|darkgoldenrod1|#FFB90F|1|
x11|rgb.txt 1.1|darkgoldenrod2|#EEAD0E|1|
x11|rgb.txt 1.1|darkgoldenrod3|#CD950C|1|
x11|rgb.txt 1.1|darkgoldenrod4|#8B6508|1|
x11|rgb.txt 1.1|rosybrown1|#FFC1C1|1|
x11|rgb.txt 1.1|rosybrown2|#EEB4B4|1|
x11|rgb.txt 1.1|rosybrown3|#CD9B9B|1|
x11|rgb.txt 1.1|rosybrown4|#8B6969|1|
x11|rgb.txt 1.1|indianred1|#FF6A6A|1|
x11|rgb.txt 1.1|indianred2|#EE6363|1|
x11|rgb.txt 1.1|indianred3|#CD5555|1|
x11|rgb.txt 1.1|indianred4|#8B3A3A|1|
x11|rgb.txt 1.1|sienna1|#FF8247|1|
x11|rgb.txt 1.1|sienna2|#EE7942|1|
x11|rgb.txt 1.1|sienna3|#CD6839|1|
x11|rgb.txt 1.1|sienna4|#8B4726|1|
x11|rgb.txt 1.1|burlywood1|#FFD39B|1|
x11|rgb.txt 1.1|burlywood2|#EEC591|1|
x11|rgb.txt 1.1|burlywood3|#CDAA7D|1|
x11|rgb.txt 1.1|burlywood4|#8B7355|1|
x11|rgb.txt 1.1|wheat1|#FFE7BA|1|
x11|rgb.txt 1.1|wheat2|#EED8AE|1|
x11|rgb.txt 1.1|wheat3|#CDBA96|1|
x11|rgb.txt 1.1|wheat4|#8B7E66|1|
x11|rgb.txt 1.1|tan1|#FFA54F|1|
x11|rgb.txt 1.1|tan2|#EE9A49|1|
x11|rgb.txt 1.1|tan3|#CD853F|1|
x11|rgb.txt 1.1|tan4|#8B5A2B|1|
x11|rgb.txt 1.1|chocolate1|#FF7F24|1|
x11|rgb.txt 1.1|chocolate2|#EE7621|1|
x11|rgb.txt 1.1|chocolate3|#CD661D|1|
x11|rgb.txt 1.1|chocolate4|#8B4513|1|
x11|rgb.txt 1.1|firebrick1|#FF3030|1|
x11|rgb.txt 1.1|firebrick2|#EE2C2C|1|
x11|rgb.txt 1.1|firebrick3|#CD2626|1|
x11|rgb.txt 1.1|firebrick4|#8B1A1A|1|
x11|rgb.txt 1.1|brown1|#FF4040|1|
x11|rgb.txt 1.1|brown2|#EE3B3B|1|
x11|rgb.txt 1.1|brown3|#CD3333|1|
x11|rgb.txt 1.1|brown4|#8B2323|1|
x11|rgb.txt 1.1|salmon1|#FF8C69|1|
x11|rgb.txt 1.1|salmon2|#EE8262|1|
x11|rgb.txt 1.1|salmon3|#CD7054|1|
x11|rgb.txt 1.1|salmon4|#8B4C39|1|
x11|rgb.txt 1.1|lightsalmon1|#FFA07A|1|
x11|rgb.txt 1.1|lightsalmon2|#EE9572|1|
x11|rgb.txt 1.1|lightsalmon3|#CD8162|1|
x11|rgb.txt 1.1|lightsalmon4|#8B5742|1|
x11|rgb.txt 1.1|orange1|#FFA500|1|
x11|rgb.txt 1.1|orange2|#EE9A00|1|
x11|rgb.txt 1.1|orange3|#CD8500|1|
x11|rgb.txt 1.1|orange4|#8B5A00|1|
x11|rgb.txt 1.1|darkorange1|#FF7F00|1|
x11|rgb.txt 1.1|darkorange2|#EE7600|1|
x11|rgb.txt 1.1|darkorange3|#CD6600|1|
x11|rgb.txt 1.1|darkorange4|#8B4500|1|
x11|rgb.txt 1.1|coral1|#FF7256|1|
x11|rgb.txt 1.1|coral2|#EE6A50|1|
x11|rgb.txt 1.1|coral3|#CD5B45|1|
x11|rgb.txt 1.1|coral4|#8B3E2F|1|
x11|rgb.txt 1.1|tomato1|#FF6347|1|
x11|rgb.txt 1.1|tomato2|#EE5C42|1|
x11|rgb.txt 1.1|tomato3|#CD4F39|1|
x11|rgb.txt 1.1|tomato4|#8B3626|1|
x11|rgb.txt 1.1|orangered1|#FF4500|1|
x11|rgb.txt 1.1|orangered2|#EE4000|1|
x11|rgb.txt 1.1|orangered3|#CD3700|1|
x11|rgb.txt 1.1|orangered4|#8B2500|1|
x11|rgb.txt 1.1|red1|#FF0000|1|
x11|rgb.txt 1.1|red2|#EE0000|1|
x11|rgb.txt 1.1|red3|#CD0000|1|
x11|rgb.txt 1.1|red4|#8B0000|1|
x11|rgb.txt 1.1|deeppink1|#FF1493|1|
x11|rgb.txt 1.1|deeppink2|#EE1289|1|
x11|rgb.txt 1.1|deeppink3|#CD1076|1|
x11|rgb.txt 1.1|deeppink4|#8B0A50|1|
x11|rgb.txt 1.1|hotpink1|#FF6EB4|1|
x11|rgb.txt 1.1|hotpink2|#EE6AA7|1|
x11|rgb.txt 1.1|hotpink3|#CD6090|1|
x11|rgb.txt 1.1|hotpink4|#8B3A62|1|
x11|rgb.txt 1.1|pink1|#FFB5C5|1|
x11|rgb.txt 1.1|pink2|#EEA9B8|1|
x11|rgb.txt 1.1|pink3|#CD919E|1|
x11|rgb.txt 1.1|pink4|#8B636C|1|
x11|rgb.txt 1.1|lightpink1|#FFAEB9|1|
x11|rgb.txt 1.1|lightpink2|#EEA2AD|1|
x11|rgb.txt 1.1|lightpink3|#CD8C95|1|
x11|rgb.txt 1.1|lightpink4|#8B5F65|1|
x11|rgb.txt 1.1|palevioletred1|#FF82AB|1|
x11|rgb.txt 1.1|palevioletred2|#EE799F|1|
x11|rgb.txt 1.1|palevioletred3|#CD6889|1|
x11|rgb.txt 1.1|palevioletred4|#8B475D|1|
x11|rgb.txt 1.1|maroon1|#FF34B3|1|
x11|rgb.txt 1.1|maroon2|#EE30A7|1|
x11|rgb.txt 1.1|maroon3|#CD2990|1|
x11|rgb.txt 1.1|maroon4|#8B1C62|1|
x11|rgb.txt 1.1|violetred1|#FF3E96|1|
x11|rgb.txt 1.1|violetred2|#EE3A8C|1|
x11|rgb.txt 1.1|violetred3|#CD3278|1|
x11|rgb.txt 1.1|violetred4|#8B2252|1|
x11|rgb.txt 1.1|magenta1|#FF00FF|1|
x11|rgb.txt 1.1|magenta2|#EE00EE|1|
x11|rgb.txt 1.1|magenta3|#CD00CD|1|
x11|rgb.txt 1.1|magenta4|#8B008B|1|
x11|rgb.txt 1.1|orchid1|#FF83FA|1|
x11|rgb.txt 1.1|orchid2|#EE7AE9|1|
x11|rgb.txt 1.1|orchid3|#CD69C9|1|
x11|rgb.txt 1.1|orchid4|#8B4789|1|
x11|rgb.txt 1.1|plum1|#FFBBFF|1|
x11|rgb.txt 1.1|plum2|#EEAEEE|1|
x11|rgb.txt 1.1|plum3|#CD96CD|1|
x11|rgb.txt 1.1|plum4|#8B668B|1|
x11|rgb.txt 1.1|mediumorchid1|#E066FF|1|
x11|rgb.txt 1.1|mediumorchid2|#D15FEE|1|
x11|rgb.txt 1.1|mediumorchid3|#B452CD|1|
x11|rgb.txt 1.1|mediumorchid4|#7A378B|1|
x11|rgb.txt 1.1|darkorchid1|#BF3EFF|1|
x11|rgb.txt 1.1|darkorchid2|#B23AEE|1|
x11|rgb.txt 1.1|darkorchid3|#9A32CD|1|
x11|rgb.txt 1.1|darkorchid4|#68228B|1|
x11|rgb.txt 1.1|purple1|#9B30FF|1|
x11|rgb.txt 1.1|purple2|#912CEE|1|
x11|rgb.txt 1.1|purple3|#7D26CD|1|
x11|rgb.txt 1.1|purple4|#551A8B|1|
x11|rgb.txt 1.1|mediumpurple1|#AB82FF|1|
x11|rgb.txt 1.1|mediumpurple2|#9F79EE|1|
x11|rgb.txt 1.1|mediumpurple3|#8968CD|1|
x11|rgb.txt 1.1|mediumpurple4|#5D478B|1|
x11|rgb.txt 1.1|thistle1|#FFE1FF|1|
x11|rgb.txt 1.1|thistle2|#EED2EE|1|
x11|rgb.txt 1.1|thistle3|#CDB5CD|1|
x11|rgb.txt 1.1|thistle4|#8B7B8B|1|
x11|rgb.txt 1.1|gray0|#000000|1|
x11|rgb.txt 1.1|grey0|#000000|1|
x11|rgb.txt 1.1|gray1|#030303|1|
x11|rgb.txt 1.1|grey1|#030303|1|
x11|rgb.txt 1.1|gray2|#050505|1|
x11|rgb.txt 1.1|grey2|#050505|1|
x11|rgb.txt 1.1|gray3|#080808|1|
x11|rgb.txt 1.1|grey3|#080808|1|
x11|rgb.txt 1.1|gray4|#0A0A0A|1|
x11|rgb.txt 1.1|grey4|#0A0A0A|1|
x11|rgb.txt 1.1|gray5|#0D0D0D|1|
x11|rgb.txt 1.1|grey5|#0D0D0D|1|
x11|rgb.txt 1.1|gray6|#0F0F0F|1|
x11|rgb.txt 1.1|grey6|#0F0F0F|1|
x11|rgb.txt 1.1|gray7|#121212|1|
x11|rgb.txt 1.1|grey7|#121212|1|
x11|rgb.txt 1.1|gray8|#141414|1|
x11|rgb.txt 1.1|grey8|#141414|1|
x11|rgb.txt 1.1|gray9|#171717|1|
x11|rgb.txt 1.1|grey9|#171717|1|
x11|rgb.txt 1.1|gray10|#1A1A1A|1|
x11|rgb.txt 1.1|grey10|#1A1A1A|1|
x11|rgb.txt 1.1|gray11|#1C1C1C|1|
x11|rgb.txt 1.1|grey11|#1C1C1C|1|
x11|rgb.txt 1.1|gray12|#1F1F1F|1|
x11|rgb.txt 1.1|grey12|#1F1F1F|1|
x11|rgb.txt 1.1|gray13|#212121|1|
x11|rgb.txt 1.1|grey13|#212121|1|
x11|rgb.txt 1.1|gray14|#242424|1|
x11|rgb.txt 1.1|grey14|#242424|1|
x11|rgb.txt 1.1|gray15|#262626|1|
x11|rgb.txt 1.1|grey15|#262626|1|
x11|rgb.txt 1.1|gray16|#292929|1|
x11|rgb.txt 1.1|grey16|#292929|1|
x11|rgb.txt 1.1|gray17|#2B2B2B|1|
x11|rgb.txt 1.1|grey17|#2B2B2B|1|
x11|rgb.txt 1.1|gray18|#2E2E2E|1|
x11|rgb.txt 1.1|grey18|#2E2E2E|1|
x11|rgb.txt 1.1|gray19|#303030|1|
x11|rgb.txt 1.1|grey19|#303030|1|
x11|rgb.txt 1.1|gray20|#333333|1|
x11|rgb.txt 1.1|grey20|#333333|1|
x11|rgb.txt 1.1|gray21|#363636|1|
x11|rgb.txt 1.1|grey21|#363636|1|
x11|rgb.txt 1.1|gray22|#383838|1|
x11|rgb.txt 1.1|grey22|#383838|1|
x11|rgb.txt 1.1|gray23|#3B3B3B|1|
x11|rgb.txt 1.1|grey23|#3B3B3B|1|
x11|rgb.txt 1.1|gray24|#3D3D3D|1|
x11|rgb.txt 1.1|grey24|#3D3D3D|1|
x11|rgb.txt 1.1|gray25|#404040|1|
x11|rgb.txt 1.1|grey25|#404040|1|
x11|rgb.txt 1.1|gray26|#424242|1|
x11|rgb.txt 1.1|grey26|#424242|1|
x11|rgb.txt 1.1|gray27|#454545|1|
x11|rgb.txt 1.1|grey27|#454545|1|
x11|rgb.txt 1.1|gray28|#474747|1|
x11|rgb.txt 1.1|grey28|#474747|1|
x11|rgb.txt 1.1|gray29|#4A4A4A|1|
x11|rgb.txt 1.1|grey29|#4A4A4A|1|
x11|rgb.txt 1.1|gray30|#4D4D4D|1|
x11|rgb.txt 1.1|grey30|#4D4D4D|1|
x11|rgb.txt 1.1|gray31|#4F4F4F|1|
x11|rgb.txt 1.1|grey31|#4F4F4F|1|
x11|rgb.txt 1.1|gray32|#525252|1|
x11|rgb.txt 1.1|grey32|#525252|1|
x11|rgb.txt 1.1|gray33|#545454|1|
x11|rgb.txt 1.1|grey33|#545454|1|
x11|rgb.txt 1.1|gray34|#575757|1|
x11|rgb.txt 1.1|grey34|#575757|1|
x11|rgb.txt 1.1|gray35|#595959|1|
x11|rgb.txt 1.1|grey35|#595959|1|
x11|rgb.txt 1.1|gray36|#5C5C5C|1|
x11|rgb.txt 1.1|grey36|#5C5C5C|1|
x11|rgb.txt 1.1|gray37|#5E5E5E|1|
x11|rgb.txt 1.1|grey37|#5E5E5E|1|
x11|rgb.txt 1.1|gray38|#616161|1|
x11|rgb.txt 1.1|grey38|#616161|1|
x11|rgb.txt 1.1|gray39|#636363|1|
x11|rgb.txt 1.1|grey39|#636363|1|
x11|rgb.txt 1.1|gray40|#666666|1|
x11|rgb.txt 1.1|grey40|#666666|1|
x11|rgb.txt 1.1|gray41|#696969|1|
x11|rgb.txt 1.1|grey41|#696969|1|
x11|rgb.txt 1.1|gray42|#6B6B6B|1|
x11|rgb.txt 1.1|grey42|#6B6B6B|1|
x11|rgb.txt 1.1|gray43|#6E6E6E|1|
x11|rgb.txt 1.1|grey43|#6E6E6E|1|
x11|rgb.txt 1.1|gray44|#707070|1|
x11|rgb.txt 1.1|grey44|#707070|1|
x11|rgb.txt 1.1|gray45|#737373|1|
x11|rgb.txt 1.1|grey45|#737373|1|
x11|rgb.txt 1.1|gray46|#757575|1|
x11|rgb.txt 1.1|grey46|#757575|1|
x11|rgb.txt 1.1|gray47|#787878|1|
x11|rgb.txt 1.1|grey47|#787878|1|
x11|rgb.txt 1.1|gray48|#7A7A7A|1|
x11|rgb.txt 1.1|grey48|#7A7A7A|1|
x11|rgb.txt 1.1|gray49|#7D7D7D|1|
x11|rgb.txt 1.1|grey49|#7D7D7D|1|
x11|rgb.txt 1.1|gray50|#7F7F7F|1|
x11|rgb.txt 1.1|grey50|#7F7F7F|1|
x11|rgb.txt 1.1|gray51|#828282|1|
x11|rgb.txt 1.1|grey51|#828282|1|
x11|rgb.txt 1.1|gray52|#858585|1|
x11|rgb.txt 1.1|grey52|#858585|1|
x11|rgb.txt 1.1|gray53|#878787|1|
x11|rgb.txt 1.1|grey53|#878787|1|
x11|rgb.txt 1.1|gray54|#8A8A8A|1|
x11|rgb.txt 1.1|grey54|#8A8A8A|1|
x11|rgb.txt 1.1|gray55|#8C8C8C|1|
x11|rgb.txt 1.1|grey55|#8C8C8C|1|
x11|rgb.txt 1.1|gray56|#8F8F8F|1|
x11|rgb.txt 1.1|grey56|#8F8F8F|1|
x11|rgb.txt 1.1|gray57|#919191|1|
x11|rgb.txt 1.1|grey57|#919191|1|
x11|rgb.txt 1.1|gray58|#949494|1|
x11|rgb.txt 1.1|grey58|#949494|1|
x11|rgb.txt 1.1|gray59|#969696|1|
x11|rgb.txt 1.1|grey59|#969696|1|
x11|rgb.txt 1.1|gray60|#999999|1|
x11|rgb.txt 1.1|grey60|#999999|1|
x11|rgb.txt 1.1|gray61|#9C9C9C|1|
x11|rgb.txt 1.1|grey61|#9C9C9C|1|
x11|rgb.txt 1.1|gray62|#9E9E9E|1|
x11|rgb.txt 1.1|grey62|#9E9E9E|1|
x11|rgb.txt 1.1|gray63|#A1A1A1|1|
x11|rgb.txt 1.1|grey63|#A1A1A1|1|
x11|rgb.txt 1.1|gray64|#A3A3A3|1|
x11|rgb.txt 1.1|grey64|#A3A3A3|1|
x11|rgb.txt 1.1|gray65|#A6A6A6|1|
x11|rgb.txt 1.1|grey65|#A6A6A6|1|
x11|rgb.txt 1.1|gray66|#A8A8A8|1|
x11|rgb.txt 1.1|grey66|#A8A8A8|1|
x11|rgb.txt 1.1|gray67|#ABABAB|1|
x11|rgb.txt 1.1|grey67|#ABABAB|1|
x11|rgb.txt 1.1|gray68|#ADADAD|1|
x11|rgb.txt 1.1|grey68|#ADADAD|1|
x11|rgb.txt 1.1|gray69|#B0B0B0|1|
x11|rgb.txt 1.1|grey69|#B0B0B0|1|
x11|rgb.txt 1.1|gray70|#B3B3B3|1|
x11|rgb.txt 1.1|grey70|#B3B3B3|1|
x11|rgb.txt 1.1|gray71|#B5B5B5|1|
x11|rgb.txt 1.1|grey71|#B5B5B5|1|
x11|rgb.txt 1.1|gray72|#B8B8B8|1|
x11|rgb.txt 1.1|grey72|#B8B8B8|1|
x11|rgb.txt 1.1|gray73|#BABABA|1|
x11|rgb.txt 1.1|grey73|#BABABA|1|
x11|rgb.txt 1.1|gray74|#BDBDBD|1|
x11|rgb.txt 1.1|grey74|#BDBDBD|1|
x11|rgb.txt 1.1|gray75|#BFBFBF|1|
x11|rgb.txt 1.1|grey75|#BFBFBF|1|
x11|rgb.txt 1.1|gray76|#C2C2C2|1|
x11|rgb.txt 1.1|grey76|#C2C2C2|1|
x11|rgb.txt 1.1|gray77|#C4C4C4|1|
x11|rgb.txt 1.1|grey77|#C4C4C4|1|
x11|rgb.txt 1.1|gray78|#C7C7C7|1|
x11|rgb.txt 1.1|grey78|#C7C7C7|1|
x11|rgb.txt 1.1|gray79|#C9C9C9|1|
x11|rgb.txt 1.1|grey79|#C9C9C9|1|
x11|rgb.txt 1.1|gray80|#CCCCCC|1|
x11|rgb.txt 1.1|grey80|#CCCCCC|1|
x11|rgb.txt 1.1|gray81|#CFCFCF|1|
x11|rgb.txt 1.1|grey81|#CFCFCF|1|
x11|rgb.txt 1.1|gray82|#D1D1D1|1|
x11|rgb.txt 1.1|grey82|#D1D1D1|1|
x11|rgb.txt 1.1|gray83|#D4D4D4|1|
x11|rgb.txt 1.1|grey83|#D4D4D4|1|
x11|rgb.txt 1.1|gray84|#D6D6D6|1|
x11|rgb.txt 1.1|grey84|#D6D6D6|1|
x11|rgb.txt 1.1|gray85|#D9D9D9|1|
x11|rgb.txt 1.1|grey85|#D9D9D9|1|
x11|rgb.txt 1.1|gray86|#DBDBDB|1|
x11|rgb.txt 1.1|grey86|#DBDBDB|1|
x11|rgb.txt 1.1|gray87|#DEDEDE|1|
x11|rgb.txt 1.1|grey87|#DEDEDE|1|
x11|rgb.txt 1.1|gray88|#E0E0E0|1|
x11|rgb.txt 1.1|grey88|#E0E0E0|1|
x11|rgb.txt 1.1|gray89|#E3E3E3|1|
x11|rgb.txt 1.1|grey89|#E3E3E3|1|
x11|rgb.txt 1.1|gray90|#E5E5E5|1|
x11|rgb.txt 1.1|grey90|#E5E5E5|1|
x11|rgb.txt 1.1|gray91|#E8E8E8|1|
x11|rgb.txt 1.1|grey91|#E8E8E8|1|
x11|rgb.txt 1.1|gray92|#EBEBEB|1|
x11|rgb.txt 1.1|grey92|#EBEBEB|1|
x11|rgb.txt 1.1|gray93|#EDEDED|1|
x11|rgb.txt 1.1|grey93|#EDEDED|1|
x11|rgb.txt 1.1|gray94|#F0F0F0|1|
x11|rgb.txt 1.1|grey94|#F0F0F0|1|
x11|rgb.txt 1.1|gray95|#F2F2F2|1|
x11|rgb.txt 1.1|grey95|#F2F2F2|1|
x11|rgb.txt 1.1|gray96|#F5F5F5|1|
x11|rgb.txt 1.1|grey96|#F5F5F5|1|
x11|rgb.txt 1.1|gray97|#F7F7F7|1|
x11|rgb.txt 1.1|grey97|#F7F7F7|1|
x11|rgb.txt 1.1|gray98|#FAFAFA|1|
x11|rgb.txt 1.1|grey98|#FAFAFA|1|
x11|rgb.txt 1.1|gray99|#FCFCFC|1|
x11|rgb.txt 1.1|grey99|#FCFCFC|1|
x11|rgb.txt 1.1|gray100|#FFFFFF|1|
x11|rgb.txt 1.1|grey100|#FFFFFF|1|
x11|rgb.txt 1.1|dark-grey|#A9A9A9|1|
x11|rgb.txt 1.1|darkgrey|#A9A9A9|1|
x11|rgb.txt 1.1|dark-gray|#A9A9A9|1|
x11|rgb.txt 1.1|darkgray|#A9A9A9|1|
x11|rgb.txt 1.1|dark-blue|#00008B|1|
x11|rgb.txt 1.1|darkblue|#00008B|1|
x11|rgb.txt 1.1|dark-cyan|#008B8B|1|
x11|rgb.txt 1.1|darkcyan|#008B8B|1|
x11|rgb.txt 1.1|dark-magenta|#8B008B|1|
x11|rgb.txt 1.1|darkmagenta|#8B008B|1|
x11|rgb.txt 1.1|dark-red|#8B0000|1|
x11|rgb.txt 1.1|darkred|#8B0000|1|
x11|rgb.txt 1.1|light-green|#90EE90|1|
x11|rgb.txt 1.1|lightgreen|#90EE90|1|
