xkcd||cloudy-blue|#ACC2D9|1|
xkcd||dark-pastel-green|#56AE57|1|
xkcd||dust|#B2996E|1|
xkcd||electric-lime|#A8FF04|1|
xkcd||fresh-green|#69D84F|1|
xkcd||light-eggplant|#894585|1|
xkcd||nasty-green|#70B23F|1|
xkcd||really-light-blue|#D4FFFF|1|
xkcd||tea|#65AB7C|1|
xkcd||warm-purple|#952E8F|1|
xkcd||yellowish-tan|#FCFC81|1|
xkcd||cement|#A5A391|1|
xkcd||dark-grass-green|#388004|1|
xkcd||dusty-teal|#4C9085|1|
xkcd||grey-teal|#5E9B8A|1|
xkcd||macaroni-and-cheese|#EFB435|1|
xkcd||pinkish-tan|#D99B82|1|
xkcd||spruce|#0A5F38|1|
xkcd||strong-blue|#0C06F7|1|
xkcd||toxic-green|#61DE2A|1|
xkcd||windows-blue|#3778BF|1|
xkcd||blue-blue|#2242C7|1|
xkcd||blue-with-a-hint-of-purple|#533CC6|1|
xkcd||booger|#9BB53C|1|
xkcd||bright-sea-green|#05FFA6|1|
xkcd||dark-green-blue|#1F6357|1|
xkcd||deep-turquoise|#017374|1|
xkcd||green-teal|#0CB577|1|
xkcd||strong-pink|#FF0789|1|
xkcd||bland|#AFA88B|1|
xkcd||deep-aqua|#08787F|1|
xkcd||lavender-pink|#DD85D7|1|
xkcd||light-moss-green|#A6C875|1|
xkcd||light-seafoam-green|#A7FFB5|1|
xkcd||olive-yellow|#C2B709|1|
xkcd||pig-pink|#E78EA5|1|
xkcd||deep-lilac|#966EBD|1|
xkcd||desert|#CCAD60|1|
xkcd||dusty-lavender|#AC86A8|1|
xkcd||purpley-grey|#947E94|1|
xkcd||purply|#983FB2|1|
xkcd||candy-pink|#FF63E9|1|
xkcd||light-pastel-green|#B2FBA5|1|
xkcd||boring-green|#63B365|1|
xkcd||kiwi-green|#8EE53F|1|
xkcd||light-grey-green|#B7E1A1|1|
xkcd||orange-pink|#FF6F52|1|
xkcd||tea-green|#BDF8A3|1|
xkcd||very-light-brown|#D3B683|1|
xkcd||egg-shell|#FFFCC4|1|
xkcd||eggplant-purple|#430541|1|
xkcd||powder-pink|#FFB2D0|1|
xkcd||reddish-grey|#997570|1|
xkcd||baby-shit-brown|#AD900D|1|
xkcd||liliac|#C48EFD|1|
xkcd||stormy-blue|#507B9C|1|
xkcd||ugly-brown|#7D7103|1|
xkcd||custard|#FFFD78|1|
xkcd||darkish-pink|#DA467D|1|
xkcd||deep-brown|#410200|1|
xkcd||greenish-beige|#C9D179|1|
xkcd||manilla|#FFFA86|1|
xkcd||off-blue|#5684AE|1|
xkcd||battleship-grey|#6B7C85|1|
xkcd||browny-green|#6F6C0A|1|
xkcd||bruise|#7E4071|1|
xkcd||kelley-green|#009337|1|
xkcd||sickly-yellow|#D0E429|1|
xkcd||sunny-yellow|#FFF917|1|
xkcd||azul|#1D5DEC|1|
xkcd||darkgreen|#054907|1|
xkcd||green-yellow|#B5CE08|1|
xkcd||lichen|#8FB67B|1|
xkcd||light-light-green|#C8FFB0|1|
xkcd||pale-gold|#FDDE6C|1|
xkcd||sun-yellow|#FFDF22|1|
xkcd||tan-green|#A9BE70|1|
xkcd||burple|#6832E3|1|
xkcd||butterscotch|#FDB147|1|
xkcd||toupe|#C7AC7D|1|
xkcd||dark-cream|#FFF39A|1|
xkcd||indian-red|#850E04|1|
xkcd||light-lavendar|#EFC0FE|1|
xkcd||poison-green|#40FD14|1|
xkcd||baby-puke-green|#B6C406|1|
xkcd||bright-yellow-green|#9DFF00|1|
xkcd||charcoal-grey|#3C4142|1|
xkcd||squash|#F2AB15|1|
xkcd||cinnamon|#AC4F06|1|
xkcd||light-pea-green|#C4FE82|1|
xkcd||radioactive-green|#2CFA1F|1|
xkcd||raw-sienna|#9A6200|1|
xkcd||baby-purple|#CA9BF7|1|
xkcd||cocoa|#875F42|1|
xkcd||light-royal-blue|#3A2EFE|1|
xkcd||orangeish|#FD8D49|1|
xkcd||rust-brown|#8B3103|1|
xkcd||sand-brown|#CBA560|1|
xkcd||swamp|#698339|1|
xkcd||tealish-green|#0CDC73|1|
xkcd||burnt-siena|#B75203|1|
xkcd||camo|#7F8F4E|1|
xkcd||dusk-blue|#26538D|1|
xkcd||fern|#63A950|1|
xkcd||old-rose|#C87F89|1|
xkcd||pale-light-green|#B1FC99|1|
xkcd||peachy-pink|#FF9A8A|1|
xkcd||rosy-pink|#F6688E|1|
xkcd||light-bluish-green|#76FDA8|1|
xkcd||light-bright-green|#53FE5C|1|
xkcd||light-neon-green|#4EFD54|1|
xkcd||light-seafoam|#A0FEBF|1|
xkcd||tiffany-blue|#7BF2DA|1|
xkcd||washed-out-green|#BCF5A6|1|
xkcd||browny-orange|#CA6B02|1|
xkcd||nice-blue|#107AB0|1|
xkcd||sapphire|#2138AB|1|
xkcd||greyish-teal|#719F91|1|
xkcd||orangey-yellow|#FDB915|1|
xkcd||parchment|#FEFCAF|1|
xkcd||straw|#FCF679|1|
xkcd||very-dark-brown|#1D0200|1|
xkcd||terracota|#CB6843|1|
xkcd||ugly-blue|#31668A|1|
xkcd||clear-blue|#247AFD|1|
xkcd||creme|#FFFFB6|1|
xkcd||foam-green|#90FDA9|1|
xkcd||grey-green|#86A17D|1|
xkcd||light-gold|#FDDC5C|1|
xkcd||seafoam-blue|#78D1B6|1|
xkcd||topaz|#13BBAF|1|
xkcd||violet-pink|#FB5FFC|1|
xkcd||wintergreen|#20F986|1|
xkcd||yellow-tan|#FFE36E|1|
xkcd||dark-fuchsia|#9D0759|1|
xkcd||indigo-blue|#3A18B1|1|
xkcd||light-yellowish-green|#C2FF89|1|
xkcd||pale-magenta|#D767AD|1|
xkcd||rich-purple|#720058|1|
xkcd||sunflower-yellow|#FFDA03|1|
xkcd||green-blue|#01C08D|1|
xkcd||leather|#AC7434|1|
xkcd||racing-green|#014600|1|
xkcd||vivid-purple|#9900FA|1|
xkcd||dark-royal-blue|#02066F|1|
xkcd||hazel|#8E7618|1|
xkcd||muted-pink|#D1768F|1|
xkcd||booger-green|#96B403|1|
xkcd||canary|#FDFF63|1|
xkcd||cool-grey|#95A3A6|1|
xkcd||dark-taupe|#7F684E|1|
xkcd||darkish-purple|#751973|1|
xkcd||true-green|#089404|1|
xkcd||coral-pink|#FF6163|1|
xkcd||dark-sage|#598556|1|
xkcd||dark-slate-blue|#214761|1|
xkcd||flat-blue|#3C73A8|1|
xkcd||mushroom|#BA9E88|1|
xkcd||rich-blue|#021BF9|1|
xkcd||dirty-purple|#734A65|1|
xkcd||greenblue|#23C48B|1|
xkcd||icky-green|#8FAE22|1|
xkcd||light-khaki|#E6F2A2|1|
xkcd||warm-blue|#4B57DB|1|
xkcd||dark-hot-pink|#D90166|1|
xkcd||deep-sea-blue|#015482|1|
xkcd||carmine|#9D0216|1|
xkcd||dark-yellow-green|#728F02|1|
xkcd||pale-peach|#FFE5AD|1|
xkcd||plum-purple|#4E0550|1|
xkcd||golden-rod|#F9BC08|1|
xkcd||neon-red|#FF073A|1|
xkcd||old-pink|#C77986|1|
xkcd||very-pale-blue|#D6FFFE|1|
xkcd||blood-orange|#FE4B03|1|
xkcd||grapefruit|#FD5956|1|
xkcd||sand-yellow|#FCE166|1|
xkcd||clay-brown|#B2713D|1|
xkcd||dark-blue-grey|#1F3B4D|1|
xkcd||flat-green|#699D4C|1|
xkcd||light-green-blue|#56FCA2|1|
xkcd||warm-pink|#FB5581|1|
xkcd||dodger-blue|#3E82FC|1|
xkcd||gross-green|#A0BF16|1|
xkcd||ice|#D6FFFA|1|
xkcd||metallic-blue|#4F738E|1|
xkcd||pale-salmon|#FFB19A|1|
xkcd||sap-green|#5C8B15|1|
xkcd||algae|#54AC68|1|
xkcd||bluey-grey|#89A0B0|1|
xkcd||greeny-grey|#7EA07A|1|
xkcd||highlighter-green|#1BFC06|1|
xkcd||light-light-blue|#CAFFFB|1|
xkcd||light-mint|#B6FFBB|1|
xkcd||raw-umber|#A75E09|1|
xkcd||vivid-blue|#152EFF|1|
xkcd||deep-lavender|#8D5EB7|1|
xkcd||dull-teal|#5F9E8F|1|
xkcd||light-greenish-blue|#63F7B4|1|
xkcd||mud-green|#606602|1|
xkcd||pinky|#FC86AA|1|
xkcd||red-wine|#8C0034|1|
xkcd||shit-green|#758000|1|
xkcd||tan-brown|#AB7E4C|1|
xkcd||darkblue|#030764|1|
xkcd||rosa|#FE86A4|1|
xkcd||lipstick|#D5174E|1|
xkcd||pale-mauve|#FED0FC|1|
xkcd||claret|#680018|1|
xkcd||dandelion|#FEDF08|1|
xkcd||orangered|#FE420F|1|
xkcd||poop-green|#6F7C00|1|
xkcd||ruby|#CA0147|1|
xkcd||dark|#1B2431|1|
xkcd||greenish-turquoise|#00FBB0|1|
xkcd||pastel-red|#DB5856|1|
xkcd||piss-yellow|#DDD618|1|
xkcd||bright-cyan|#41FDFE|1|
xkcd||dark-coral|#CF524E|1|
xkcd||algae-green|#21C36F|1|
xkcd||darkish-red|#A90308|1|
xkcd||reddy-brown|#6E1005|1|
xkcd||blush-pink|#FE828C|1|
xkcd||camouflage-green|#4B6113|1|
xkcd||lawn-green|#4DA409|1|
xkcd||putty|#BEAE8A|1|
xkcd||vibrant-blue|#0339F8|1|
xkcd||dark-sand|#A88F59|1|
xkcd||purple-blue|#5D21D0|1|
xkcd||saffron|#FEB209|1|
xkcd||twilight|#4E518B|1|
xkcd||warm-brown|#964E02|1|
xkcd||bluegrey|#85A3B2|1|
xkcd||bubble-gum-pink|#FF69AF|1|
xkcd||duck-egg-blue|#C3FBF4|1|
xkcd||greenish-cyan|#2AFEB7|1|
xkcd||petrol|#005F6A|1|
xkcd||royal|#0C1793|1|
xkcd||butter|#FFFF81|1|
xkcd||dusty-orange|#F0833A|1|
xkcd||off-yellow|#F1F33F|1|
xkcd||pale-olive-green|#B1D27B|1|
xkcd||orangish|#FC824A|1|
xkcd||leaf|#71AA34|1|
xkcd||light-blue-grey|#B7C9E2|1|
xkcd||dried-blood|#4B0101|1|
xkcd||lightish-purple|#A552E6|1|
xkcd||rusty-red|#AF2F0D|1|
xkcd||lavender-blue|#8B88F8|1|
xkcd||light-grass-green|#9AF764|1|
xkcd||light-mint-green|#A6FBB2|1|
xkcd||sunflower|#FFC512|1|
xkcd||velvet|#750851|1|
xkcd||brick-orange|#C14A09|1|
xkcd||lightish-red|#FE2F4A|1|
xkcd||pure-blue|#0203E2|1|
xkcd||twilight-blue|#0A437A|1|
xkcd||violet-red|#A50055|1|
xkcd||yellowy-brown|#AE8B0C|1|
xkcd||carnation|#FD798F|1|
xkcd||muddy-yellow|#BFAC05|1|
xkcd||dark-seafoam-green|#3EAF76|1|
xkcd||deep-rose|#C74767|1|
xkcd||dusty-red|#B9484E|1|
xkcd||grey-blue|#647D8E|1|
xkcd||lemon-lime|#BFFE28|1|
xkcd||purple-pink|#D725DE|1|
xkcd||brown-yellow|#B29705|1|
xkcd||purple-brown|#673A3F|1|
xkcd||wisteria|#A87DC2|1|
xkcd||banana-yellow|#FAFE4B|1|
xkcd||lipstick-red|#C0022F|1|
xkcd||water-blue|#0E87CC|1|
xkcd||brown-grey|#8D8468|1|
xkcd||vibrant-purple|#AD03DE|1|
xkcd||baby-green|#8CFF9E|1|
xkcd||barf-green|#94AC02|1|
xkcd||eggshell-blue|#C4FFF7|1|
xkcd||sandy-yellow|#FDEE73|1|
xkcd||cool-green|#33B864|1|
xkcd||pale|#FFF9D0|1|
xkcd||blue-grey|#758DA3|1|
xkcd||hot-magenta|#F504C9|1|
xkcd||greyblue|#77A1B5|1|
xkcd||purpley|#8756E4|1|
xkcd||baby-shit-green|#889717|1|
xkcd||brownish-pink|#C27E79|1|
xkcd||dark-aquamarine|#017371|1|
xkcd||diarrhea|#9F8303|1|
xkcd||light-mustard|#F7D560|1|
xkcd||pale-sky-blue|#BDF6FE|1|
xkcd||turtle-green|#75B84F|1|
xkcd||bright-olive|#9CBB04|1|
xkcd||dark-grey-blue|#29465B|1|
xkcd||greeny-brown|#696006|1|
xkcd||lemon-green|#ADF802|1|
xkcd||light-periwinkle|#C1C6FC|1|
xkcd||seaweed-green|#35AD6B|1|
xkcd||sunshine-yellow|#FFFD37|1|
xkcd||ugly-purple|#A442A0|1|
xkcd||medium-pink|#F36196|1|
xkcd||puke-brown|#947706|1|
xkcd||very-light-pink|#FFF4F2|1|
xkcd||viridian|#1E9167|1|
xkcd||bile|#B5C306|1|
xkcd||faded-yellow|#FEFF7F|1|
xkcd||very-pale-green|#CFFDBC|1|
xkcd||vibrant-green|#0ADD08|1|
xkcd||bright-lime|#87FD05|1|
xkcd||spearmint|#1EF876|1|
xkcd||light-aquamarine|#7BFDC7|1|
xkcd||light-sage|#BCECAC|1|
xkcd||yellowgreen|#BBF90F|1|
xkcd||baby-poo|#AB9004|1|
xkcd||dark-seafoam|#1FB57A|1|
xkcd||deep-teal|#00555A|1|
xkcd||heather|#A484AC|1|
xkcd||rust-orange|#C45508|1|
xkcd||dirty-blue|#3F829D|1|
xkcd||fern-green|#548D44|1|
xkcd||bright-lilac|#C95EFB|1|
xkcd||weird-green|#3AE57F|1|
xkcd||peacock-blue|#016795|1|
xkcd||avocado-green|#87A922|1|
xkcd||faded-orange|#F0944D|1|
xkcd||grape-purple|#5D1451|1|
xkcd||hot-green|#25FF29|1|
xkcd||lime-yellow|#D0FE1D|1|
xkcd||mango|#FFA62B|1|
xkcd||shamrock|#01B44C|1|
xkcd||bubblegum|#FF6CB5|1|
xkcd||purplish-brown|#6B4247|1|
xkcd||vomit-yellow|#C7C10C|1|
xkcd||pale-cyan|#B7FFFA|1|
xkcd||key-lime|#AEFF6E|1|
xkcd||tomato-red|#EC2D01|1|
xkcd||lightgreen|#76FF7B|1|
xkcd||merlot|#730039|1|
xkcd||night-blue|#040348|1|
xkcd||purpleish-pink|#DF4EC8|1|
xkcd||apple|#6ECB3C|1|
xkcd||baby-poop-green|#8F9805|1|
xkcd||green-apple|#5EDC1F|1|
xkcd||heliotrope|#D94FF5|1|
xkcd||yellow-green|#C8FD3D|1|
xkcd||almost-black|#070D0D|1|
xkcd||cool-blue|#4984B8|1|
xkcd||leafy-green|#51B73B|1|
xkcd||mustard-brown|#AC7E04|1|
xkcd||dusk|#4E5481|1|
xkcd||dull-brown|#876E4B|1|
xkcd||frog-green|#58BC08|1|
xkcd||vivid-green|#2FEF10|1|
xkcd||bright-light-green|#2DFE54|1|
xkcd||fluro-green|#0AFF02|1|
xkcd||kiwi|#9CEF43|1|
xkcd||seaweed|#18D17B|1|
xkcd||navy-green|#35530A|1|
xkcd||ultramarine-blue|#1805DB|1|
xkcd||iris|#6258C4|1|
xkcd||pastel-orange|#FF964F|1|
xkcd||yellowish-orange|#FFAB0F|1|
xkcd||perrywinkle|#8F8CE7|1|
xkcd||tealish|#24BCA8|1|
xkcd||dark-plum|#3F012C|1|
xkcd||pear|#CBF85F|1|
xkcd||pinkish-orange|#FF724C|1|
xkcd||midnight-purple|#280137|1|
xkcd||light-urple|#B36FF6|1|
xkcd||dark-mint|#48C072|1|
xkcd||greenish-tan|#BCCB7A|1|
xkcd||light-burgundy|#A8415B|1|
xkcd||turquoise-blue|#06B1C4|1|
xkcd||ugly-pink|#CD7584|1|
xkcd||sandy|#F1DA7A|1|
xkcd||electric-pink|#FF0490|1|
xkcd||muted-purple|#805B87|1|
xkcd||mid-green|#50A747|1|
xkcd||greyish|#A8A495|1|
xkcd||neon-yellow|#CFFF04|1|
xkcd||banana|#FFFF7E|1|
xkcd||carnation-pink|#FF7FA7|1|
xkcd||tomato|#EF4026|1|
xkcd||sea|#3C9992|1|
xkcd||muddy-brown|#886806|1|
xkcd||turquoise-green|#04F489|1|
xkcd||buff|#FEF69E|1|
xkcd||fawn|#CFAF7B|1|
xkcd||muted-blue|#3B719F|1|
xkcd||pale-rose|#FDC1C5|1|
xkcd||dark-mint-green|#20C073|1|
xkcd||amethyst|#9B5FC0|1|
xkcd||blue-green|#0F9B8E|1|
xkcd||chestnut|#742802|1|
xkcd||sick-green|#9DB92C|1|
xkcd||pea|#A4BF20|1|
xkcd||rusty-orange|#CD5909|1|
xkcd||stone|#ADA587|1|
xkcd||rose-red|#BE013C|1|
xkcd||pale-aqua|#B8FFEB|1|
xkcd||deep-orange|#DC4D01|1|
xkcd||earth|#A2653E|1|
xkcd||mossy-green|#638B27|1|
xkcd||grassy-green|#419C03|1|
xkcd||pale-lime-green|#B1FF65|1|
xkcd||light-grey-blue|#9DBCD4|1|
xkcd||pale-grey|#FDFDFE|1|
xkcd||asparagus|#77AB56|1|
xkcd||blueberry|#464196|1|
xkcd||purple-red|#990147|1|
xkcd||pale-lime|#BEFD73|1|
xkcd||greenish-teal|#32BF84|1|
xkcd||caramel|#AF6F09|1|
xkcd||deep-magenta|#A0025C|1|
xkcd||light-peach|#FFD8B1|1|
xkcd||milk-chocolate|#7F4E1E|1|
xkcd||ocher|#BF9B0C|1|
xkcd||off-green|#6BA353|1|
xkcd||purply-pink|#F075E6|1|
xkcd||lightblue|#7BC8F6|1|
xkcd||dusky-blue|#475F94|1|
xkcd||golden|#F5BF03|1|
xkcd||light-beige|#FFFEB6|1|
xkcd||butter-yellow|#FFFD74|1|
xkcd||dusky-purple|#895B7B|1|
xkcd||french-blue|#436BAD|1|
xkcd||ugly-yellow|#D0C101|1|
xkcd||greeny-yellow|#C6F808|1|
xkcd||orangish-red|#F43605|1|
xkcd||shamrock-green|#02C14D|1|
xkcd||orangish-brown|#B25F03|1|
xkcd||tree-green|#2A7E19|1|
xkcd||deep-violet|#490648|1|
xkcd||gunmetal|#536267|1|
xkcd||blue-purple|#5A06EF|1|
xkcd||cherry|#CF0234|1|
xkcd||sandy-brown|#C4A661|1|
xkcd||warm-grey|#978A84|1|
xkcd||dark-indigo|#1F0954|1|
xkcd||midnight|#03012D|1|
xkcd||bluey-green|#2BB179|1|
xkcd||grey-pink|#C3909B|1|
xkcd||soft-purple|#A66FB5|1|
xkcd||blood|#770001|1|
xkcd||brown-red|#922B05|1|
xkcd||medium-grey|#7D7F7C|1|
xkcd||berry|#990F4B|1|
xkcd||poo|#8F7303|1|
xkcd||purpley-pink|#C83CB9|1|
xkcd||light-salmon|#FEA993|1|
xkcd||snot|#ACBB0D|1|
xkcd||easter-purple|#C071FE|1|
xkcd||light-yellow-green|#CCFD7F|1|
xkcd||dark-navy-blue|#00022E|1|
xkcd||drab|#828344|1|
xkcd||light-rose|#FFC5CB|1|
xkcd||rouge|#AB1239|1|
xkcd||purplish-red|#B0054B|1|
xkcd||slime-green|#99CC04|1|
xkcd||baby-poop|#937C00|1|
xkcd||irish-green|#019529|1|
xkcd||pink-purple|#EF1DE7|1|
xkcd||dark-navy|#000435|1|
xkcd||greeny-blue|#42B395|1|
xkcd||light-plum|#9D5783|1|
xkcd||pinkish-grey|#C8ACA9|1|
xkcd||dirty-orange|#C87606|1|
xkcd||rust-red|#AA2704|1|
xkcd||pale-lilac|#E4CBFF|1|
xkcd||orangey-red|#FA4224|1|
xkcd||primary-blue|#0804F9|1|
xkcd||kermit-green|#5CB200|1|
xkcd||brownish-purple|#76424E|1|
xkcd||murky-green|#6C7A0E|1|
xkcd||wheat|#FBDD7E|1|
xkcd||very-dark-purple|#2A0134|1|
xkcd||bottle-green|#044A05|1|
xkcd||watermelon|#FD4659|1|
xkcd||deep-sky-blue|#0D75F8|1|
xkcd||fire-engine-red|#FE0002|1|
xkcd||yellow-ochre|#CB9D06|1|
xkcd||pumpkin-orange|#FB7D07|1|
xkcd||pale-olive|#B9CC81|1|
xkcd||light-lilac|#EDC8FF|1|
xkcd||lightish-green|#61E160|1|
xkcd||carolina-blue|#8AB8FE|1|
xkcd||mulberry|#920A4E|1|
xkcd||shocking-pink|#FE02A2|1|
xkcd||auburn|#9A3001|1|
xkcd||bright-lime-green|#65FE08|1|
xkcd||celadon|#BEFDB7|1|
xkcd||pinkish-brown|#B17261|1|
xkcd||poo-brown|#885F01|1|
xkcd||bright-sky-blue|#02CCFE|1|
xkcd||celery|#C1FD95|1|
xkcd||dirt-brown|#836539|1|
xkcd||strawberry|#FB2943|1|
xkcd||dark-lime|#84B701|1|
xkcd||copper|#B66325|1|
xkcd||medium-brown|#7F5112|1|
xkcd||muted-green|#5FA052|1|
xkcd||robin-s-egg|#6DEDFD|1|
xkcd||bright-aqua|#0BF9EA|1|
xkcd||bright-lavender|#C760FF|1|
xkcd||ivory|#FFFFCB|1|
xkcd||very-light-purple|#F6CEFC|1|
xkcd||light-navy|#155084|1|
xkcd||pink-red|#F5054F|1|
xkcd||olive-brown|#645403|1|
xkcd||poop-brown|#7A5901|1|
xkcd||mustard-green|#A8B504|1|
xkcd||ocean-green|#3D9973|1|
xkcd||very-dark-blue|#000133|1|
xkcd||dusty-green|#76A973|1|
xkcd||light-navy-blue|#2E5A88|1|
xkcd||minty-green|#0BF77D|1|
xkcd||adobe|#BD6C48|1|
xkcd||barney|#AC1DB8|1|
xkcd||jade-green|#2BAF6A|1|
xkcd||bright-light-blue|#26F7FD|1|
xkcd||light-lime|#AEFD6C|1|
xkcd||dark-khaki|#9B8F55|1|
xkcd||orange-yellow|#FFAD01|1|
xkcd||ocre|#C69C04|1|
xkcd||maize|#F4D054|1|
xkcd||faded-pink|#DE9DAC|1|
xkcd||british-racing-green|#05480D|1|
xkcd||sandstone|#C9AE74|1|
xkcd||mud-brown|#60460F|1|
xkcd||light-sea-green|#98F6B0|1|
xkcd||robin-egg-blue|#8AF1FE|1|
xkcd||aqua-marine|#2EE8BB|1|
xkcd||dark-sea-green|#11875D|1|
xkcd||soft-pink|#FDB0C0|1|
xkcd||orangey-brown|#B16002|1|
xkcd||cherry-red|#F7022A|1|
xkcd||burnt-yellow|#D5AB09|1|
xkcd||brownish-grey|#86775F|1|
xkcd||camel|#C69F59|1|
xkcd||purplish-grey|#7A687F|1|
xkcd||marine|#042E60|1|
xkcd||greyish-pink|#C88D94|1|
xkcd||pale-turquoise|#A5FBD5|1|
xkcd||pastel-yellow|#FFFE71|1|
xkcd||bluey-purple|#6241C7|1|
xkcd||canary-yellow|#FFFE40|1|
xkcd||faded-red|#D3494E|1|
xkcd||sepia|#985E2B|1|
xkcd||coffee|#A6814C|1|
xkcd||bright-magenta|#FF08E8|1|
xkcd||mocha|#9D7651|1|
xkcd||ecru|#FEFFCA|1|
xkcd||purpleish|#98568D|1|
xkcd||cranberry|#9E003A|1|
xkcd||darkish-green|#287C37|1|
xkcd||brown-orange|#B96902|1|
xkcd||dusky-rose|#BA6873|1|
xkcd||melon|#FF7855|1|
xkcd||sickly-green|#94B21C|1|
xkcd||silver|#C5C9C7|1|
xkcd||purply-blue|#661AEE|1|
xkcd||purpleish-blue|#6140EF|1|
xkcd||hospital-green|#9BE5AA|1|
xkcd||shit-brown|#7B5804|1|
xkcd||mid-blue|#276AB3|1|
xkcd||amber|#FEB308|1|
xkcd||easter-green|#8CFD7E|1|
xkcd||soft-blue|#6488EA|1|
xkcd||cerulean-blue|#056EEE|1|
xkcd||golden-brown|#B27A01|1|
xkcd||bright-turquoise|#0FFEF9|1|
xkcd||red-pink|#FA2A55|1|
xkcd||red-purple|#820747|1|
xkcd||greyish-brown|#7A6A4F|1|
xkcd||vermillion|#F4320C|1|
xkcd||russet|#A13905|1|
xkcd||steel-grey|#6F828A|1|
xkcd||lighter-purple|#A55AF4|1|
xkcd||bright-violet|#AD0AFD|1|
xkcd||prussian-blue|#004577|1|
xkcd||slate-green|#658D6D|1|
xkcd||dirty-pink|#CA7B80|1|
xkcd||dark-blue-green|#005249|1|
xkcd||pine|#2B5D34|1|
xkcd||yellowy-green|#BFF128|1|
xkcd||dark-gold|#B59410|1|
xkcd||bluish|#2976BB|1|
xkcd||darkish-blue|#014182|1|
xkcd||dull-red|#BB3F3F|1|
xkcd||pinky-red|#FC2647|1|
xkcd||bronze|#A87900|1|
xkcd||pale-teal|#82CBB2|1|
xkcd||military-green|#667C3E|1|
xkcd||barbie-pink|#FE46A5|1|
xkcd||bubblegum-pink|#FE83CC|1|
xkcd||pea-soup-green|#94A617|1|
xkcd||dark-mustard|#A88905|1|
xkcd||shit|#7F5F00|1|
xkcd||medium-purple|#9E43A2|1|
xkcd||very-dark-green|#062E03|1|
xkcd||dirt|#8A6E45|1|
xkcd||dusky-pink|#CC7A8B|1|
xkcd||red-violet|#9E0168|1|
xkcd||lemon-yellow|#FDFF38|1|
xkcd||pistachio|#C0FA8B|1|
xkcd||dull-yellow|#EEDC5B|1|
xkcd||dark-lime-green|#7EBD01|1|
xkcd||denim-blue|#3B5B92|1|
xkcd||teal-blue|#01889F|1|
xkcd||lightish-blue|#3D7AFD|1|
xkcd||purpley-blue|#5F34E7|1|
xkcd||light-indigo|#6D5ACF|1|
xkcd||swamp-green|#748500|1|
xkcd||brown-green|#706C11|1|
xkcd||dark-maroon|#3C0008|1|
xkcd||hot-purple|#CB00F5|1|
xkcd||dark-forest-green|#002D04|1|
xkcd||faded-blue|#658CBB|1|
xkcd||drab-green|#749551|1|
xkcd||light-lime-green|#B9FF66|1|
xkcd||snot-green|#9DC100|1|
xkcd||yellowish|#FAEE66|1|
xkcd||light-blue-green|#7EFBB3|1|
xkcd||bordeaux|#7B002C|1|
xkcd||light-mauve|#C292A1|1|
xkcd||ocean|#017B92|1|
xkcd||marigold|#FCC006|1|
xkcd||muddy-green|#657432|1|
xkcd||dull-orange|#D8863B|1|
xkcd||steel|#738595|1|
xkcd||electric-purple|#AA23FF|1|
xkcd||fluorescent-green|#08FF08|1|
xkcd||yellowish-brown|#9B7A01|1|
xkcd||blush|#F29E8E|1|
xkcd||soft-green|#6FC276|1|
xkcd||bright-orange|#FF5B00|1|
xkcd||lemon|#FDFF52|1|
xkcd||purple-grey|#866F85|1|
xkcd||acid-green|#8FFE09|1|
xkcd||pale-lavender|#EECFFE|1|
xkcd||violet-blue|#510AC9|1|
xkcd||light-forest-green|#4F9153|1|
xkcd||burnt-red|#9F2305|1|
xkcd||khaki-green|#728639|1|
xkcd||cerise|#DE0C62|1|
xkcd||faded-purple|#916E99|1|
xkcd||apricot|#FFB16D|1|
xkcd||dark-olive-green|#3C4D03|1|
xkcd||grey-brown|#7F7053|1|
xkcd||green-grey|#77926F|1|
xkcd||true-blue|#010FCC|1|
xkcd||pale-violet|#CEAEFA|1|
xkcd||periwinkle-blue|#8F99FB|1|
xkcd||light-sky-blue|#C6FCFF|1|
xkcd||blurple|#5539CC|1|
xkcd||green-brown|#544E03|1|
xkcd||bluegreen|#017A79|1|
xkcd||bright-teal|#01F9C6|1|
xkcd||brownish-yellow|#C9B003|1|
xkcd||pea-soup|#929901|1|
xkcd||forest|#0B5509|1|
xkcd||barney-purple|#A00498|1|
xkcd||ultramarine|#2000B1|1|
xkcd||purplish|#94568C|1|
xkcd||puke-yellow|#C2BE0E|1|
xkcd||bluish-grey|#748B97|1|
xkcd||dark-periwinkle|#665FD1|1|
xkcd||dark-lilac|#9C6DA5|1|
xkcd||reddish|#C44240|1|
xkcd||light-maroon|#A24857|1|
xkcd||dusty-purple|#825F87|1|
xkcd||terra-cotta|#C9643B|1|
xkcd||avocado|#90B134|1|
xkcd||marine-blue|#01386A|1|
xkcd||teal-green|#25A36F|1|
xkcd||slate-grey|#59656D|1|
xkcd||lighter-green|#75FD63|1|
xkcd||electric-green|#21FC0D|1|
xkcd||dusty-blue|#5A86AD|1|
xkcd||golden-yellow|#FEC615|1|
xkcd||bright-yellow|#FFFD01|1|
xkcd||light-lavender|#DFC5FE|1|
xkcd||umber|#B26400|1|
xkcd||poop|#7F5E00|1|
xkcd||dark-peach|#DE7E5D|1|
xkcd||jungle-green|#048243|1|
xkcd||eggshell|#FFFFD4|1|
xkcd||denim|#3B638C|1|
xkcd||yellow-brown|#B79400|1|
xkcd||dull-purple|#84597E|1|
xkcd||chocolate-brown|#411900|1|
xkcd||wine-red|#7B0323|1|
xkcd||neon-blue|#04D9FF|1|
xkcd||dirty-green|#667E2C|1|
xkcd||light-tan|#FBEEAC|1|
xkcd||ice-blue|#D7FFFE|1|
xkcd||cadet-blue|#4E7496|1|
xkcd||dark-mauve|#874C62|1|
xkcd||very-light-blue|#D5FFFF|1|
xkcd||grey-purple|#826D8C|1|
xkcd||pastel-pink|#FFBACD|1|
xkcd||very-light-green|#D1FFBD|1|
xkcd||dark-sky-blue|#448EE4|1|
xkcd||evergreen|#05472A|1|
xkcd||dull-pink|#D5869D|1|
xkcd||aubergine|#3D0734|1|
xkcd||mahogany|#4A0100|1|
xkcd||reddish-orange|#F8481C|1|
xkcd||deep-green|#02590F|1|
xkcd||vomit-green|#89A203|1|
xkcd||purple-pink|#E03FD8|1|
xkcd||dusty-pink|#D58A94|1|
xkcd||faded-green|#7BB274|1|
xkcd||camo-green|#526525|1|
xkcd||pinky-purple|#C94CBE|1|
xkcd||pink-purple|#DB4BDA|1|
xkcd||brownish-red|#9E3623|1|
xkcd||dark-rose|#B5485D|1|
xkcd||mud|#735C12|1|
xkcd||brownish|#9C6D57|1|
xkcd||emerald-green|#028F1E|1|
xkcd||pale-brown|#B1916E|1|
xkcd||dull-blue|#49759C|1|
xkcd||burnt-umber|#A0450E|1|
xkcd||medium-green|#39AD48|1|
xkcd||clay|#B66A50|1|
xkcd||light-aqua|#8CFFDB|1|
xkcd||light-olive-green|#A4BE5C|1|
xkcd||brownish-orange|#CB7723|1|
xkcd||dark-aqua|#05696B|1|
xkcd||purplish-pink|#CE5DAE|1|
xkcd||dark-salmon|#C85A53|1|
xkcd||greenish-grey|#96AE8D|1|
xkcd||jade|#1FA774|1|
xkcd||ugly-green|#7A9703|1|
xkcd||dark-beige|#AC9362|1|
xkcd||emerald|#01A049|1|
xkcd||pale-red|#D9544D|1|
xkcd||light-magenta|#FA5FF7|1|
xkcd||sky|#82CAFC|1|
xkcd||light-cyan|#ACFFFC|1|
xkcd||yellow-orange|#FCB001|1|
xkcd||reddish-purple|#910951|1|
xkcd||reddish-pink|#FE2C54|1|
xkcd||orchid|#C875C4|1|
xkcd||dirty-yellow|#CDC50A|1|
xkcd||orange-red|#FD411E|1|
xkcd||deep-red|#9A0200|1|
xkcd||orange-brown|#BE6400|1|
xkcd||cobalt-blue|#030AA7|1|
xkcd||neon-pink|#FE019A|1|
xkcd||rose-pink|#F7879A|1|
xkcd||greyish-purple|#887191|1|
xkcd||raspberry|#B00149|1|
xkcd||aqua-green|#12E193|1|
xkcd||salmon-pink|#FE7B7C|1|
xkcd||tangerine|#FF9408|1|
xkcd||brownish-green|#6A6E09|1|
xkcd||red-brown|#8B2E16|1|
xkcd||greenish-brown|#696112|1|
xkcd||pumpkin|#E17701|1|
xkcd||pine-green|#0A481E|1|
xkcd||charcoal|#343837|1|
xkcd||baby-pink|#FFB7CE|1|
xkcd||cornflower|#6A79F7|1|
xkcd||blue-violet|#5D06E9|1|
xkcd||chocolate|#3D1C02|1|
xkcd||greyish-green|#82A67D|1|
xkcd||scarlet|#BE0119|1|
xkcd||green-yellow|#C9FF27|1|
xkcd||dark-olive|#373E02|1|
xkcd||sienna|#A9561E|1|
xkcd||pastel-purple|#CAA0FF|1|
xkcd||terracotta|#CA6641|1|
xkcd||aqua-blue|#02D8E9|1|
xkcd||sage-green|#88B378|1|
xkcd||blood-red|#980002|1|
xkcd||deep-pink|#CB0162|1|
xkcd||grass|#5CAC2D|1|
xkcd||moss|#769958|1|
xkcd||pastel-blue|#A2BFFE|1|
xkcd||bluish-green|#10A674|1|
xkcd||green-blue|#06B48B|1|
xkcd||dark-tan|#AF884A|1|
xkcd||greenish-blue|#0B8B87|1|
xkcd||pale-orange|#FFA756|1|
xkcd||vomit|#A2A415|1|
xkcd||forrest-green|#154406|1|
xkcd||dark-lavender|#856798|1|
xkcd||dark-violet|#34013F|1|
xkcd||purple-blue|#632DE9|1|
xkcd||dark-cyan|#0A888A|1|
xkcd||olive-drab|#6F7632|1|
xkcd||pinkish|#D46A7E|1|
xkcd||cobalt|#1E488F|1|
xkcd||neon-purple|#BC13FE|1|
xkcd||light-turquoise|#7EF4CC|1|
xkcd||apple-green|#76CD26|1|
xkcd||dull-green|#74A662|1|
xkcd||wine|#80013F|1|
xkcd||powder-blue|#B1D1FC|1|
xkcd||off-white|#FFFFE4|1|
xkcd||electric-blue|#0652FF|1|
xkcd||dark-turquoise|#045C5A|1|
xkcd||blue-purple|#5729CE|1|
xkcd||azure|#069AF3|1|
xkcd||bright-red|#FF000D|1|
xkcd||pinkish-red|#F10C45|1|
xkcd||cornflower-blue|#5170D7|1|
xkcd||light-olive|#ACBF69|1|
xkcd||grape|#6C3461|1|
xkcd||greyish-blue|#5E819D|1|
xkcd||purplish-blue|#601EF9|1|
xkcd||yellowish-green|#B0DD16|1|
xkcd||greenish-yellow|#CDFD02|1|
xkcd||medium-blue|#2C6FBB|1|
xkcd||dusty-rose|#C0737A|1|
xkcd||light-violet|#D6B4FC|1|
xkcd||midnight-blue|#020035|1|
xkcd||bluish-purple|#703BE7|1|
xkcd||red-orange|#FD3C06|1|
xkcd||dark-magenta|#960056|1|
xkcd||greenish|#40A368|1|
xkcd||ocean-blue|#03719C|1|
xkcd||coral|#FC5A50|1|
xkcd||cream|#FFFFC2|1|
xkcd||reddish-brown|#7F2B0A|1|
xkcd||burnt-sienna|#B04E0F|1|
xkcd||brick|#A03623|1|
xkcd||sage|#87AE73|1|
xkcd||grey-green|#789B73|1|
xkcd||white|#FFFFFF|1|
xkcd||robin-s-egg-blue|#98EFF9|1|
xkcd||moss-green|#658B38|1|
xkcd||steel-blue|#5A7D9A|1|
xkcd||eggplant|#380835|1|
xkcd||light-yellow|#FFFE7A|1|
xkcd||leaf-green|#5CA904|1|
xkcd||light-grey|#D8DCD6|1|
xkcd||puke|#A5A502|1|
xkcd||pinkish-purple|#D648D7|1|
xkcd||sea-blue|#047495|1|
xkcd||pale-purple|#B790D4|1|
xkcd||slate-blue|#5B7C99|1|
xkcd||blue-grey|#607C8E|1|
xkcd||hunter-green|#0B4008|1|
xkcd||fuchsia|#ED0DD9|1|
xkcd||crimson|#8C000F|1|
xkcd||pale-yellow|#FFFF84|1|
xkcd||ochre|#BF9005|1|
xkcd||mustard-yellow|#D2BD0A|1|
xkcd||light-red|#FF474C|1|
xkcd||cerulean|#0485D1|1|
xkcd||pale-pink|#FFCFDC|1|
xkcd||deep-blue|#040273|1|
xkcd||rust|#A83C09|1|
xkcd||light-teal|#90E4C1|1|
xkcd||slate|#516572|1|
xkcd||goldenrod|#FAC205|1|
xkcd||dark-yellow|#D5B60A|1|
xkcd||dark-grey|#363737|1|
xkcd||army-green|#4B5D16|1|
xkcd||grey-blue|#6B8BA4|1|
xkcd||seafoam|#80F9AD|1|
xkcd||puce|#A57E52|1|
xkcd||spring-green|#A9F971|1|
xkcd||dark-orange|#C65102|1|
xkcd||sand|#E2CA76|1|
xkcd||pastel-green|#B0FF9D|1|
xkcd||mint|#9FFEB0|1|
xkcd||light-orange|#FDAA48|1|
xkcd||bright-pink|#FE01B1|1|
xkcd||chartreuse|#C1F80A|1|
xkcd||deep-purple|#36013F|1|
xkcd||dark-brown|#341C02|1|
xkcd||taupe|#B9A281|1|
xkcd||pea-green|#8EAB12|1|
xkcd||puke-green|#9AAE07|1|
xkcd||kelly-green|#02AB2E|1|
xkcd||seafoam-green|#7AF9AB|1|
xkcd||blue-green|#137E6D|1|
xkcd||khaki|#AAA662|1|
xkcd||burgundy|#610023|1|
xkcd||dark-teal|#014D4E|1|
xkcd||brick-red|#8F1402|1|
xkcd||royal-purple|#4B006E|1|
xkcd||plum|#580F41|1|
xkcd||mint-green|#8FFF9F|1|
xkcd||gold|#DBB40C|1|
xkcd||baby-blue|#A2CFFE|1|
xkcd||yellow-green|#C0FB2D|1|
xkcd||bright-purple|#BE03FD|1|
xkcd||dark-red|#840000|1|
xkcd||pale-blue|#D0FEFE|1|
xkcd||grass-green|#3F9B0B|1|
xkcd||navy|#01153E|1|
xkcd||aquamarine|#04D8B2|1|
xkcd||burnt-orange|#C04E01|1|
xkcd||neon-green|#0CFF0C|1|
xkcd||bright-blue|#0165FC|1|
xkcd||rose|#CF6275|1|
xkcd||light-pink|#FFD1DF|1|
xkcd||mustard|#CEB301|1|
xkcd||indigo|#380282|1|
xkcd||lime|#AAFF32|1|
xkcd||sea-green|#53FCA1|1|
xkcd||periwinkle|#8E82FE|1|
xkcd||dark-pink|#CB416B|1|
xkcd||olive-green|#677A04|1|
xkcd||peach|#FFB07C|1|
xkcd||pale-green|#C7FDB5|1|
xkcd||light-brown|#AD8150|1|
xkcd||hot-pink|#FF028D|1|
xkcd||black|#000000|1|
xkcd||lilac|#CEA2FD|1|
xkcd||navy-blue|#001146|1|
xkcd||royal-blue|#0504AA|1|
xkcd||beige|#E6DAA6|1|
xkcd||salmon|#FF796C|1|
xkcd||olive|#6E750E|1|
xkcd||maroon|#650021|1|
xkcd||bright-green|#01FF07|1|
xkcd||dark-purple|#35063E|1|
xkcd||mauve|#AE7181|1|
xkcd||forest-green|#06470C|1|
xkcd||aqua|#13EAC9|1|
xkcd||cyan|#00FFFF|1|
xkcd||tan|#D1B26F|1|
xkcd||dark-blue|#00035B|1|
xkcd||lavender|#C79FEF|1|
xkcd||turquoise|#06C2AC|1|
xkcd||dark-green|#033500|1|
xkcd||violet|#9A0EEA|1|
xkcd||light-purple|#BF77F6|1|
xkcd||lime-green|#89FE05|1|
xkcd||grey|#929591|1|
xkcd||sky-blue|#75BBFD|1|
xkcd||yellow|#FFFF14|1|
xkcd||magenta|#C20078|1|
xkcd||light-green|#96F97B|1|
xkcd||orange|#F97306|1|
xkcd||teal|#029386|1|
xkcd||light-blue|#95D0FC|1|
xkcd||red|#E50000|1|
xkcd||brown|#653700|1|
xkcd||pink|#FF81C0|1|
xkcd||blue|#0343DF|1|
xkcd||green|#15B01A|1|
xkcd||purple|#7E1E9C|1|
